0,0.0984738,0.0985666,0.0988448,0.0993076,0.0999542,0.100783,0.101793,0.102981,0.104345,0.105882,0.107588,0.10946,0.111493,0.113683,0.116023,0.118508,0.121131,0.123885,0.126764,0.129758,0.132858,0.136056,0.139342,0.142705,0.146134,0.149617,0.153144,0.1567,0.160275,0.163854,0.167425,0.170973,0.174487,0.177952,0.181354,0.184682,0.187921,0.191061,0.194088,0.196991,0.199759,0.202382,0.20485,0.207155,0.209286,0.211236,0.212997,0.214562,0.215925,0.217079,0.218018,0.218736,0.219228,0.21949,0.219518,0.219307,0.218857,0.218164,0.217229,0.216052,0.214635,0.212983,0.211101,0.208996,0.206679,0.204159,0.201451,0.19857,0.195533,0.192357,0.189062,0.185669,0.182199,0.178674,0.175115,0.171544,0.167983,0.164452,0.160972,0.157562,0.154239,0.151022,0.147926,0.144966,0.142155,0.139507,0.137032,0.134741,0.132642,0.130744,0.129054,0.127577,0.126319,0.125284,0.124475,0.123896,0.123548,0.123431,0
0.0984741,0.0983816,0.0984741,0.0987515,0.0992129,0.0998576,0.100684,0.101691,0.102876,0.104236,0.105768,0.107469,0.109335,0.111362,0.113545,0.115877,0.118354,0.120969,0.123715,0.126584,0.129568,0.132658,0.135845,0.139119,0.14247,0.145887,0.149358,0.152872,0.156415,0.159977,0.163543,0.1671,0.170635,0.174136,0.177587,0.180977,0.184292,0.187519,0.190647,0.193662,0.196554,0.199312,0.201926,0.204385,0.20668,0.208803,0.210746,0.2125,0.214059,0.215416,0.216565,0.217499,0.218213,0.218702,0.218962,0.218987,0.218776,0.218326,0.217634,0.216701,0.215527,0.214115,0.212469,0.210594,0.208498,0.20619,0.203682,0.200987,0.19812,0.195097,0.191936,0.188658,0.185282,0.181829,0.178321,0.17478,0.171226,0.167682,0.164168,0.160704,0.157309,0.154001,0.150798,0.147715,0.144767,0.141968,0.139331,0.136865,0.134583,0.132492,0.130601,0.128917,0.127445,0.126192,0.12516,0.124355,0.123777,0.12343,0.123315,0.12343
0.0985666,0.0984738,0.0985666,0.0988448,0.0993076,0.0999542,0.100783,0.101793,0.102981,0.104345,0.105882,0.107588,0.10946,0.111493,0.113683,0.116023,0.118508,0.121131,0.123885,0.126764,0.129758,0.132858,0.136056,0.139342,0.142705,0.146134,0.149617,0.153144,0.1567,0.160275,0.163854,0.167425,0.170973,0.174487,0.177952,0.181354,0.184682,0.187921,0.191061,0.194088,0.196991,0.199759,0.202382,0.20485,0.207155,0.209286,0.211236,0.212997,0.214562,0.215925,0.217079,0.218018,0.218736,0.219228,0.21949,0.219518,0.219307,0.218857,0.218164,0.217229,0.216052,0.214635,0.212983,0.211101,0.208996,0.206679,0.204159,0.201451,0.19857,0.195533,0.192357,0.189062,0.185669,0.182199,0.178674,0.175115,0.171544,0.167983,0.164452,0.160972,0.157562,0.154239,0.151022,0.147926,0.144966,0.142155,0.139507,0.137032,0.134741,0.132642,0.130744,0.129054,0.127577,0.126319,0.125284,0.124475,0.123896,0.123548,0.123431,0.123548
0.0988438,0.0987501,0.0988438,0.0991243,0.0995912,0.100243,0.10108,0.102098,0.103297,0.104673,0.106224,0.107946,0.109835,0.111887,0.114097,0.116459,0.118967,0.121616,0.124397,0.127304,0.130328,0.13346,0.136691,0.14001,0.143408,0.146874,0.150395,0.15396,0.157556,0.16117,0.164789,0.1684,0.171988,0.175542,0.179046,0.182487,0.185853,0.189129,0.192304,0.195365,0.198301,0.201101,0.203753,0.206249,0.208579,0.210735,0.212707,0.21449,0.216074,0.217454,0.218623,0.219576,0.220305,0.220808,0.221077,0.22111,0.220903,0.220452,0.219756,0.218815,0.217628,0.216197,0.214528,0.212624,0.210493,0.208145,0.205592,0.202846,0.199924,0.196842,0.193619,0.190275,0.186832,0.18331,0.179732,0.176121,0.172498,0.168886,0.165305,0.161776,0.158319,0.154953,0.151693,0.148558,0.145561,0.142716,0.140036,0.137532,0.135214,0.133091,0.131172,0.129463,0.12797,0.126699,0.125653,0.124836,0.12425,0.123898,0.123781,0.123898
0.0993049,0.09921,0.0993049,0.0995895,0.100063,0.100725,0.101573,0.102607,0.103823,0.10522,0.106794,0.108541,0.110459,0.112542,0.114786,0.117185,0.119733,0.122424,0.125251,0.128205,0.131279,0.134463,0.137749,0.141126,0.144583,0.14811,0.151694,0.155322,0.158984,0.162664,0.16635,0.170028,0.173684,0.177304,0.180875,0.184381,0.18781,0.191148,0.194383,0.197501,0.200492,0.203344,0.206046,0.208589,0.210962,0.213158,0.215168,0.216985,0.218601,0.22001,0.221205,0.222181,0.22293,0.223449,0.223732,0.223774,0.223571,0.223121,0.22242,0.221468,0.220265,0.218812,0.217112,0.215172,0.212998,0.2106,0.20799,0.205181,0.202189,0.199032,0.195731,0.192304,0.188775,0.185166,0.1815,0.1778,0.17409,0.170392,0.166727,0.163118,0.159583,0.156142,0.152812,0.14961,0.146551,0.143648,0.140915,0.138362,0.136,0.133838,0.131883,0.130143,0.128624,0.12733,0.126266,0.125434,0.124839,0.124481,0.124362,0.124481
0.0999492,0.0998523,0.0999492,0.100239,0.100723,0.101398,0.102263,0.103317,0.104558,0.105984,0.10759,0.109374,0.111332,0.113459,0.115751,0.118202,0.120806,0.123556,0.126446,0.129467,0.132612,0.13587,0.139233,0.142691,0.146231,0.149844,0.153516,0.157236,0.160989,0.164763,0.168544,0.172317,0.176068,0.179783,0.183446,0.187044,0.190563,0.193988,0.197307,0.200507,0.203575,0.2065,0.209272,0.21188,0.214314,0.216567,0.21863,0.220496,0.222157,0.223606,0.224838,0.225846,0.226624,0.227166,0.227467,0.227522,0.227327,0.226877,0.22617,0.225204,0.223979,0.222494,0.220754,0.218763,0.216528,0.214059,0.211368,0.208469,0.205379,0.202117,0.198702,0.195158,0.191508,0.187775,0.183984,0.18016,0.176325,0.172505,0.168722,0.164998,0.161353,0.157807,0.154378,0.151083,0.147936,0.144953,0.142145,0.139523,0.137099,0.134881,0.132877,0.131093,0.129536,0.128211,0.127121,0.12627,0.12566,0.125294,0.125172,0.125294
0.100775,0.100676,0.100775,0.101073,0.101568,0.10226,0.103148,0.104229,0.105502,0.106964,0.108613,0.110444,0.112454,0.114638,0.116992,0.11951,0.122186,0.125013,0.127985,0.131092,0.134328,0.137683,0.141146,0.144707,0.148356,0.152081,0.155868,0.159705,0.163579,0.167474,0.171378,0.175275,0.179149,0.182986,0.186771,0.190489,0.194124,0.197663,0.201091,0.204396,0.207565,0.210585,0.213447,0.216139,0.218653,0.22098,0.223111,0.225039,0.226758,0.22826,0.229539,0.230589,0.231403,0.231977,0.232303,0.232376,0.232191,0.231744,0.23103,0.230047,0.228793,0.227268,0.225476,0.223419,0.221105,0.218544,0.215748,0.212732,0.209513,0.206112,0.202551,0.198853,0.195044,0.191149,0.187194,0.183206,0.17921,0.175231,0.171293,0.16742,0.163632,0.159949,0.156391,0.152975,0.149715,0.146627,0.143722,0.141013,0.138508,0.136218,0.13415,0.132311,0.130705,0.129339,0.128216,0.12734,0.126712,0.126335,0.126209,0.126335
0.101781,0.101679,0.101781,0.102088,0.102598,0.103311,0.104226,0.10534,0.106653,0.10816,0.10986,0.111749,0.113823,0.116077,0.118507,0.121108,0.123872,0.126795,0.129867,0.133082,0.13643,0.139903,0.14349,0.14718,0.150963,0.154825,0.158754,0.162737,0.166759,0.170806,0.174862,0.178912,0.18294,0.186929,0.190865,0.194731,0.198511,0.20219,0.205754,0.209189,0.212482,0.21562,0.218592,0.221389,0.224,0.226417,0.228632,0.230637,0.232427,0.233993,0.235331,0.236433,0.237293,0.237906,0.238263,0.23836,0.23819,0.237747,0.237026,0.236024,0.234737,0.233165,0.231309,0.229172,0.226761,0.224086,0.221159,0.217997,0.214617,0.211043,0.207298,0.203407,0.199399,0.195301,0.191141,0.186949,0.182751,0.178574,0.174444,0.170386,0.16642,0.162569,0.158852,0.155286,0.151887,0.148669,0.145646,0.142828,0.140225,0.137846,0.1357,0.133792,0.132127,0.130712,0.129548,0.12864,0.12799,0.127599,0.127469,0.127599
0.102965,0.102859,0.102965,0.103282,0.10381,0.104548,0.105495,0.106649,0.108008,0.10957,0.111331,0.113288,0.115438,0.117776,0.120297,0.122996,0.125866,0.128902,0.132094,0.135437,0.138919,0.142533,0.146268,0.150113,0.154056,0.158083,0.162183,0.166341,0.170541,0.174769,0.179009,0.183243,0.187455,0.191628,0.195745,0.199789,0.203743,0.207591,0.211318,0.214909,0.21835,0.221629,0.224734,0.227655,0.230381,0.232906,0.23522,0.237317,0.239191,0.240834,0.242242,0.243407,0.244323,0.244983,0.24538,0.245507,0.245356,0.244921,0.244195,0.243172,0.241849,0.240222,0.238291,0.23606,0.233533,0.230721,0.227637,0.224298,0.220723,0.216938,0.212969,0.208844,0.204593,0.200248,0.19584,0.1914,0.186958,0.182542,0.178181,0.173899,0.16972,0.165667,0.161759,0.158014,0.154449,0.151077,0.147912,0.144965,0.142245,0.139762,0.137522,0.135532,0.133798,0.132324,0.131112,0.130167,0.129491,0.129084,0.128949,0.129084
0.104323,0.104213,0.104323,0.104653,0.105202,0.105969,0.106953,0.108153,0.109566,0.111191,0.113023,0.11506,0.117299,0.119734,0.122361,0.125174,0.128168,0.131335,0.134668,0.138159,0.141799,0.145578,0.149486,0.153511,0.157641,0.161863,0.166163,0.170526,0.174936,0.179377,0.183832,0.188283,0.192712,0.197102,0.201432,0.205686,0.209845,0.213893,0.217811,0.221585,0.225201,0.228645,0.231904,0.234969,0.23783,0.240479,0.242908,0.245112,0.247083,0.248816,0.250305,0.251544,0.252525,0.253243,0.253688,0.253853,0.253728,0.253306,0.252577,0.251535,0.250172,0.248484,0.24647,0.244129,0.241468,0.238496,0.235226,0.231676,0.22787,0.223833,0.219596,0.215191,0.210651,0.206012,0.201308,0.196574,0.191842,0.187143,0.182508,0.177963,0.173534,0.169243,0.165112,0.161158,0.157398,0.153847,0.150517,0.14742,0.144564,0.141959,0.139612,0.137528,0.135713,0.13417,0.132904,0.131916,0.131209,0.130785,0.130643,0.130785
0.105854,0.105739,0.105854,0.106198,0.10677,0.107571,0.108598,0.10985,0.111325,0.113021,0.114935,0.117063,0.119403,0.121949,0.124697,0.127642,0.130777,0.134095,0.137589,0.141251,0.145072,0.149041,0.153147,0.15738,0.161726,0.166172,0.170703,0.175303,0.179956,0.184644,0.189349,0.194052,0.198733,0.203374,0.207952,0.21245,0.216847,0.221125,0.225266,0.229252,0.233069,0.236702,0.240139,0.24337,0.246384,0.249175,0.251735,0.254058,0.25614,0.257975,0.259558,0.260882,0.26194,0.262726,0.263229,0.263441,0.263351,0.262948,0.262222,0.261162,0.25976,0.258007,0.2559,0.253437,0.250622,0.247464,0.243978,0.240182,0.236102,0.231769,0.227217,0.222481,0.2176,0.212615,0.207563,0.202484,0.197413,0.192384,0.187431,0.182581,0.177862,0.173297,0.168908,0.164714,0.160731,0.156974,0.153456,0.150187,0.147177,0.144434,0.141964,0.139773,0.137866,0.136246,0.134917,0.133881,0.13314,0.132694,0.132546,0.132694
0.107552,0.107432,0.107552,0.107912,0.108511,0.109349,0.110424,0.111735,0.11328,0.115057,0.117063,0.119294,0.121748,0.12442,0.127305,0.130398,0.133693,0.137182,0.140859,0.144714,0.14874,0.152924,0.157257,0.161727,0.166319,0.17102,0.175814,0.180685,0.185616,0.190587,0.195578,0.20057,0.205541,0.21047,0.215334,0.220112,0.224783,0.229325,0.23372,0.237949,0.241995,0.245844,0.249482,0.252899,0.256086,0.259036,0.261742,0.2642,0.266406,0.268356,0.270044,0.271465,0.272612,0.273477,0.27405,0.27432,0.274275,0.273901,0.273185,0.272113,0.270673,0.268853,0.266646,0.264048,0.261061,0.257691,0.253955,0.249874,0.245476,0.240797,0.235874,0.230751,0.225473,0.220083,0.214627,0.209147,0.203684,0.198275,0.192955,0.187755,0.182704,0.177826,0.173145,0.168678,0.164443,0.160454,0.156723,0.153262,0.150078,0.147179,0.144572,0.142261,0.140251,0.138545,0.137145,0.136055,0.135275,0.134807,0.134651,0.134807
0.109415,0.109289,0.109415,0.109792,0.110421,0.111301,0.112429,0.113806,0.115429,0.117296,0.119404,0.121751,0.124333,0.127145,0.130183,0.133442,0.136916,0.140597,0.144478,0.148551,0.152807,0.157234,0.161821,0.166557,0.171427,0.176416,0.181509,0.186687,0.191932,0.197224,0.202541,0.207862,0.213163,0.21842,0.22361,0.228708,0.23369,0.238533,0.243217,0.247721,0.252027,0.256118,0.259983,0.263609,0.266987,0.270113,0.27298,0.275586,0.277929,0.280005,0.28181,0.283341,0.28459,0.285547,0.286203,0.286545,0.286558,0.286225,0.28553,0.284455,0.282982,0.281097,0.278786,0.276041,0.272862,0.269253,0.265232,0.260821,0.256054,0.250971,0.245618,0.240045,0.234303,0.228445,0.222521,0.21658,0.210666,0.204821,0.199084,0.193486,0.18806,0.182829,0.177818,0.173045,0.168527,0.164279,0.160311,0.156635,0.153258,0.150187,0.147427,0.144983,0.142859,0.141058,0.139581,0.138431,0.137609,0.137115,0.13695,0.137115
0.111436,0.111304,0.111436,0.111833,0.112495,0.11342,0.114608,0.116058,0.117767,0.119734,0.121955,0.12443,0.127153,0.130121,0.133329,0.136772,0.140445,0.144339,0.148448,0.152763,0.157275,0.161973,0.166845,0.171878,0.177059,0.182371,0.187798,0.193321,0.198921,0.204575,0.210261,0.215954,0.221628,0.227258,0.232817,0.238277,0.243612,0.248797,0.253807,0.258621,0.263218,0.267582,0.271697,0.275554,0.279144,0.282461,0.285504,0.28827,0.290761,0.292975,0.29491,0.296562,0.297926,0.298991,0.299746,0.300175,0.300261,0.299986,0.299327,0.298261,0.296767,0.294822,0.292406,0.289506,0.286116,0.28224,0.277894,0.273104,0.26791,0.262359,0.256506,0.250409,0.244131,0.237732,0.231269,0.224799,0.218371,0.212031,0.205821,0.199775,0.193926,0.188301,0.182921,0.177808,0.172977,0.168441,0.164212,0.160299,0.156709,0.153448,0.150521,0.147932,0.145683,0.143777,0.142216,0.141,0.140132,0.13961,0.139436,0.13961
0.113611,0.113471,0.113611,0.11403,0.114727,0.115703,0.116956,0.118485,0.120289,0.122365,0.124712,0.127327,0.130205,0.133345,0.13674,0.140387,0.144278,0.148408,0.152769,0.157352,0.162147,0.167145,0.172332,0.177697,0.183223,0.188895,0.194696,0.200605,0.206602,0.212662,0.218762,0.224874,0.23097,0.23702,0.242995,0.248865,0.254598,0.260168,0.265546,0.270707,0.275631,0.280297,0.284691,0.288801,0.29262,0.296144,0.299375,0.302312,0.304961,0.307323,0.309399,0.311186,0.312679,0.313868,0.314738,0.315274,0.315454,0.315256,0.314653,0.313617,0.312117,0.310124,0.307608,0.304547,0.300931,0.296757,0.292043,0.286818,0.281129,0.275034,0.268599,0.261896,0.254998,0.247975,0.240895,0.23382,0.226808,0.219909,0.213166,0.206619,0.200299,0.194234,0.188447,0.182958,0.177781,0.17293,0.168414,0.164242,0.16042,0.156953,0.153844,0.151096,0.148712,0.146693,0.14504,0.143754,0.142835,0.142283,0.142099,0.142283
0.115933,0.115786,0.115933,0.116375,0.117112,0.118143,0.119467,0.121083,0.12299,0.125186,0.127669,0.130437,0.133486,0.136813,0.140414,0.144283,0.148415,0.152804,0.157441,0.162318,0.167426,0.172754,0.17829,0.18402,0.189929,0.196,0.202216,0.208555,0.214994,0.221509,0.228072,0.234654,0.241223,0.247747,0.254191,0.260522,0.266704,0.272706,0.278497,0.284048,0.289335,0.294336,0.299036,0.303422,0.307488,0.311233,0.314661,0.317778,0.320593,0.323111,0.325337,0.327272,0.32891,0.33024,0.331247,0.331912,0.33221,0.332115,0.331595,0.330614,0.329134,0.327112,0.324509,0.321289,0.317432,0.31293,0.307798,0.302073,0.295811,0.289082,0.28197,0.274563,0.266946,0.259206,0.25142,0.243659,0.235986,0.228457,0.221119,0.214011,0.207169,0.200619,0.194384,0.188483,0.182929,0.177734,0.172906,0.168454,0.16438,0.16069,0.157384,0.154466,0.151936,0.149796,0.148044,0.146681,0.145708,0.145124,0.144929,0.145124
0.118396,0.11824,0.118396,0.118863,0.119643,0.120733,0.122134,0.123844,0.125863,0.128189,0.130821,0.133755,0.136989,0.140521,0.144345,0.148458,0.152853,0.157524,0.162463,0.167663,0.173114,0.178804,0.184722,0.190854,0.197185,0.203697,0.210371,0.217186,0.224117,0.231138,0.238219,0.245327,0.252427,0.259483,0.266455,0.273304,0.279992,0.28648,0.292733,0.298719,0.30441,0.309782,0.314817,0.319501,0.323831,0.327807,0.331439,0.33474,0.337723,0.340403,0.342789,0.344884,0.346683,0.348175,0.349342,0.350161,0.350606,0.350645,0.350241,0.349352,0.347927,0.34591,0.343244,0.339876,0.335769,0.330907,0.325304,0.319001,0.312069,0.3046,0.296697,0.288469,0.280022,0.271457,0.262864,0.254324,0.245907,0.237672,0.229671,0.221944,0.214526,0.207444,0.200719,0.194369,0.188405,0.182838,0.177675,0.17292,0.168576,0.164646,0.16113,0.158029,0.155344,0.153072,0.151215,0.149771,0.14874,0.148122,0.147916,0.148122
0.120991,0.120826,0.120991,0.121486,0.122311,0.123465,0.124949,0.126762,0.128902,0.131368,0.13416,0.137275,0.14071,0.144463,0.14853,0.152907,0.157587,0.162566,0.167835,0.173387,0.179211,0.185297,0.191633,0.198206,0.204999,0.211995,0.219175,0.226515,0.233991,0.241574,0.249232,0.256928,0.264623,0.272276,0.279841,0.287274,0.294529,0.301562,0.308334,0.314806,0.320947,0.326728,0.332128,0.337134,0.341742,0.345956,0.349793,0.353274,0.356424,0.359266,0.361818,0.364085,0.366064,0.367742,0.369096,0.3701,0.370724,0.370933,0.370688,0.369937,0.368618,0.366656,0.363969,0.360478,0.356121,0.350869,0.344729,0.337755,0.330037,0.321694,0.312862,0.303677,0.294269,0.284756,0.275243,0.265822,0.256568,0.247547,0.238811,0.230402,0.222353,0.214691,0.207435,0.200599,0.194194,0.188227,0.182703,0.177624,0.172992,0.168807,0.165067,0.161772,0.158921,0.156511,0.154542,0.153012,0.15192,0.151265,0.151047,0.151265
0.12371,0.123535,0.12371,0.124234,0.125109,0.126332,0.127905,0.129827,0.132097,0.134715,0.13768,0.140989,0.144641,0.148634,0.152963,0.157626,0.162616,0.167927,0.173554,0.179488,0.185718,0.192236,0.199028,0.206081,0.213379,0.220906,0.22864,0.236559,0.244637,0.252842,0.261141,0.269493,0.277855,0.286178,0.29441,0.302499,0.310392,0.318039,0.325391,0.332406,0.339047,0.34528,0.35108,0.356431,0.361328,0.365781,0.369815,0.373465,0.37677,0.379769,0.382488,0.38494,0.387121,0.389012,0.390584,0.391807,0.392647,0.393069,0.393031,0.392479,0.391336,0.389503,0.386864,0.383298,0.378706,0.373034,0.366285,0.358521,0.349867,0.340486,0.330555,0.320249,0.309725,0.299124,0.288565,0.27815,0.267962,0.258068,0.248522,0.239366,0.23063,0.222339,0.214509,0.207152,0.200275,0.193881,0.187973,0.182551,0.177613,0.173157,0.16918,0.16568,0.162654,0.160099,0.158012,0.156391,0.155235,0.154541,0.15431,0.154541
0.126543,0.126358,0.126543,0.1271,0.128026,0.129324,0.130992,0.133031,0.135441,0.138221,0.141371,0.144889,0.148775,0.153025,0.157637,0.162608,0.167932,0.173604,0.179618,0.185965,0.192636,0.199621,0.206908,0.214483,0.222332,0.230437,0.238778,0.247332,0.256072,0.264966,0.273976,0.28306,0.292168,0.301243,0.310227,0.319055,0.327667,0.336002,0.344005,0.351628,0.358826,0.36556,0.371799,0.377519,0.382714,0.387398,0.391608,0.395401,0.398837,0.401976,0.404861,0.407511,0.40992,0.412059,0.413889,0.415368,0.416462,0.417139,0.417364,0.417084,0.416212,0.414619,0.412138,0.408582,0.403792,0.397678,0.390229,0.381524,0.371739,0.361106,0.349866,0.33824,0.326421,0.314572,0.302827,0.291297,0.280068,0.269211,0.258778,0.248808,0.239329,0.230362,0.221918,0.214004,0.206625,0.199779,0.193465,0.18768,0.18242,0.177679,0.173454,0.169738,0.166529,0.163821,0.16161,0.159894,0.15867,0.157937,0.157692,0.157937
0.129481,0.129285,0.129481,0.130071,0.131054,0.13243,0.1342,0.136364,0.138923,0.141876,0.145224,0.148967,0.153102,0.157629,0.162545,0.167847,0.173531,0.179591,0.186022,0.192815,0.199962,0.207453,0.215275,0.223417,0.231863,0.240597,0.249599,0.258846,0.268313,0.277966,0.287766,0.297666,0.307609,0.317531,0.327361,0.337025,0.346448,0.355558,0.364292,0.372593,0.380414,0.387708,0.394431,0.400549,0.406046,0.41094,0.415289,0.419176,0.422698,0.425946,0.428988,0.431852,0.434526,0.436963,0.439097,0.440873,0.442256,0.443226,0.443768,0.443845,0.44337,0.442179,0.440032,0.436636,0.431718,0.425148,0.416894,0.407039,0.395854,0.383689,0.370875,0.357694,0.344374,0.331098,0.318013,0.305235,0.292855,0.280941,0.269542,0.258693,0.248417,0.238727,0.22963,0.221128,0.213218,0.205896,0.199155,0.19299,0.187392,0.182355,0.177869,0.173929,0.170528,0.167661,0.165322,0.163507,0.162213,0.161437,0.161179,0.161437
0.132512,0.132304,0.132512,0.133137,0.134179,0.135639,0.137517,0.139814,0.142531,0.145669,0.149229,0.15321,0.157612,0.162435,0.167676,0.173334,0.179404,0.185882,0.192761,0.200035,0.207695,0.215731,0.224132,0.232885,0.241976,0.25139,0.26111,0.271113,0.281375,0.291863,0.302536,0.313345,0.324225,0.335102,0.345891,0.356501,0.366841,0.376824,0.386376,0.395437,0.403956,0.411881,0.419149,0.425702,0.431504,0.436571,0.440989,0.444888,0.448418,0.451721,0.454901,0.458003,0.461001,0.463808,0.46631,0.468425,0.470122,0.471404,0.472301,0.472826,0.472909,0.472355,0.470826,0.46785,0.462916,0.455897,0.446725,0.435412,0.422436,0.40836,0.393644,0.378631,0.363576,0.348676,0.334085,0.319922,0.306276,0.293211,0.280769,0.268978,0.257852,0.247397,0.237611,0.22849,0.220024,0.212204,0.20502,0.198459,0.19251,0.187163,0.182408,0.178235,0.174636,0.171604,0.169131,0.167214,0.165847,0.165028,0.164755,0.165028
0.135624,0.135403,0.135624,0.136286,0.137391,0.138939,0.140931,0.143369,0.146254,0.149588,0.153371,0.157606,0.162293,0.167431,0.17302,0.179058,0.185542,0.192468,0.19983,0.20762,0.215832,0.224454,0.233476,0.242887,0.252674,0.262822,0.273317,0.284139,0.295266,0.306669,0.318307,0.330127,0.342059,0.354017,0.365896,0.377584,0.388966,0.399934,0.410401,0.420307,0.429609,0.438254,0.446155,0.453203,0.459316,0.464488,0.468862,0.472638,0.476049,0.479314,0.482599,0.485975,0.489396,0.492699,0.49566,0.498153,0.500166,0.501737,0.502978,0.504021,0.504859,0.505278,0.504833,0.502777,0.497937,0.490509,0.480373,0.467083,0.451704,0.435202,0.418188,0.401031,0.383988,0.367254,0.350984,0.335293,0.320267,0.305958,0.2924,0.279608,0.267585,0.256326,0.245821,0.236054,0.227012,0.218676,0.211031,0.204061,0.19775,0.192085,0.187051,0.182638,0.178834,0.175632,0.173022,0.170999,0.169557,0.168694,0.168406,0.168694
0.138803,0.138569,0.138803,0.139505,0.140675,0.142316,0.144428,0.147014,0.150076,0.153617,0.157638,0.162142,0.167131,0.172605,0.178565,0.185009,0.191935,0.199341,0.207219,0.215564,0.224367,0.233619,0.243309,0.253425,0.263958,0.274894,0.286221,0.297926,0.30999,0.322389,0.335089,0.348035,0.361152,0.374339,0.387466,0.40039,0.412964,0.425046,0.436526,0.447357,0.457531,0.467014,0.475686,0.48334,0.489789,0.494948,0.49909,0.502525,0.50561,0.508687,0.512016,0.515724,0.519746,0.523778,0.527339,0.530229,0.532529,0.534282,0.53574,0.537313,0.539123,0.54096,0.542345,0.542376,0.537413,0.529669,0.518977,0.502596,0.483789,0.464192,0.444442,0.424823,0.405532,0.386748,0.36862,0.35126,0.334741,0.319104,0.304363,0.290519,0.27756,0.265466,0.254214,0.243782,0.234145,0.225279,0.217161,0.209771,0.203089,0.197096,0.191777,0.187118,0.183105,0.179728,0.176977,0.174846,0.173327,0.172418,0.172115,0.172418
0.142035,0.141787,0.142035,0.142778,0.144017,0.145755,0.147994,0.150735,0.153984,0.157742,0.162014,0.166803,0.172111,0.177941,0.184295,0.191171,0.19857,0.206488,0.214919,0.223858,0.233295,0.243222,0.253626,0.264499,0.275828,0.287605,0.299822,0.31247,0.325541,0.33902,0.352881,0.367077,0.381531,0.396124,0.410692,0.425048,0.439001,0.452354,0.464938,0.47674,0.487861,0.498338,0.508018,0.516497,0.52339,0.528282,0.531898,0.534647,0.537076,0.539715,0.542975,0.547094,0.552036,0.557293,0.561668,0.564882,0.567439,0.569126,0.570398,0.572383,0.575381,0.579124,0.583245,0.589005,0.581685,0.573766,0.565217,0.54242,0.51848,0.495075,0.472236,0.44988,0.428092,0.407038,0.386873,0.367705,0.349592,0.33255,0.316574,0.301638,0.287712,0.274759,0.262744,0.251632,0.241388,0.23198,0.223381,0.215562,0.208501,0.202175,0.196565,0.191654,0.187428,0.183873,0.180979,0.178737,0.17714,0.176184,0.175866,0.176184
0.145304,0.145042,0.145304,0.14609,0.147402,0.149241,0.151611,0.154516,0.157959,0.161946,0.166481,0.171569,0.177215,0.183422,0.190193,0.197529,0.205431,0.213895,0.222918,0.232492,0.242609,0.253259,0.264428,0.276107,0.288286,0.300956,0.314116,0.327764,0.341905,0.356539,0.371661,0.387239,0.403203,0.419418,0.435671,0.451704,0.467287,0.482125,0.495877,0.508594,0.520663,0.53233,0.543456,0.553175,0.560957,0.564871,0.56757,0.569094,0.570347,0.572145,0.575113,0.579691,0.586082,0.593779,0.599267,0.60231,0.605346,0.60652,0.606481,0.608587,0.613054,0.619083,0.624694,0.631659,0.628737,0.620645,0.607447,0.585422,0.554581,0.527249,0.501317,0.476059,0.451525,0.427965,0.40558,0.384476,0.364682,0.346181,0.328931,0.31288,0.29797,0.284147,0.271359,0.259558,0.2487,0.238746,0.229658,0.221406,0.213961,0.207298,0.201393,0.196228,0.191785,0.188049,0.18501,0.182655,0.180979,0.179976,0.179642,0.179976
0.148595,0.148318,0.148595,0.149426,0.150812,0.152756,0.155263,0.158337,0.161984,0.166209,0.171019,0.176422,0.182422,0.189026,0.196239,0.204063,0.2125,0.221547,0.231202,0.241457,0.252302,0.263725,0.275713,0.288252,0.301333,0.314948,0.329099,0.343796,0.359057,0.37491,0.391377,0.408467,0.426137,0.444247,0.462504,0.480504,0.49807,0.514791,0.529711,0.543004,0.555819,0.568859,0.582339,0.593866,0.604494,0.604794,0.606544,0.605948,0.605212,0.605552,0.607798,0.612651,0.621022,0.6347,0.641558,0.642003,0.647388,0.647403,0.642693,0.644715,0.651464,0.661781,0.667131,0.669303,0.665915,0.657176,0.64238,0.620002,0.589253,0.560002,0.531605,0.503301,0.475679,0.449323,0.424529,0.40138,0.379849,0.359861,0.341326,0.324155,0.308261,0.293568,0.280007,0.267517,0.256044,0.245541,0.235963,0.227276,0.219444,0.212441,0.206239,0.200816,0.196155,0.192237,0.18905,0.186583,0.184826,0.183775,0.183425,0.183775
0.15189,0.151597,0.15189,0.152766,0.154229,0.156282,0.158931,0.16218,0.166037,0.17051,0.175608,0.181338,0.18771,0.194732,0.20241,0.21075,0.219754,0.229423,0.239753,0.250737,0.262363,0.274616,0.28748,0.300938,0.314975,0.329585,0.34477,0.360552,0.376966,0.394071,0.41194,0.430648,0.45023,0.470595,0.49133,0.511539,0.531567,0.55119,0.567158,0.579926,0.592837,0.607081,0.625359,0.637685,0.642086,0.645537,0.65014,0.645213,0.641271,0.639325,0.640156,0.64439,0.652983,0.667698,0.675869,0.679163,0.680699,0.67891,0.674583,0.678533,0.688749,0.696076,0.699645,0.699517,0.69528,0.686158,0.670543,0.647467,0.624639,0.594003,0.563794,0.53175,0.500351,0.470805,0.443426,0.418173,0.394899,0.373439,0.35364,0.335369,0.318508,0.302959,0.288636,0.275464,0.263381,0.252332,0.242266,0.233143,0.224925,0.21758,0.21108,0.2054,0.200518,0.196417,0.193082,0.190501,0.188664,0.187564,0.187198,0.187564
0.15517,0.154862,0.15517,0.156093,0.157635,0.1598,0.162594,0.166023,0.170098,0.174827,0.180222,0.186294,0.193053,0.200512,0.208679,0.217563,0.227169,0.237499,0.24855,0.260315,0.27278,0.285927,0.299732,0.314172,0.329227,0.344882,0.36114,0.378027,0.395598,0.413946,0.433209,0.453568,0.47523,0.498337,0.522523,0.544673,0.567463,0.593311,0.609933,0.618882,0.630744,0.643547,0.659116,0.674835,0.683037,0.687548,0.689304,0.685914,0.677738,0.672717,0.671513,0.674186,0.681271,0.694168,0.702397,0.705588,0.704921,0.700451,0.700726,0.708632,0.716915,0.722494,0.724401,0.72238,0.717854,0.709496,0.69324,0.677112,0.65258,0.629805,0.599933,0.561551,0.525046,0.491888,0.461862,0.434557,0.409617,0.386757,0.365755,0.346431,0.32864,0.312262,0.297196,0.283358,0.270675,0.259086,0.248537,0.238981,0.230379,0.222693,0.215895,0.209957,0.204855,0.200571,0.197087,0.194391,0.192473,0.191324,0.190942,0.191324
0.158416,0.158093,0.158416,0.159388,0.16101,0.163289,0.166231,0.169845,0.174142,0.179135,0.184836,0.19126,0.198422,0.206335,0.215014,0.22447,0.234712,0.245745,0.257566,0.27017,0.283539,0.297651,0.312473,0.327972,0.344112,0.360869,0.378236,0.396236,0.414936,0.434459,0.455006,0.476886,0.500569,0.526869,0.557713,0.579209,0.60243,0.627817,0.644385,0.657245,0.670076,0.679659,0.695195,0.706789,0.715383,0.720248,0.721636,0.719251,0.713591,0.704816,0.701511,0.7021,0.7063,0.713575,0.722647,0.724718,0.721759,0.719875,0.721866,0.727353,0.737206,0.742284,0.742881,0.737444,0.733727,0.729776,0.718409,0.702565,0.681212,0.657714,0.62808,0.59158,0.548365,0.511683,0.47931,0.450209,0.423791,0.399669,0.377563,0.357261,0.338593,0.321425,0.305645,0.29116,0.277892,0.265774,0.254748,0.244764,0.23578,0.227757,0.220662,0.214466,0.209145,0.204677,0.201045,0.198235,0.196235,0.195039,0.19464,0.195039
0.161609,0.16127,0.161609,0.162629,0.164333,0.166727,0.169819,0.173621,0.178145,0.183406,0.189421,0.196206,0.203782,0.212167,0.221379,0.231434,0.242346,0.254123,0.266767,0.280272,0.29462,0.30978,0.325711,0.34236,0.359672,0.3776,0.396117,0.415232,0.435007,0.455576,0.477178,0.50019,0.525167,0.552833,0.583611,0.614192,0.637489,0.656053,0.668292,0.682034,0.699703,0.712369,0.723535,0.730651,0.7408,0.746011,0.7474,0.745399,0.74181,0.734089,0.730245,0.729038,0.730904,0.733862,0.739606,0.738694,0.740227,0.738123,0.742216,0.744435,0.752718,0.75726,0.75813,0.753554,0.752586,0.747543,0.737549,0.722219,0.699602,0.67818,0.648015,0.611399,0.567207,0.52909,0.495284,0.464866,0.43726,0.412065,0.388987,0.367797,0.348319,0.330408,0.313947,0.29884,0.285003,0.272368,0.260874,0.250468,0.241107,0.232748,0.225358,0.218907,0.213367,0.208717,0.204937,0.202013,0.199933,0.198688,0.198273,0.198688
0.164729,0.164373,0.164729,0.165797,0.167582,0.170092,0.173336,0.177326,0.182079,0.187612,0.193944,0.201099,0.209099,0.217968,0.227731,0.238409,0.250023,0.262587,0.276108,0.290583,0.305993,0.322301,0.339452,0.357368,0.375965,0.395158,0.414886,0.435126,0.455915,0.47737,0.499731,0.523404,0.549044,0.57776,0.611895,0.640678,0.66268,0.676951,0.693202,0.705456,0.722879,0.735768,0.745679,0.754219,0.761784,0.766487,0.767515,0.763998,0.764839,0.762239,0.75908,0.755635,0.757157,0.754113,0.753791,0.752993,0.752932,0.752942,0.755142,0.758246,0.7632,0.76737,0.770332,0.768882,0.766745,0.761231,0.752487,0.73885,0.719421,0.694848,0.660333,0.622873,0.582103,0.544172,0.509727,0.478456,0.449959,0.423893,0.399981,0.378003,0.357784,0.33918,0.322075,0.30637,0.291983,0.278844,0.26689,0.25607,0.246335,0.237646,0.229964,0.223259,0.217502,0.21267,0.208744,0.205707,0.203546,0.202254,0.201823,0.202254
0.167754,0.167382,0.167754,0.16887,0.170737,0.173361,0.176756,0.180935,0.185916,0.191721,0.198374,0.205901,0.214331,0.223694,0.234021,0.245343,0.257687,0.271079,0.285532,0.301049,0.317616,0.33519,0.353699,0.373037,0.393072,0.413664,0.434698,0.456103,0.477866,0.500049,0.522845,0.546614,0.571906,0.599435,0.629631,0.659506,0.682274,0.698407,0.710327,0.726354,0.740311,0.752518,0.76007,0.770071,0.777319,0.782569,0.784154,0.781106,0.783153,0.782661,0.779755,0.780101,0.779432,0.774472,0.771278,0.76938,0.76839,0.768396,0.769995,0.773052,0.77733,0.781565,0.779068,0.776946,0.776223,0.769811,0.76354,0.7518,0.733931,0.709761,0.678072,0.639994,0.596344,0.557809,0.522908,0.491068,0.461917,0.435156,0.410541,0.38787,0.366977,0.347728,0.330012,0.313733,0.298813,0.285181,0.272777,0.261548,0.251445,0.242428,0.234457,0.227501,0.221529,0.216518,0.212447,0.209297,0.207057,0.205717,0.205271,0.205717
0.170663,0.170276,0.170663,0.171827,0.173774,0.176511,0.180054,0.184419,0.189627,0.195703,0.202674,0.210573,0.219434,0.229295,0.240195,0.252174,0.265273,0.279526,0.294962,0.311596,0.329422,0.348401,0.368444,0.38941,0.411096,0.433279,0.455768,0.478434,0.501189,0.52399,0.546947,0.57035,0.594675,0.620692,0.65005,0.671952,0.696169,0.712557,0.726011,0.739221,0.750095,0.765144,0.774862,0.780784,0.78733,0.795057,0.798251,0.796048,0.796778,0.798244,0.800102,0.798197,0.798585,0.795967,0.790363,0.787743,0.785732,0.78514,0.786277,0.789535,0.794419,0.795184,0.790353,0.786525,0.783812,0.781139,0.771841,0.762066,0.745023,0.721249,0.689654,0.648211,0.607708,0.569905,0.53499,0.502834,0.473217,0.445908,0.420699,0.397413,0.375904,0.35605,0.337749,0.320916,0.305475,0.291361,0.278514,0.266881,0.256415,0.247074,0.238817,0.231613,0.225429,0.220241,0.216025,0.212766,0.210447,0.20906,0.208598,0.20906
0.173437,0.173034,0.173437,0.174647,0.176671,0.179519,0.183207,0.187753,0.193183,0.199523,0.206808,0.215073,0.224361,0.234717,0.246191,0.258833,0.272698,0.287838,0.3043,0.32212,0.341313,0.361852,0.38365,0.406521,0.430166,0.454214,0.478372,0.502468,0.526346,0.549742,0.572654,0.595304,0.617981,0.640936,0.66396,0.684605,0.70626,0.718841,0.731816,0.744971,0.758516,0.774962,0.785803,0.793802,0.799113,0.805452,0.81128,0.811042,0.812656,0.816429,0.817843,0.816995,0.814296,0.813868,0.809429,0.808452,0.804603,0.803099,0.803385,0.807355,0.808967,0.807782,0.803597,0.797938,0.7943,0.791761,0.783514,0.771305,0.753688,0.730196,0.699124,0.657918,0.618653,0.58125,0.546321,0.513948,0.483984,0.456233,0.430513,0.406672,0.384587,0.364154,0.345288,0.327912,0.311959,0.297368,0.284082,0.27205,0.261225,0.251562,0.243024,0.235574,0.229181,0.223817,0.219461,0.216092,0.213696,0.212263,0.211786,0.212263
0.176055,0.175637,0.176055,0.177309,0.179407,0.182361,0.186188,0.190909,0.196552,0.203148,0.210736,0.219357,0.229062,0.239903,0.251941,0.26524,0.279872,0.295908,0.313421,0.33248,0.353136,0.375404,0.399222,0.424383,0.450446,0.476741,0.502833,0.528607,0.553957,0.57804,0.60077,0.622464,0.643329,0.663514,0.682738,0.698814,0.714304,0.727428,0.740187,0.753125,0.766881,0.782742,0.792491,0.80282,0.812866,0.819379,0.824572,0.827226,0.829423,0.831428,0.832377,0.832128,0.830789,0.83011,0.828067,0.826085,0.824148,0.822281,0.819822,0.82153,0.820393,0.817399,0.812122,0.810325,0.806666,0.8013,0.791939,0.778126,0.759507,0.736816,0.707246,0.668153,0.630055,0.592303,0.557144,0.524582,0.494356,0.466239,0.440062,0.415701,0.39306,0.37206,0.352633,0.334716,0.318253,0.303186,0.289463,0.277034,0.265852,0.255872,0.247055,0.239363,0.232764,0.227229,0.222733,0.219258,0.216786,0.215308,0.214816,0.215308
0.178496,0.178065,0.178496,0.179792,0.18196,0.185014,0.188973,0.19386,0.199705,0.206545,0.214421,0.223382,0.233485,0.244791,0.257374,0.271311,0.286691,0.30361,0.322173,0.34249,0.364672,0.388813,0.414947,0.442935,0.472184,0.50126,0.529497,0.557151,0.584913,0.609859,0.632176,0.652786,0.671769,0.689541,0.707224,0.71623,0.727395,0.739107,0.751155,0.763283,0.776019,0.789385,0.801572,0.815131,0.824426,0.829234,0.83527,0.838869,0.841495,0.842701,0.84337,0.843604,0.841805,0.842864,0.841691,0.838618,0.83847,0.836806,0.835166,0.833265,0.828334,0.823805,0.820214,0.81872,0.814704,0.808523,0.798033,0.782272,0.760974,0.740742,0.713822,0.679899,0.643474,0.602986,0.56746,0.534848,0.504473,0.476054,0.449448,0.424571,0.401368,0.379789,0.35979,0.341325,0.324344,0.308798,0.294638,0.281812,0.270275,0.259981,0.250889,0.242959,0.236157,0.230454,0.225823,0.222243,0.219698,0.218176,0.217669,0.218176
0.180742,0.180298,0.180742,0.182077,0.184311,0.187458,0.191539,0.19658,0.202613,0.209679,0.217825,0.227104,0.237579,0.249323,0.262418,0.276957,0.293047,0.310808,0.330379,0.351921,0.375617,0.401687,0.430376,0.461886,0.495865,0.528498,0.558731,0.587676,0.620877,0.646596,0.667657,0.687185,0.703938,0.718242,0.729318,0.734171,0.742666,0.753221,0.764861,0.775696,0.787437,0.800167,0.812288,0.826097,0.835336,0.840971,0.843817,0.847079,0.850714,0.850297,0.850621,0.852945,0.853119,0.853646,0.852952,0.851371,0.84988,0.846798,0.846177,0.843338,0.838981,0.83236,0.829286,0.82421,0.819276,0.814114,0.802924,0.784681,0.764231,0.741979,0.716665,0.681693,0.646658,0.610967,0.576993,0.544883,0.514527,0.485842,0.45879,0.433362,0.409556,0.387364,0.366765,0.34773,0.330218,0.314186,0.299583,0.286361,0.274471,0.263866,0.254502,0.246339,0.239339,0.233472,0.22871,0.225029,0.222413,0.220848,0.220327,0.220848
0.182777,0.182321,0.182777,0.184146,0.18644,0.189671,0.193863,0.199044,0.20525,0.212522,0.220913,0.230481,0.241297,0.25344,0.267003,0.282092,0.29883,0.317362,0.337855,0.360515,0.385598,0.413448,0.444599,0.4801,0.522753,0.56012,0.591346,0.616151,0.648881,0.67385,0.691599,0.712271,0.72732,0.739658,0.74768,0.751223,0.758664,0.769075,0.782241,0.790111,0.800819,0.814558,0.824362,0.836579,0.845264,0.851196,0.85511,0.858094,0.860176,0.860342,0.859061,0.860743,0.860395,0.86199,0.861404,0.860259,0.859033,0.857503,0.85537,0.850749,0.847488,0.840493,0.835466,0.832649,0.827149,0.82007,0.808642,0.79224,0.772157,0.749061,0.718573,0.686106,0.652924,0.619525,0.586824,0.555209,0.52484,0.495819,0.46823,0.442158,0.417669,0.394799,0.373554,0.353917,0.335854,0.319322,0.304272,0.290653,0.278412,0.2675,0.257871,0.24948,0.242289,0.236263,0.231374,0.227596,0.224911,0.223306,0.222772,0.223306
0.184583,0.184117,0.184583,0.185984,0.188329,0.191636,0.195927,0.201232,0.207589,0.215044,0.223652,0.233476,0.244592,0.257088,0.271063,0.286635,0.303942,0.323143,0.344432,0.36804,0.394258,0.423458,0.456141,0.492961,0.534519,0.579362,0.613446,0.639011,0.670621,0.695563,0.71521,0.732165,0.743358,0.755959,0.761498,0.767196,0.774535,0.785059,0.797642,0.80465,0.814173,0.827246,0.837116,0.846069,0.853861,0.859656,0.863749,0.866577,0.868226,0.868513,0.867759,0.867269,0.868956,0.86928,0.867149,0.865903,0.865104,0.865347,0.863477,0.859992,0.855759,0.849808,0.842569,0.839049,0.831601,0.825017,0.813398,0.796712,0.775311,0.754581,0.725154,0.693809,0.661856,0.629706,0.597773,0.566372,0.535773,0.506225,0.477911,0.45103,0.42573,0.40209,0.380136,0.359857,0.341219,0.324176,0.308674,0.294657,0.28207,0.270858,0.26097,0.252359,0.244984,0.238806,0.233796,0.229925,0.227176,0.225531,0.224984,0.225531
0.186147,0.185672,0.186147,0.187574,0.189965,0.193336,0.197711,0.203122,0.209609,0.21722,0.226013,0.236055,0.247427,0.26022,0.274542,0.29052,0.308298,0.328051,0.349981,0.374336,0.401413,0.431575,0.465257,0.502933,0.545003,0.591818,0.628246,0.658222,0.686105,0.710907,0.730847,0.748012,0.760775,0.770719,0.778012,0.784404,0.790127,0.801928,0.812125,0.819692,0.827032,0.838139,0.846291,0.852676,0.860806,0.866465,0.870504,0.873235,0.874716,0.874819,0.873248,0.874873,0.875994,0.876156,0.875261,0.874347,0.873376,0.872237,0.87004,0.866644,0.862195,0.856558,0.849114,0.84498,0.838306,0.829893,0.817525,0.799357,0.780702,0.760124,0.736372,0.704724,0.673465,0.642035,0.610433,0.578855,0.547667,0.517295,0.487952,0.460014,0.433728,0.409205,0.386471,0.365508,0.346271,0.328705,0.312749,0.298339,0.285411,0.273908,0.263771,0.25495,0.2474,0.24108,0.235955,0.231998,0.229188,0.227508,0.226948,0.227508
0.187456,0.186974,0.187456,0.188906,0.191334,0.194757,0.199201,0.204699,0.211292,0.21903,0.227973,0.238191,0.249768,0.262799,0.277397,0.293693,0.311838,0.33201,0.35442,0.379315,0.406989,0.437791,0.472123,0.510396,0.552788,0.597746,0.634429,0.665974,0.692527,0.720231,0.739381,0.759254,0.772649,0.780273,0.787937,0.795119,0.802603,0.814124,0.823477,0.829582,0.839225,0.847545,0.853202,0.860735,0.866928,0.871881,0.875763,0.878476,0.879991,0.880213,0.878816,0.880394,0.881465,0.88157,0.880826,0.880236,0.879158,0.877465,0.874974,0.871348,0.866592,0.861602,0.855535,0.849354,0.842313,0.833861,0.821963,0.805486,0.790943,0.771694,0.745888,0.717894,0.687772,0.656942,0.625359,0.593122,0.560799,0.529277,0.49842,0.469072,0.44159,0.416065,0.392486,0.370803,0.350952,0.332859,0.316453,0.301657,0.288402,0.276619,0.266247,0.257229,0.249516,0.243063,0.237833,0.233797,0.23093,0.229217,0.228647,0.229217
0.188502,0.188014,0.188502,0.189969,0.192425,0.195889,0.200386,0.20595,0.212623,0.220457,0.229513,0.239863,0.251592,0.264798,0.279596,0.296118,0.314519,0.334978,0.357702,0.382936,0.410964,0.442121,0.476817,0.515656,0.560078,0.595337,0.630992,0.665559,0.700397,0.727695,0.749965,0.768538,0.782536,0.792713,0.8013,0.808513,0.814051,0.822828,0.832891,0.839045,0.848351,0.855645,0.861437,0.866835,0.871301,0.875634,0.87965,0.882514,0.884233,0.88491,0.884704,0.884119,0.88565,0.885589,0.883954,0.884302,0.883186,0.881039,0.878463,0.874419,0.86822,0.864469,0.858504,0.850711,0.843499,0.836616,0.825718,0.812703,0.799058,0.782014,0.760391,0.735883,0.705368,0.675066,0.643285,0.609699,0.575233,0.54258,0.509249,0.478023,0.449152,0.422542,0.398078,0.375659,0.35519,0.336578,0.319733,0.304568,0.291002,0.278959,0.268369,0.259171,0.251308,0.244735,0.239411,0.235303,0.232387,0.230645,0.230065,0.230645
0.189277,0.188785,0.189277,0.190755,0.193231,0.196722,0.201255,0.206864,0.213591,0.221489,0.23062,0.241055,0.252882,0.266198,0.281119,0.297777,0.316324,0.336936,0.359818,0.3852,0.413351,0.444569,0.479158,0.517267,0.55801,0.594764,0.63101,0.667367,0.70439,0.730151,0.755338,0.77443,0.788984,0.799997,0.809729,0.817638,0.825313,0.833332,0.841503,0.848503,0.855562,0.86169,0.866802,0.870874,0.873043,0.877159,0.882347,0.885497,0.887408,0.888414,0.888885,0.889042,0.889387,0.88914,0.888414,0.887724,0.886083,0.882768,0.881019,0.877037,0.870655,0.866438,0.859889,0.854679,0.847518,0.838863,0.826517,0.814818,0.804148,0.789628,0.769397,0.750261,0.725394,0.697203,0.665427,0.629443,0.590012,0.558597,0.519883,0.486412,0.456139,0.428457,0.403119,0.379976,0.358905,0.339792,0.322532,0.307024,0.293172,0.280893,0.270108,0.260749,0.252756,0.246078,0.240671,0.236502,0.233543,0.231776,0.231188,0.231776
0.189775,0.189282,0.189775,0.19126,0.193746,0.197252,0.201804,0.207436,0.214191,0.22212,0.231287,0.241762,0.253631,0.266993,0.28196,0.298662,0.317249,0.337891,0.360781,0.386141,0.414222,0.445314,0.479777,0.518183,0.562026,0.59693,0.633284,0.671013,0.708431,0.735919,0.758169,0.77719,0.792041,0.802188,0.814099,0.821516,0.831139,0.838996,0.84701,0.853983,0.860142,0.865499,0.870214,0.874028,0.876113,0.880899,0.884877,0.887674,0.889539,0.890552,0.891507,0.891912,0.891866,0.891307,0.89094,0.890163,0.888637,0.886242,0.883532,0.879582,0.87419,0.867727,0.86316,0.856989,0.849063,0.840395,0.82977,0.818959,0.806923,0.796055,0.780193,0.761477,0.738594,0.711346,0.678592,0.637625,0.598989,0.563316,0.527225,0.493427,0.462248,0.433636,0.407479,0.383646,0.362007,0.342431,0.324792,0.308974,0.294871,0.282386,0.271434,0.26194,0.253837,0.247073,0.241599,0.237379,0.234386,0.232597,0.232003,0.232597
0.189995,0.189501,0.189995,0.191481,0.193968,0.197476,0.20203,0.207663,0.214419,0.222349,0.231512,0.241982,0.25384,0.267184,0.282123,0.298784,0.31731,0.337864,0.360628,0.385809,0.413635,0.444357,0.478253,0.515607,0.556556,0.599886,0.636556,0.677489,0.71139,0.737306,0.755737,0.776591,0.793026,0.805623,0.817301,0.826268,0.833931,0.840104,0.849564,0.856636,0.862193,0.86689,0.871706,0.876286,0.879765,0.883169,0.886508,0.888845,0.890681,0.890956,0.892935,0.89351,0.893133,0.89153,0.892103,0.891543,0.89017,0.888022,0.885141,0.881222,0.876177,0.870375,0.864857,0.857566,0.84746,0.839552,0.82834,0.818912,0.811557,0.800901,0.786464,0.768537,0.746674,0.720132,0.687449,0.645866,0.607251,0.570567,0.534253,0.499675,0.467522,0.437988,0.411042,0.386563,0.364406,0.344416,0.326449,0.31037,0.296059,0.283408,0.272323,0.262722,0.254535,0.247704,0.24218,0.237922,0.234903,0.233099,0.232499,0.233099
0.189937,0.189445,0.189937,0.191418,0.193898,0.197395,0.201934,0.207548,0.214279,0.222177,0.231301,0.24172,0.253517,0.266782,0.281624,0.298162,0.316534,0.336893,0.359412,0.38428,0.411702,0.441895,0.475065,0.511368,0.550795,0.592995,0.637952,0.678419,0.711472,0.736629,0.753714,0.772853,0.791118,0.803886,0.817715,0.82728,0.833556,0.841075,0.85064,0.857298,0.861876,0.865175,0.870691,0.877129,0.881158,0.883337,0.887148,0.88864,0.891598,0.892999,0.894098,0.894418,0.893967,0.89292,0.892688,0.891993,0.890669,0.888617,0.885722,0.881726,0.876403,0.869925,0.865238,0.857495,0.846836,0.837642,0.828233,0.819862,0.8137,0.803201,0.789164,0.771565,0.750358,0.724643,0.693132,0.653562,0.615859,0.579587,0.541551,0.50537,0.471933,0.441397,0.413678,0.38861,0.366004,0.345672,0.327444,0.311164,0.296698,0.283927,0.272749,0.263076,0.254833,0.247959,0.242402,0.238121,0.235086,0.233273,0.23267,0.233273
0.189604,0.189115,0.189604,0.191076,0.193539,0.197013,0.201521,0.207096,0.213777,0.221613,0.230661,0.240989,0.252675,0.265806,0.280485,0.296825,0.314958,0.335028,0.357195,0.381637,0.408544,0.438112,0.470526,0.505923,0.544328,0.585569,0.62926,0.674234,0.708595,0.734442,0.752465,0.772888,0.787884,0.804104,0.816916,0.826586,0.835064,0.843153,0.850812,0.856565,0.859596,0.864487,0.872017,0.877913,0.882134,0.885186,0.888144,0.8903,0.892337,0.893675,0.894427,0.894504,0.893778,0.891824,0.892055,0.891354,0.89011,0.888168,0.885367,0.881318,0.875277,0.870949,0.865601,0.856878,0.847923,0.839087,0.830193,0.821678,0.814501,0.802824,0.788504,0.770387,0.749664,0.724759,0.695091,0.661842,0.625347,0.592546,0.549024,0.510217,0.475214,0.443644,0.415217,0.389655,0.3667,0.346122,0.327718,0.311313,0.296756,0.28392,0.272694,0.262987,0.25472,0.247828,0.242259,0.23797,0.234929,0.233113,0.232509,0.233113
0.189,0.188516,0.189,0.190458,0.192897,0.196336,0.200798,0.206314,0.212922,0.220668,0.229608,0.239806,0.251335,0.264279,0.278735,0.294811,0.312627,0.332321,0.354044,0.377962,0.404258,0.433127,0.464768,0.499368,0.537067,0.577891,0.621644,0.667921,0.70323,0.730385,0.751636,0.770602,0.78638,0.801562,0.813741,0.822054,0.832361,0.841473,0.849086,0.855043,0.858679,0.864404,0.872247,0.877943,0.882061,0.885068,0.888027,0.890278,0.892073,0.893305,0.893838,0.893802,0.893188,0.89189,0.890637,0.889509,0.888436,0.886666,0.884208,0.880645,0.87572,0.870208,0.866284,0.859706,0.85207,0.843738,0.834889,0.825236,0.814161,0.798859,0.784683,0.763942,0.744227,0.719455,0.688946,0.659997,0.633487,0.59935,0.553841,0.513176,0.476844,0.444413,0.415447,0.389553,0.366396,0.345697,0.327224,0.310781,0.296208,0.283367,0.272145,0.262445,0.254188,0.247306,0.241745,0.237464,0.234428,0.232616,0.232013,0.232616
0.188134,0.187655,0.188134,0.189572,0.19198,0.195374,0.199775,0.205214,0.211727,0.219358,0.228159,0.238191,0.249523,0.262233,0.276412,0.292161,0.309592,0.328833,0.350025,0.373327,0.398916,0.426995,0.457794,0.491587,0.528696,0.569451,0.613835,0.659517,0.694744,0.722332,0.744271,0.763642,0.778407,0.795727,0.808751,0.818612,0.826116,0.837016,0.845125,0.852255,0.858891,0.865445,0.871905,0.87712,0.880879,0.88293,0.8867,0.888906,0.89066,0.89198,0.892195,0.892052,0.891625,0.890187,0.887307,0.885765,0.885562,0.883863,0.882041,0.879043,0.874207,0.871143,0.866604,0.86024,0.853172,0.844746,0.835781,0.82512,0.81239,0.796764,0.780278,0.759334,0.73465,0.709435,0.683825,0.65819,0.634451,0.600992,0.555892,0.513725,0.476363,0.443386,0.414165,0.388176,0.36501,0.344345,0.325926,0.309547,0.295038,0.28226,0.271095,0.261447,0.253234,0.24639,0.240861,0.236603,0.233585,0.231783,0.231184,0.231783
0.187013,0.186542,0.187013,0.188429,0.190798,0.194136,0.198464,0.20381,0.210209,0.217701,0.226336,0.23617,0.247268,0.259703,0.273557,0.288924,0.305909,0.324627,0.345209,0.367804,0.392581,0.419743,0.449544,0.482335,0.518661,0.559518,0.60703,0.64808,0.682193,0.709621,0.730277,0.753072,0.770798,0.787598,0.800993,0.812094,0.819573,0.830848,0.838054,0.846232,0.855792,0.863518,0.870075,0.875284,0.879122,0.882385,0.884951,0.886111,0.887897,0.890043,0.8892,0.888872,0.889337,0.888115,0.885968,0.884004,0.88214,0.879055,0.87883,0.876903,0.874202,0.87078,0.865745,0.858152,0.851952,0.842181,0.833805,0.82197,0.807766,0.788992,0.772957,0.750033,0.72836,0.70247,0.681293,0.656955,0.63038,0.597825,0.557097,0.511395,0.473285,0.440264,0.411204,0.385433,0.362491,0.342038,0.323812,0.307604,0.293246,0.280599,0.269547,0.259995,0.251863,0.245085,0.239609,0.235392,0.232402,0.230617,0.230024,0.230617
0.18565,0.185188,0.18565,0.187039,0.189364,0.192637,0.196881,0.20212,0.208386,0.215719,0.224164,0.233772,0.244604,0.256727,0.270216,0.285155,0.30164,0.319775,0.339677,0.361479,0.385334,0.411427,0.439991,0.471355,0.506041,0.54503,0.590542,0.629515,0.663987,0.692734,0.716884,0.738822,0.75626,0.775872,0.789206,0.803434,0.812309,0.823934,0.833155,0.842001,0.850975,0.859603,0.866765,0.872254,0.875573,0.880331,0.882534,0.886013,0.888102,0.88928,0.889024,0.888232,0.886885,0.885054,0.882424,0.880021,0.877724,0.874682,0.874935,0.873057,0.8723,0.869237,0.864397,0.857889,0.850558,0.841381,0.830624,0.815925,0.801732,0.781439,0.76478,0.742296,0.716286,0.693425,0.669539,0.644341,0.617328,0.586222,0.544604,0.50339,0.466895,0.434834,0.406497,0.381308,0.358844,0.338789,0.320895,0.304966,0.290844,0.278395,0.267511,0.258098,0.250082,0.243399,0.237998,0.233837,0.230887,0.229126,0.22854,0.229126
0.184058,0.183605,0.184058,0.185417,0.18769,0.190892,0.19504,0.20016,0.206279,0.213435,0.221669,0.231028,0.241567,0.253348,0.266437,0.280911,0.296853,0.314355,0.333518,0.354456,0.377296,0.402183,0.429289,0.458821,0.491016,0.526061,0.563617,0.600446,0.638248,0.668638,0.695119,0.7196,0.742385,0.762826,0.779485,0.793927,0.805341,0.81426,0.823936,0.833392,0.842709,0.853796,0.862131,0.868678,0.873869,0.878523,0.882152,0.885283,0.887304,0.888095,0.887517,0.886238,0.88294,0.880723,0.876448,0.87361,0.87161,0.870297,0.870588,0.871364,0.869991,0.8666,0.861601,0.855006,0.847194,0.83788,0.82656,0.812435,0.79551,0.773185,0.754268,0.728789,0.703748,0.673637,0.646117,0.619287,0.592747,0.567934,0.533749,0.492557,0.45782,0.427313,0.400166,0.375888,0.354136,0.334649,0.317216,0.301667,0.287859,0.275673,0.265006,0.255775,0.247908,0.241345,0.236039,0.231951,0.229051,0.227319,0.226743,0.227319
0.182249,0.181808,0.182249,0.183575,0.185794,0.188917,0.192962,0.19795,0.20391,0.210874,0.21888,0.227971,0.238197,0.249611,0.262274,0.276253,0.29162,0.308453,0.326837,0.346862,0.368625,0.392228,0.417772,0.445346,0.474983,0.506556,0.539531,0.572656,0.605356,0.635426,0.66367,0.691627,0.721564,0.745306,0.764567,0.780765,0.794764,0.806884,0.818026,0.828048,0.835836,0.847088,0.856056,0.863562,0.870064,0.875341,0.880053,0.883606,0.885779,0.886365,0.884765,0.884256,0.881224,0.876161,0.872323,0.869638,0.868078,0.867571,0.869022,0.869057,0.866868,0.862568,0.857146,0.84975,0.841348,0.831926,0.820272,0.806001,0.788086,0.76442,0.741631,0.717575,0.685035,0.653783,0.624428,0.596267,0.56866,0.540896,0.510047,0.477115,0.446233,0.418034,0.392468,0.369352,0.348492,0.329709,0.312845,0.29776,0.284334,0.272464,0.262061,0.253047,0.245359,0.238941,0.233748,0.229746,0.226906,0.22521,0.224646,0.22521
0.18024,0.17981,0.18024,0.181531,0.183691,0.186729,0.190663,0.195513,0.201303,0.208063,0.215828,0.224636,0.234531,0.245561,0.25778,0.271244,0.286015,0.302158,0.319741,0.338831,0.359498,0.381804,0.405793,0.431478,0.458797,0.48755,0.517317,0.547441,0.577363,0.606424,0.634996,0.66427,0.696592,0.723122,0.744545,0.762452,0.779427,0.794457,0.807777,0.819981,0.828631,0.838675,0.847907,0.85629,0.864658,0.870165,0.876788,0.881168,0.883808,0.884818,0.88424,0.882688,0.879274,0.873661,0.870317,0.867801,0.866748,0.866139,0.865993,0.866095,0.862866,0.85645,0.851183,0.841643,0.83224,0.823446,0.811251,0.79714,0.779434,0.757646,0.733043,0.704296,0.667604,0.634484,0.603886,0.574928,0.546866,0.51897,0.490343,0.461414,0.433637,0.407691,0.383791,0.361945,0.342079,0.324089,0.307867,0.29331,0.28032,0.268812,0.25871,0.249945,0.24246,0.236207,0.231145,0.227241,0.22447,0.222815,0.222264,0.222815
0.178046,0.177628,0.178046,0.1793,0.181397,0.184348,0.188165,0.192869,0.198481,0.205029,0.212542,0.221056,0.23061,0.241245,0.253008,0.265946,0.280112,0.295558,0.312335,0.330496,0.350082,0.371127,0.393641,0.417594,0.442896,0.46936,0.496685,0.524483,0.552398,0.580184,0.608003,0.636357,0.665801,0.695779,0.718857,0.736795,0.758617,0.777087,0.79266,0.810106,0.823141,0.834217,0.843788,0.852244,0.859012,0.867135,0.873279,0.878205,0.881336,0.882779,0.882579,0.880792,0.877162,0.872168,0.870748,0.867755,0.868224,0.867491,0.865965,0.863434,0.858859,0.852395,0.84571,0.836554,0.825643,0.813181,0.798339,0.785356,0.767449,0.745168,0.718833,0.687745,0.649102,0.615043,0.583971,0.554851,0.526955,0.499723,0.472779,0.446293,0.420835,0.396832,0.374502,0.353918,0.335072,0.317916,0.302381,0.288393,0.275877,0.264765,0.254991,0.2465,0.239241,0.23317,0.228252,0.224456,0.221762,0.220151,0.219615,0.220151
0.175684,0.175279,0.175684,0.1769,0.178932,0.181791,0.185488,0.190041,0.195469,0.201798,0.209054,0.217268,0.226473,0.236707,0.248009,0.260419,0.273981,0.288734,0.30472,0.321973,0.340521,0.360375,0.381525,0.403929,0.427494,0.45207,0.477445,0.503373,0.529633,0.556088,0.582756,0.609741,0.636974,0.663683,0.687828,0.710018,0.732689,0.75508,0.778642,0.798779,0.814407,0.82662,0.836626,0.846155,0.855233,0.863107,0.868322,0.874621,0.878294,0.880197,0.880312,0.878454,0.873947,0.87037,0.869959,0.867499,0.867983,0.866677,0.863906,0.859655,0.853344,0.84484,0.838645,0.828697,0.815522,0.799587,0.786563,0.771378,0.751816,0.727593,0.698892,0.66669,0.628453,0.594923,0.564291,0.535633,0.508356,0.482061,0.456532,0.431818,0.408157,0.385789,0.36487,0.345479,0.327634,0.311316,0.296483,0.283085,0.271066,0.260371,0.250948,0.242749,0.23573,0.229855,0.225092,0.221414,0.218801,0.217239,0.216719,0.217239
0.17317,0.172779,0.17317,0.174347,0.176313,0.179077,0.182651,0.18705,0.192292,0.198398,0.205392,0.213302,0.222158,0.23199,0.242832,0.254719,0.267685,0.281762,0.296981,0.313365,0.330931,0.349678,0.369588,0.390617,0.412686,0.435677,0.459443,0.48382,0.508661,0.533863,0.559378,0.585165,0.611059,0.636641,0.661334,0.685422,0.709791,0.734732,0.760595,0.785524,0.803443,0.816205,0.825418,0.836481,0.849079,0.858556,0.865539,0.871065,0.874611,0.877089,0.877709,0.876363,0.873078,0.86867,0.868387,0.867554,0.866597,0.864329,0.860188,0.854581,0.846347,0.838146,0.830915,0.819144,0.802572,0.786079,0.769895,0.753952,0.73203,0.704455,0.670958,0.638547,0.605453,0.574136,0.544756,0.517041,0.490683,0.465441,0.441183,0.417908,0.395719,0.374743,0.35508,0.336791,0.319899,0.304397,0.290263,0.27746,0.265948,0.255683,0.246623,0.238728,0.231962,0.226292,0.221691,0.218137,0.215611,0.2141,0.213597,0.2141
0.170523,0.170144,0.170523,0.171659,0.173558,0.176226,0.179675,0.183918,0.188972,0.194854,0.201586,0.209193,0.2177,0.227133,0.237523,0.248896,0.261282,0.274706,0.28919,0.304753,0.3214,0.339129,0.35792,0.377732,0.398502,0.420144,0.442553,0.465618,0.489236,0.513326,0.537828,0.562674,0.58775,0.612876,0.637924,0.663115,0.688983,0.716217,0.746334,0.772171,0.791437,0.803783,0.815456,0.828407,0.842157,0.853089,0.861158,0.866709,0.8694,0.873365,0.87463,0.873701,0.870658,0.866101,0.864453,0.864777,0.86352,0.860736,0.854606,0.848521,0.842491,0.833624,0.822916,0.808985,0.792554,0.775212,0.755871,0.7338,0.70808,0.67603,0.644454,0.613483,0.582946,0.553564,0.5256,0.49903,0.473734,0.449585,0.426504,0.40448,0.383553,0.36379,0.345249,0.32797,0.311972,0.297254,0.283801,0.271587,0.260581,0.250749,0.242058,0.234474,0.227967,0.222509,0.218077,0.214651,0.212214,0.210757,0.210272,0.210757
0.167757,0.167392,0.167757,0.168853,0.170684,0.173257,0.17658,0.180667,0.185532,0.191191,0.197663,0.204969,0.213131,0.222174,0.23212,0.242995,0.254821,0.26762,0.281408,0.296198,0.311994,0.328792,0.346573,0.365306,0.384942,0.405421,0.426668,0.448609,0.471174,0.494304,0.51795,0.542065,0.566594,0.591487,0.616765,0.642618,0.669394,0.697507,0.72726,0.757604,0.779544,0.795047,0.807276,0.822642,0.833812,0.846797,0.856015,0.862218,0.866174,0.869681,0.871149,0.870509,0.866953,0.863874,0.861787,0.860485,0.85881,0.857189,0.852186,0.84559,0.837247,0.826273,0.812923,0.795408,0.776694,0.758713,0.735968,0.707571,0.679433,0.649664,0.619763,0.590286,0.56147,0.533651,0.50702,0.481619,0.457414,0.434346,0.412369,0.39147,0.371664,0.35298,0.33545,0.319099,0.303936,0.289962,0.277164,0.265524,0.255017,0.245617,0.237295,0.230024,0.223779,0.218536,0.214276,0.21098,0.208636,0.207233,0.206766,0.207233
0.164891,0.164539,0.164891,0.165946,0.167709,0.170186,0.173385,0.177317,0.181995,0.187432,0.193648,0.200658,0.208483,0.217144,0.226661,0.237055,0.248345,0.260549,0.27368,0.287749,0.302758,0.318705,0.335576,0.353347,0.371985,0.391449,0.41169,0.43266,0.454316,0.47662,0.499547,0.523076,0.547199,0.571931,0.597345,0.623608,0.650977,0.679773,0.710322,0.742922,0.766676,0.782959,0.798985,0.815844,0.82678,0.840266,0.850349,0.856748,0.860372,0.865188,0.867005,0.867426,0.866022,0.863893,0.861568,0.859794,0.857266,0.853545,0.847624,0.840338,0.830146,0.816251,0.801375,0.786012,0.763016,0.738512,0.712103,0.683734,0.654965,0.625868,0.596971,0.568641,0.541103,0.514553,0.48911,0.46482,0.441674,0.419645,0.398704,0.378837,0.360045,0.342339,0.325732,0.310235,0.295853,0.282581,0.27041,0.259325,0.249304,0.240327,0.23237,0.225411,0.219428,0.214401,0.210314,0.20715,0.204898,0.203551,0.203102,0.203551
0.161939,0.161601,0.161939,0.162955,0.164651,0.167033,0.170109,0.173887,0.17838,0.183601,0.189564,0.196285,0.203783,0.212074,0.221176,0.231109,0.241887,0.253527,0.266041,0.279438,0.293721,0.30889,0.324937,0.341846,0.359598,0.378168,0.397527,0.417649,0.438512,0.460102,0.482415,0.505456,0.529248,0.553839,0.579318,0.605829,0.633577,0.662833,0.693999,0.72782,0.75322,0.774063,0.792859,0.809396,0.820297,0.8328,0.844543,0.850549,0.856606,0.860618,0.861273,0.863209,0.862782,0.860968,0.857541,0.856508,0.853441,0.848437,0.840463,0.833658,0.8219,0.810271,0.793321,0.777165,0.753706,0.722987,0.692868,0.662864,0.63328,0.604219,0.575853,0.548335,0.521779,0.496277,0.471883,0.448619,0.426475,0.40543,0.385461,0.366551,0.348692,0.331883,0.316126,0.301422,0.287768,0.27516,0.263586,0.253033,0.243483,0.234919,0.22732,0.220668,0.214945,0.210133,0.206217,0.203185,0.201026,0.199734,0.199304,0.199734
0.158919,0.158594,0.158919,0.159895,0.161525,0.163814,0.166768,0.170396,0.174708,0.179716,0.185433,0.191874,0.199054,0.206988,0.215692,0.225184,0.235476,0.246584,0.258519,0.271289,0.284902,0.299357,0.314654,0.330786,0.347744,0.365516,0.384092,0.403463,0.423627,0.444588,0.466363,0.48898,0.512483,0.536937,0.562432,0.589086,0.617043,0.646472,0.677623,0.711109,0.735577,0.759528,0.782255,0.802684,0.81529,0.829218,0.840353,0.847489,0.851377,0.856097,0.857492,0.858178,0.857735,0.856367,0.854336,0.85174,0.847884,0.842374,0.835287,0.827261,0.816605,0.803758,0.787448,0.768091,0.742936,0.709573,0.676117,0.644057,0.613448,0.584142,0.556046,0.529123,0.50336,0.478753,0.455297,0.432979,0.411776,0.391659,0.372604,0.354588,0.337597,0.321621,0.306653,0.292688,0.279719,0.267736,0.25673,0.246687,0.237591,0.229427,0.222177,0.215826,0.210357,0.205756,0.20201,0.199108,0.197042,0.195805,0.195393,0.195805
0.155845,0.155532,0.155845,0.156782,0.158347,0.160544,0.163379,0.16686,0.170996,0.175797,0.181276,0.187445,0.194317,0.201908,0.210232,0.219302,0.229134,0.239739,0.251131,0.263317,0.276308,0.290106,0.304717,0.320141,0.33638,0.353433,0.371303,0.389999,0.409533,0.429929,0.45122,0.473453,0.49669,0.521007,0.546495,0.573251,0.601352,0.630811,0.661455,0.692542,0.721211,0.749064,0.776883,0.797556,0.812019,0.823533,0.835829,0.843707,0.848508,0.851367,0.850954,0.850848,0.85016,0.848907,0.848071,0.844478,0.840031,0.833659,0.82646,0.8185,0.807968,0.794524,0.77761,0.756826,0.731111,0.698913,0.660506,0.626216,0.594615,0.565044,0.537152,0.510737,0.485671,0.461873,0.439282,0.41785,0.397534,0.378297,0.360105,0.342931,0.326754,0.311557,0.297329,0.284057,0.271732,0.260342,0.249875,0.240319,0.231659,0.223881,0.216969,0.21091,0.20569,0.201296,0.197718,0.194944,0.192969,0.191786,0.191392,0.191786
0.152731,0.152431,0.152731,0.15363,0.155132,0.157239,0.159958,0.163296,0.16726,0.171861,0.177109,0.183015,0.189592,0.196854,0.204813,0.213483,0.222878,0.233009,0.24389,0.255531,0.267942,0.281132,0.29511,0.309884,0.325463,0.341858,0.359083,0.377159,0.396115,0.415987,0.436828,0.458699,0.481679,0.50586,0.531342,0.558221,0.586559,0.616331,0.647326,0.678989,0.710365,0.741445,0.771113,0.792137,0.805933,0.820153,0.831164,0.83884,0.843662,0.846135,0.847299,0.847292,0.846338,0.844212,0.840624,0.833945,0.829756,0.821099,0.813357,0.806873,0.796273,0.782106,0.764133,0.741933,0.715904,0.682971,0.643255,0.608035,0.575981,0.546385,0.518797,0.492916,0.468537,0.445518,0.423755,0.403172,0.383706,0.365309,0.347939,0.331563,0.316155,0.301694,0.288162,0.275545,0.263829,0.253,0.243047,0.233956,0.225714,0.218308,0.211723,0.205948,0.200969,0.196777,0.193362,0.190714,0.188827,0.187697,0.187321,0.187697
0.149591,0.149303,0.149591,0.150453,0.151893,0.153914,0.15652,0.159718,0.163517,0.167923,0.172948,0.178601,0.184895,0.191841,0.199453,0.207742,0.216721,0.226405,0.236804,0.247933,0.259803,0.272426,0.285815,0.299985,0.314952,0.330735,0.347359,0.364855,0.383265,0.402639,0.423043,0.444556,0.467275,0.49131,0.516785,0.543825,0.572532,0.602941,0.634956,0.668269,0.702479,0.738017,0.76615,0.787175,0.802443,0.814628,0.825035,0.832417,0.837003,0.838171,0.840835,0.840701,0.83966,0.836843,0.831948,0.824051,0.81908,0.810705,0.802048,0.793334,0.781581,0.766212,0.746695,0.721554,0.69697,0.661513,0.623919,0.588968,0.557051,0.527768,0.50068,0.475442,0.451801,0.429577,0.408639,0.388888,0.370249,0.352663,0.336083,0.320471,0.305797,0.292034,0.279163,0.267166,0.256027,0.245733,0.236269,0.227623,0.219782,0.212732,0.206462,0.200961,0.196217,0.192221,0.188963,0.186438,0.184638,0.18356,0.183201,0.18356
0.146437,0.146162,0.146437,0.147264,0.148644,0.15058,0.153077,0.156141,0.159779,0.163998,0.168808,0.174218,0.18024,0.186884,0.194163,0.202089,0.210675,0.219934,0.229879,0.240525,0.251885,0.263975,0.276813,0.290416,0.304807,0.320013,0.336066,0.353008,0.370889,0.389773,0.409737,0.430876,0.453306,0.477163,0.502603,0.529803,0.558949,0.590208,0.623668,0.65916,0.695899,0.732483,0.760206,0.780947,0.795785,0.805247,0.816826,0.824054,0.82926,0.831857,0.832859,0.830704,0.830391,0.827043,0.821516,0.81432,0.806399,0.794759,0.784524,0.776122,0.763198,0.746381,0.725806,0.703325,0.677319,0.644672,0.604282,0.569075,0.537575,0.508936,0.482592,0.458153,0.435343,0.413963,0.393868,0.374951,0.357128,0.340335,0.324521,0.309645,0.295673,0.282578,0.270337,0.258931,0.248342,0.238557,0.22956,0.221339,0.213881,0.207175,0.201208,0.195971,0.191453,0.187646,0.184542,0.182135,0.18042,0.179392,0.17905,0.179392
0.143283,0.143019,0.143283,0.144075,0.145396,0.147251,0.149643,0.152577,0.156059,0.160098,0.164701,0.169878,0.175639,0.181994,0.188956,0.196536,0.204747,0.213602,0.223117,0.233305,0.244183,0.255769,0.268083,0.281148,0.294991,0.309643,0.325146,0.341546,0.358902,0.377288,0.396792,0.417522,0.439612,0.463222,0.488546,0.515824,0.545349,0.577489,0.612687,0.651277,0.692082,0.726019,0.752854,0.773281,0.787915,0.796771,0.807442,0.812559,0.819231,0.822374,0.823331,0.821979,0.819322,0.814418,0.807465,0.799666,0.791386,0.780388,0.76811,0.755849,0.740468,0.72122,0.696691,0.677352,0.651722,0.621335,0.581729,0.547609,0.517256,0.489716,0.464409,0.440955,0.419087,0.398615,0.379397,0.361325,0.344316,0.328305,0.313238,0.299076,0.285781,0.273327,0.26169,0.250849,0.240787,0.231488,0.222937,0.215123,0.208033,0.201655,0.19598,0.190996,0.186697,0.183073,0.180118,0.177825,0.176191,0.175212,0.174886,0.175212
0.140138,0.139885,0.140138,0.140897,0.142162,0.143938,0.146228,0.149037,0.15237,0.156235,0.16064,0.165592,0.171103,0.177181,0.183839,0.191089,0.198942,0.207414,0.216518,0.226271,0.23669,0.247795,0.259609,0.272158,0.285472,0.299587,0.314548,0.330409,0.347233,0.365101,0.384109,0.404376,0.426047,0.449303,0.474369,0.501532,0.53118,0.563878,0.600611,0.643624,0.683294,0.716537,0.743148,0.763682,0.778837,0.789466,0.797616,0.802555,0.807331,0.809836,0.810918,0.809296,0.805102,0.798195,0.788266,0.779099,0.772281,0.759929,0.74369,0.730087,0.712217,0.690979,0.664998,0.645086,0.617003,0.591796,0.555872,0.524428,0.496065,0.4701,0.446116,0.423823,0.403008,0.38351,0.365204,0.347992,0.331799,0.316561,0.302228,0.28876,0.276122,0.264286,0.253229,0.24293,0.233371,0.224538,0.216415,0.20899,0.202252,0.19619,0.190794,0.186055,0.181966,0.178518,0.175706,0.173524,0.171969,0.171037,0.170726,0.171037
0.137015,0.136773,0.137015,0.137741,0.138952,0.140652,0.142844,0.145532,0.148721,0.152419,0.156633,0.16137,0.166641,0.172455,0.178822,0.185756,0.193268,0.201372,0.210084,0.21942,0.2294,0.240043,0.251375,0.263424,0.276222,0.289809,0.304232,0.319548,0.335824,0.353144,0.371609,0.391342,0.412497,0.435261,0.459873,0.486637,0.515952,0.548349,0.584507,0.625022,0.668651,0.703086,0.730267,0.751249,0.766837,0.777733,0.784506,0.786467,0.791699,0.792843,0.795387,0.793281,0.787479,0.77853,0.771259,0.759104,0.750934,0.734952,0.719424,0.698676,0.676515,0.653584,0.629733,0.606772,0.581722,0.556058,0.527622,0.500134,0.474335,0.450267,0.427805,0.406803,0.387123,0.36865,0.351285,0.334947,0.31957,0.305099,0.291487,0.278696,0.266696,0.255458,0.24496,0.235182,0.226107,0.217719,0.210006,0.202955,0.196554,0.190795,0.185668,0.181164,0.177276,0.173997,0.171323,0.169248,0.167768,0.166882,0.166586,0.166882
0.133922,0.13369,0.133922,0.134617,0.135776,0.137403,0.1395,0.142072,0.145123,0.148661,0.152691,0.157222,0.162262,0.167822,0.173911,0.180541,0.187726,0.195478,0.203814,0.21275,0.222306,0.232504,0.243369,0.25493,0.267221,0.280284,0.294166,0.308925,0.324631,0.341367,0.359234,0.378357,0.398885,0.421005,0.444951,0.471016,0.499577,0.531117,0.566238,0.605651,0.650178,0.685609,0.71368,0.735368,0.751474,0.76262,0.76905,0.770059,0.773359,0.777423,0.7779,0.774245,0.765996,0.760105,0.751308,0.737973,0.728538,0.712278,0.689925,0.671299,0.644121,0.619562,0.595938,0.572825,0.549235,0.525179,0.500403,0.476025,0.452656,0.430516,0.40964,0.389986,0.371485,0.354066,0.337657,0.322198,0.307635,0.293921,0.281017,0.268889,0.257508,0.246849,0.23689,0.227613,0.219003,0.211044,0.203723,0.19703,0.190953,0.185484,0.180614,0.176335,0.172641,0.169526,0.166984,0.165011,0.163605,0.162762,0.162481,0.162762
0.130869,0.130647,0.130869,0.131533,0.132643,0.134199,0.136205,0.138665,0.141584,0.144967,0.148821,0.153154,0.157974,0.163289,0.169112,0.175451,0.182321,0.189735,0.197709,0.206259,0.215406,0.22517,0.235579,0.246662,0.258452,0.270991,0.284327,0.298516,0.313626,0.32974,0.346953,0.365385,0.385177,0.406503,0.429578,0.454667,0.482099,0.512294,0.545801,0.583436,0.626842,0.663328,0.692731,0.715422,0.732242,0.743956,0.751073,0.754248,0.757155,0.758072,0.757052,0.752123,0.745029,0.736192,0.727053,0.715709,0.702975,0.684882,0.659285,0.639585,0.611523,0.586929,0.563866,0.541505,0.519272,0.496991,0.474661,0.452694,0.431445,0.411115,0.391788,0.373477,0.35616,0.339798,0.324346,0.309762,0.296005,0.283037,0.270827,0.259344,0.248564,0.238465,0.229027,0.220233,0.212069,0.204521,0.197577,0.191227,0.185461,0.18027,0.175647,0.171585,0.168076,0.165117,0.162702,0.160828,0.159491,0.15869,0.158423,0.15869
0.127864,0.127652,0.127864,0.1285,0.129561,0.13105,0.132969,0.135321,0.138112,0.141347,0.145033,0.149175,0.153783,0.158864,0.16443,0.17049,0.177058,0.184146,0.19177,0.199947,0.208696,0.218039,0.228001,0.238612,0.249904,0.261919,0.274701,0.288305,0.302796,0.31825,0.334756,0.352423,0.371379,0.391778,0.413804,0.437679,0.463667,0.492082,0.523284,0.557639,0.595287,0.634835,0.666687,0.690693,0.708309,0.720676,0.728189,0.730013,0.734398,0.73216,0.731564,0.723366,0.716648,0.702977,0.694937,0.684191,0.671486,0.652787,0.625222,0.601738,0.577749,0.554967,0.533206,0.512089,0.491305,0.470717,0.450336,0.430342,0.410933,0.392255,0.374391,0.357377,0.341216,0.325893,0.311385,0.297662,0.284696,0.272458,0.260924,0.250069,0.239872,0.230314,0.221378,0.21305,0.205315,0.198162,0.19158,0.185558,0.18009,0.175166,0.170779,0.166923,0.163593,0.160783,0.15849,0.156711,0.155441,0.15468,0.154427,0.15468
0.124916,0.124713,0.124916,0.125524,0.126539,0.127962,0.129797,0.132047,0.134716,0.137809,0.141331,0.145291,0.149695,0.154552,0.15987,0.165662,0.171938,0.178712,0.185998,0.193813,0.202175,0.211106,0.22063,0.230775,0.241574,0.253062,0.265284,0.278291,0.29214,0.306901,0.322655,0.339496,0.357533,0.376896,0.397734,0.42022,0.444548,0.47093,0.499576,0.530639,0.564067,0.5993,0.635368,0.660443,0.67861,0.69186,0.700982,0.705954,0.70857,0.707351,0.703839,0.695844,0.684625,0.666766,0.653834,0.642394,0.633112,0.61573,0.589422,0.566653,0.544935,0.524065,0.503901,0.48426,0.464986,0.446,0.427315,0.40902,0.391231,0.374051,0.357548,0.341764,0.326714,0.312398,0.298806,0.285921,0.273725,0.262198,0.25132,0.241074,0.23144,0.222405,0.213953,0.206072,0.19875,0.191975,0.18574,0.180034,0.17485,0.170181,0.16602,0.162363,0.159203,0.156537,0.15436,0.152671,0.151466,0.150743,0.150503,0.150743
0.122031,0.121837,0.122031,0.122613,0.123583,0.124945,0.126699,0.12885,0.131401,0.134357,0.137725,0.141509,0.145717,0.150357,0.155439,0.160972,0.166967,0.173437,0.180396,0.187859,0.195845,0.204374,0.213467,0.223153,0.233459,0.244422,0.25608,0.268478,0.281669,0.295713,0.310678,0.326645,0.343703,0.361953,0.381509,0.402496,0.425042,0.44928,0.475326,0.503265,0.533157,0.565179,0.600333,0.623663,0.641306,0.655325,0.666539,0.673114,0.675574,0.67377,0.669355,0.659896,0.647028,0.62813,0.613691,0.600848,0.588014,0.571894,0.552295,0.532641,0.513317,0.494424,0.475963,0.457881,0.440122,0.422657,0.405506,0.388725,0.372389,0.356572,0.341329,0.326698,0.312703,0.29935,0.28664,0.274565,0.263113,0.252273,0.242029,0.232369,0.22328,0.214747,0.206761,0.199309,0.192382,0.185971,0.180067,0.174662,0.169751,0.165326,0.161382,0.157913,0.154917,0.152388,0.150323,0.14872,0.147576,0.14689,0.146662,0.14689
0.119217,0.119032,0.119217,0.119774,0.120702,0.122003,0.12368,0.125736,0.128175,0.131,0.134218,0.137834,0.141854,0.146287,0.15114,0.156424,0.162148,0.168324,0.174966,0.182089,0.189708,0.197843,0.206514,0.215747,0.225566,0.236004,0.247096,0.25888,0.271402,0.284712,0.298867,0.31393,0.32997,0.347063,0.365286,0.384721,0.405441,0.427509,0.450965,0.475826,0.502117,0.530047,0.560639,0.577267,0.593218,0.607895,0.623604,0.631591,0.63417,0.630033,0.626929,0.613889,0.601341,0.587392,0.574253,0.561546,0.548409,0.533684,0.517294,0.500298,0.483194,0.466206,0.449431,0.432898,0.416613,0.400587,0.384848,0.369443,0.354427,0.339856,0.325776,0.312224,0.299222,0.286784,0.274915,0.263614,0.252877,0.242696,0.233063,0.223967,0.215399,0.20735,0.199809,0.192769,0.18622,0.180156,0.17457,0.169454,0.164802,0.16061,0.156873,0.153585,0.150744,0.148346,0.146388,0.144867,0.143782,0.143132,0.142915,0.143132
0.116481,0.116304,0.116481,0.117013,0.1179,0.119144,0.120747,0.122713,0.125043,0.127743,0.130818,0.134272,0.138112,0.142345,0.146979,0.152023,0.157485,0.163379,0.169714,0.176506,0.183768,0.191519,0.199777,0.208563,0.217902,0.227819,0.238347,0.249516,0.261365,0.273935,0.287269,0.301416,0.316424,0.332344,0.349223,0.367104,0.386012,0.405953,0.426893,0.448742,0.47132,0.494242,0.516417,0.533715,0.548631,0.561712,0.573088,0.580574,0.584712,0.587629,0.5793,0.569696,0.559308,0.548049,0.536537,0.52478,0.512448,0.499139,0.48484,0.469941,0.454765,0.439525,0.424343,0.40929,0.394408,0.379732,0.3653,0.351157,0.337349,0.323923,0.31092,0.29837,0.2863,0.274724,0.263653,0.253089,0.243034,0.233483,0.224433,0.215877,0.207809,0.200221,0.193107,0.18646,0.180273,0.174541,0.169257,0.164416,0.160013,0.156043,0.152503,0.149388,0.146695,0.144421,0.142564,0.141122,0.140093,0.139476,0.139271,0.139476
0.113827,0.113658,0.113827,0.114336,0.115184,0.116374,0.117906,0.119785,0.122012,0.124592,0.127529,0.130829,0.134496,0.138538,0.142961,0.147773,0.152985,0.158604,0.164643,0.171114,0.17803,0.185407,0.193261,0.20161,0.210476,0.219881,0.22985,0.24041,0.25159,0.263422,0.275938,0.289171,0.303153,0.317912,0.33347,0.349837,0.367001,0.384921,0.403512,0.422613,0.441949,0.461037,0.47901,0.494546,0.507937,0.519339,0.528613,0.535083,0.538668,0.539344,0.535118,0.528422,0.520247,0.511013,0.501079,0.490559,0.479386,0.467457,0.454806,0.441621,0.428108,0.414434,0.400719,0.387046,0.373476,0.360057,0.346834,0.333853,0.321156,0.308784,0.296774,0.285158,0.273957,0.263192,0.252872,0.243006,0.233597,0.224646,0.216151,0.208109,0.200517,0.19337,0.186663,0.18039,0.174549,0.169132,0.164136,0.159557,0.15539,0.151632,0.148279,0.145328,0.142776,0.140621,0.138861,0.137494,0.136518,0.135933,0.135738,0.135933
0.111263,0.111101,0.111263,0.111749,0.11256,0.113697,0.115162,0.116958,0.119087,0.121552,0.124358,0.127509,0.131011,0.134869,0.13909,0.143681,0.14865,0.154006,0.159759,0.16592,0.172501,0.179514,0.186975,0.194898,0.203302,0.212204,0.221625,0.231586,0.242108,0.253214,0.264925,0.277263,0.290243,0.303875,0.318161,0.333085,0.348609,0.364665,0.381135,0.397834,0.414485,0.430675,0.445839,0.459377,0.471138,0.481044,0.488924,0.494484,0.497556,0.497984,0.495415,0.490609,0.484197,0.476593,0.468087,0.458832,0.448879,0.43825,0.427011,0.415286,0.403219,0.39094,0.378556,0.366152,0.353793,0.341536,0.329429,0.317517,0.305841,0.294441,0.28335,0.272598,0.262208,0.2522,0.242586,0.233377,0.224579,0.216195,0.208227,0.200673,0.193533,0.186804,0.180483,0.174568,0.169053,0.163937,0.159215,0.154885,0.150943,0.147385,0.14421,0.141415,0.138997,0.136955,0.135286,0.13399,0.133065,0.13251,0.132325,0.13251
0.108792,0.108637,0.108792,0.109257,0.110033,0.11112,0.112521,0.114237,0.116272,0.118628,0.121308,0.124318,0.127662,0.131344,0.135371,0.13975,0.144487,0.14959,0.155068,0.16093,0.167186,0.173848,0.180928,0.188438,0.196393,0.204806,0.213693,0.22307,0.232951,0.243351,0.254282,0.265753,0.277769,0.290326,0.303408,0.316982,0.330996,0.345363,0.359957,0.374598,0.389038,0.402954,0.415966,0.427708,0.437963,0.446578,0.453392,0.458227,0.460954,0.461488,0.45981,0.456241,0.451155,0.444862,0.437599,0.429523,0.420732,0.411298,0.401304,0.390852,0.380054,0.369016,0.357833,0.346585,0.335337,0.324147,0.313065,0.302135,0.291399,0.280893,0.27065,0.260699,0.251062,0.241759,0.232806,0.224214,0.21599,0.20814,0.200668,0.193576,0.186864,0.180531,0.174577,0.168998,0.163794,0.158963,0.154501,0.150406,0.146676,0.143309,0.140303,0.137655,0.135364,0.133428,0.131846,0.130617,0.12974,0.129214,0.129039,0.129214
0.10642,0.106272,0.10642,0.106865,0.107607,0.108647,0.109987,0.111628,0.113573,0.115824,0.118386,0.121261,0.124453,0.127968,0.13181,0.135986,0.1405,0.145361,0.150574,0.15615,0.162095,0.168418,0.175131,0.182242,0.189762,0.197703,0.206075,0.214887,0.22415,0.23387,0.244052,0.254697,0.265799,0.277342,0.2893,0.301631,0.314271,0.32713,0.340084,0.352968,0.365574,0.377651,0.388923,0.399131,0.408073,0.415589,0.421538,0.425796,0.428275,0.428936,0.42782,0.425102,0.421012,0.415772,0.409567,0.402542,0.394806,0.386449,0.37756,0.36823,0.358554,0.348622,0.338519,0.328318,0.318082,0.307867,0.297723,0.287694,0.27782,0.268136,0.258674,0.249462,0.240523,0.231877,0.223539,0.215522,0.207836,0.200489,0.193484,0.186826,0.180517,0.174558,0.168948,0.163689,0.158778,0.154215,0.149998,0.146126,0.142597,0.13941,0.136563,0.134055,0.131884,0.130049,0.128549,0.127383,0.126551,0.126052,0.125886,0.126052
0.104152,0.10401,0.104152,0.104578,0.105288,0.106283,0.107564,0.109134,0.110994,0.113146,0.115594,0.118341,0.12139,0.124745,0.128411,0.132393,0.136695,0.141324,0.146286,0.151586,0.157233,0.163232,0.169592,0.176321,0.183425,0.190912,0.198789,0.207061,0.215733,0.224805,0.234277,0.244141,0.254384,0.264983,0.275905,0.287102,0.298507,0.31003,0.321557,0.332942,0.344012,0.354569,0.364404,0.373317,0.381139,0.387726,0.392959,0.396744,0.39902,0.39977,0.399037,0.39693,0.393601,0.389206,0.383891,0.377781,0.370982,0.363583,0.355673,0.347335,0.338654,0.329709,0.320574,0.311317,0.301998,0.292671,0.283383,0.274177,0.265093,0.256163,0.24742,0.238889,0.230595,0.222556,0.21479,0.207309,0.200125,0.193246,0.186679,0.180428,0.174497,0.168889,0.163605,0.158645,0.15401,0.1497,0.145714,0.142052,0.138712,0.135694,0.132997,0.13062,0.128562,0.126822,0.125399,0.124294,0.123504,0.123031,0.122873,0.123031
0.101992,0.101856,0.101992,0.102399,0.103079,0.104031,0.105258,0.10676,0.108539,0.110598,0.112939,0.115564,0.118477,0.121681,0.12518,0.128977,0.133078,0.137487,0.142208,0.147247,0.152609,0.158299,0.164323,0.170686,0.177393,0.184448,0.191854,0.199613,0.207725,0.216186,0.224989,0.234123,0.243568,0.253297,0.263272,0.273444,0.283745,0.294091,0.304378,0.31448,0.324254,0.33354,0.342173,0.349997,0.35687,0.362671,0.367302,0.370689,0.372787,0.373588,0.373124,0.371471,0.368731,0.36502,0.360451,0.355129,0.349148,0.342594,0.335548,0.328088,0.320289,0.312221,0.303954,0.295547,0.287056,0.278534,0.270024,0.261569,0.253205,0.244965,0.236881,0.228976,0.221275,0.213798,0.20656,0.199577,0.192859,0.186417,0.180257,0.174387,0.16881,0.16353,0.15855,0.153871,0.149495,0.145422,0.141653,0.138187,0.135025,0.132167,0.129611,0.127357,0.125405,0.123754,0.122404,0.121354,0.120605,0.120155,0.120006,0.120155
0.0999428,0.0998125,0.0999428,0.100333,0.100984,0.101897,0.103072,0.10451,0.106213,0.108184,0.110423,0.112934,0.115718,0.118779,0.122119,0.125743,0.129653,0.133853,0.138346,0.143137,0.148229,0.153627,0.159332,0.165349,0.17168,0.178326,0.185288,0.192563,0.200148,0.208036,0.216216,0.224672,0.233382,0.242315,0.251432,0.260683,0.270003,0.279315,0.288526,0.297528,0.306201,0.314415,0.322037,0.328941,0.335011,0.340147,0.344268,0.347314,0.349251,0.350072,0.349801,0.348491,0.346216,0.343061,0.339116,0.334467,0.329197,0.323382,0.317097,0.310411,0.303393,0.296107,0.288613,0.280968,0.273224,0.265428,0.257624,0.24985,0.242142,0.234533,0.22705,0.219719,0.212563,0.205602,0.198852,0.192328,0.186042,0.180004,0.174224,0.168707,0.163459,0.158485,0.153789,0.149372,0.145238,0.141387,0.13782,0.134538,0.131542,0.128832,0.126408,0.12427,0.122417,0.120849,0.119567,0.11857,0.117858,0.117431,0.117289,0.117431
0.0980093,0.0978843,0.0980093,0.0983837,0.0990081,0.099883,0.101009,0.102388,0.10402,0.105907,0.108051,0.110454,0.113117,0.116043,0.119235,0.122695,0.126425,0.130428,0.134707,0.139264,0.144102,0.149223,0.154629,0.16032,0.166297,0.172559,0.179103,0.185926,0.19302,0.200376,0.20798,0.215812,0.223849,0.232059,0.240403,0.24883,0.257282,0.265688,0.273966,0.282023,0.289757,0.297061,0.303828,0.309954,0.315344,0.319915,0.323601,0.326352,0.328141,0.328962,0.32883,0.327785,0.32588,0.323181,0.319758,0.315683,0.311025,0.305854,0.300235,0.294232,0.287904,0.281311,0.274507,0.267543,0.260469,0.253328,0.24616,0.239003,0.231891,0.224853,0.217919,0.211112,0.204455,0.197966,0.191664,0.185563,0.179674,0.174011,0.16858,0.16339,0.158448,0.153758,0.149325,0.145152,0.141242,0.137597,0.134219,0.131109,0.128267,0.125696,0.123394,0.121363,0.119603,0.118113,0.116894,0.115946,0.115269,0.114863,0.114727,0.114863
0.0961945,0.0960746,0.0961945,0.096554,0.0971534,0.0979931,0.0990739,0.100396,0.101962,0.103771,0.105826,0.108128,0.110678,0.113479,0.116531,0.119837,0.123399,0.127218,0.131296,0.135634,0.140234,0.145096,0.15022,0.155607,0.161253,0.167157,0.173313,0.179716,0.186356,0.193221,0.200295,0.207558,0.214984,0.222542,0.230192,0.237888,0.245574,0.253188,0.260656,0.267898,0.27483,0.28136,0.287401,0.292867,0.297679,0.30177,0.305083,0.307578,0.309232,0.310038,0.310008,0.309169,0.307562,0.305238,0.302252,0.298665,0.294535,0.289923,0.284886,0.27948,0.273761,0.267781,0.261589,0.255234,0.248759,0.242204,0.235609,0.229008,0.222434,0.215915,0.209478,0.203147,0.196944,0.190888,0.184995,0.17928,0.173757,0.168436,0.163328,0.15844,0.153779,0.149351,0.145161,0.141214,0.137511,0.134057,0.130853,0.127902,0.125204,0.122761,0.120573,0.118641,0.116967,0.115549,0.114389,0.113486,0.112842,0.112455,0.112326,0.112455
0.0945017,0.0943864,0.0945017,0.0948473,0.0954235,0.0962306,0.0972691,0.0985397,0.100043,0.10178,0.103753,0.105961,0.108406,0.111089,0.114011,0.117175,0.12058,0.124227,0.128118,0.132252,0.13663,0.141252,0.146115,0.151218,0.156558,0.16213,0.167928,0.173944,0.180166,0.186582,0.193174,0.199921,0.206796,0.213768,0.2208,0.227848,0.234862,0.241784,0.24855,0.255091,0.261335,0.267205,0.272629,0.277533,0.281854,0.285534,0.288527,0.2908,0.292331,0.293114,0.293158,0.292481,0.291115,0.289101,0.286483,0.28331,0.279633,0.275504,0.270973,0.266091,0.260907,0.255467,0.249818,0.244002,0.23806,0.232031,0.225948,0.219847,0.213756,0.207705,0.201717,0.195818,0.190026,0.184362,0.178841,0.173479,0.168289,0.163282,0.158469,0.153857,0.149454,0.145267,0.1413,0.13756,0.134049,0.13077,0.127727,0.124922,0.122356,0.120031,0.117948,0.116108,0.114512,0.113161,0.112055,0.111195,0.11058,0.110211,0.110088,0.110211
0.0929337,0.0928227,0.0929337,0.0932666,0.0938213,0.0945982,0.0955978,0.0968204,0.0982667,0.0999372,0.101833,0.103954,0.106302,0.108877,0.11168,0.114711,0.117971,0.12146,0.125177,0.129123,0.133297,0.137696,0.142319,0.147161,0.152219,0.157487,0.162956,0.168618,0.174461,0.180469,0.186624,0.192905,0.199287,0.205737,0.212221,0.218699,0.225123,0.231443,0.237602,0.24354,0.249194,0.254501,0.259398,0.263825,0.267727,0.271057,0.273776,0.275854,0.277275,0.278031,0.278128,0.277579,0.276411,0.274653,0.272343,0.269522,0.266233,0.262521,0.258429,0.254004,0.249287,0.244323,0.239151,0.233813,0.228344,0.22278,0.217155,0.2115,0.205842,0.20021,0.194626,0.189114,0.183694,0.178384,0.1732,0.168158,0.16327,0.158548,0.154002,0.149642,0.145474,0.141506,0.137744,0.134193,0.130856,0.127738,0.124842,0.122171,0.119725,0.117509,0.115522,0.113767,0.112243,0.110953,0.109897,0.109075,0.108487,0.108135,0.108017,0.108135
0.0914933,0.0913861,0.0914933,0.0918144,0.0923495,0.0930988,0.0940627,0.0952413,0.0966352,0.0982446,0.10007,0.102112,0.104371,0.106846,0.109539,0.112449,0.115576,0.11892,0.122479,0.126253,0.130239,0.134435,0.138837,0.143442,0.148243,0.153233,0.158405,0.163746,0.169245,0.174886,0.18065,0.186515,0.192457,0.198445,0.204447,0.210424,0.216334,0.222132,0.227767,0.233187,0.238337,0.243163,0.247612,0.251632,0.255178,0.258209,0.260692,0.262603,0.263925,0.264652,0.264787,0.26434,0.263332,0.261788,0.259737,0.257214,0.254257,0.250902,0.24719,0.24316,0.238851,0.234302,0.22955,0.22463,0.219579,0.214427,0.209207,0.203948,0.198676,0.193417,0.188194,0.183029,0.177942,0.172949,0.168068,0.163313,0.158697,0.154232,0.149928,0.145795,0.14184,0.138071,0.134494,0.131114,0.127936,0.124964,0.122202,0.119652,0.117316,0.115198,0.113299,0.11162,0.110162,0.108928,0.107916,0.107129,0.106567,0.106229,0.106116,0.106229
0.0901828,0.0900792,0.0901828,0.0904932,0.0910105,0.0917348,0.0926662,0.093805,0.0951513,0.0967053,0.0984671,0.100437,0.102615,0.105,0.107593,0.110393,0.1134,0.116612,0.120027,0.123644,0.12746,0.131472,0.135675,0.140065,0.144634,0.149375,0.154278,0.159332,0.164524,0.169836,0.175252,0.180749,0.186303,0.191885,0.197465,0.203006,0.208471,0.213818,0.219003,0.223979,0.228699,0.233116,0.237183,0.240859,0.244102,0.246879,0.24916,0.250926,0.25216,0.252858,0.253021,0.252656,0.251779,0.250412,0.248578,0.246307,0.243631,0.240583,0.237196,0.233508,0.229552,0.225364,0.220976,0.216424,0.211738,0.206948,0.202085,0.197174,0.192243,0.187314,0.182411,0.177554,0.172762,0.168052,0.163441,0.158942,0.154569,0.150334,0.146247,0.142317,0.138554,0.134963,0.131552,0.128326,0.125291,0.12245,0.119807,0.117367,0.11513,0.113101,0.11128,0.10967,0.108272,0.107088,0.106117,0.105361,0.104821,0.104497,0.104389,0.104497
0.0890044,0.088904,0.0890044,0.0893052,0.0898066,0.0905084,0.0914108,0.0925138,0.0938173,0.0953215,0.0970262,0.0989312,0.101036,0.103341,0.105845,0.108546,0.111444,0.114538,0.117824,0.121301,0.124965,0.128812,0.132838,0.137035,0.141397,0.145916,0.15058,0.15538,0.160299,0.165323,0.170432,0.175606,0.180821,0.18605,0.191263,0.196428,0.20151,0.20647,0.21127,0.215868,0.220223,0.224293,0.228038,0.231422,0.234409,0.23697,0.23908,0.240721,0.241879,0.242549,0.242731,0.242432,0.241663,0.240442,0.238789,0.23673,0.234292,0.231504,0.228396,0.225,0.221347,0.21747,0.213398,0.209163,0.204794,0.20032,0.195767,0.191162,0.186528,0.181889,0.177267,0.17268,0.168148,0.163687,0.159314,0.155042,0.150884,0.146852,0.142957,0.139208,0.135614,0.132181,0.128918,0.125829,0.122921,0.120196,0.117661,0.115318,0.11317,0.111219,0.109469,0.10792,0.106575,0.105435,0.104501,0.103773,0.103253,0.102941,0.102837,0.102941
0.0879601,0.0878624,0.0879601,0.0882525,0.0887397,0.0894216,0.0902983,0.0913696,0.0926354,0.0940956,0.0957497,0.0975975,0.0996383,0.101871,0.104296,0.10691,0.109713,0.112702,0.115874,0.119227,0.122757,0.126459,0.130327,0.134355,0.138535,0.142859,0.147315,0.15189,0.156572,0.161344,0.166187,0.171082,0.176004,0.180929,0.185828,0.190671,0.195426,0.200058,0.204532,0.208811,0.212858,0.216637,0.220112,0.223251,0.226023,0.228403,0.230368,0.231903,0.232995,0.233639,0.233835,0.233588,0.232907,0.231806,0.230304,0.228422,0.226183,0.223614,0.220741,0.217593,0.214199,0.210586,0.206785,0.202822,0.198726,0.194522,0.190237,0.185895,0.181519,0.177131,0.172751,0.1684,0.164094,0.15985,0.155684,0.151609,0.147639,0.143785,0.140058,0.136467,0.133021,0.129727,0.126593,0.123625,0.120827,0.118206,0.115764,0.113506,0.111436,0.109555,0.107866,0.106372,0.105073,0.103972,0.10307,0.102367,0.101865,0.101563,0.101462,0.101563
0.0870515,0.0869563,0.0870515,0.0873366,0.0878115,0.0884762,0.0893305,0.0903744,0.0916074,0.0930293,0.0946396,0.0964376,0.0984226,0.100594,0.102949,0.105488,0.108207,0.111105,0.114179,0.117425,0.120838,0.124414,0.128146,0.132028,0.136051,0.140206,0.144482,0.148866,0.153344,0.157901,0.162517,0.167173,0.171846,0.176513,0.181146,0.185718,0.190199,0.194557,0.198758,0.202771,0.206562,0.210098,0.213349,0.216284,0.218878,0.221107,0.222952,0.224398,0.225434,0.226055,0.226261,0.226054,0.225444,0.224442,0.223063,0.221327,0.219254,0.216867,0.21419,0.21125,0.208072,0.204683,0.201109,0.197376,0.19351,0.189536,0.185478,0.18136,0.177203,0.173029,0.168857,0.164706,0.160593,0.156535,0.152546,0.148641,0.144832,0.141131,0.137548,0.134093,0.130774,0.1276,0.124578,0.121713,0.119011,0.116478,0.114118,0.111934,0.10993,0.10811,0.106474,0.105027,0.103768,0.102701,0.101827,0.101145,0.100658,0.100365,0.100268,0.100365
0.0862802,0.0861871,0.0862802,0.0865591,0.0870236,0.0876737,0.0885091,0.0895296,0.0907348,0.0921243,0.0936973,0.0954532,0.0973909,0.0995091,0.101806,0.104281,0.10693,0.109751,0.112741,0.115896,0.119211,0.12268,0.126298,0.130056,0.133947,0.13796,0.142084,0.146308,0.150615,0.154991,0.159417,0.163874,0.168341,0.172793,0.177207,0.181556,0.18581,0.189941,0.19392,0.197715,0.201297,0.204635,0.207702,0.210472,0.21292,0.215026,0.216772,0.218145,0.219135,0.219736,0.219948,0.219774,0.21922,0.218297,0.217018,0.2154,0.213462,0.211223,0.208708,0.205938,0.202938,0.199733,0.196346,0.192804,0.189129,0.185346,0.181477,0.177545,0.17357,0.169574,0.165575,0.161592,0.157641,0.153738,0.149898,0.146135,0.142461,0.138888,0.135426,0.132085,0.128874,0.125801,0.122872,0.120095,0.117474,0.115015,0.112724,0.110602,0.108655,0.106885,0.105294,0.103886,0.102662,0.101623,0.100772,0.100108,0.099634,0.0993492,0.0992542,0.0993492
0.0856475,0.0855561,0.0856475,0.0859212,0.0863772,0.0870153,0.0878352,0.0888366,0.0900191,0.0913819,0.0929245,0.0946458,0.0965448,0.0986198,0.100869,0.103291,0.105883,0.108641,0.111562,0.114642,0.117877,0.121259,0.124783,0.128441,0.132223,0.136121,0.140122,0.144214,0.148383,0.152613,0.156885,0.161182,0.165482,0.169762,0.174,0.178169,0.182242,0.186193,0.189994,0.193615,0.19703,0.200212,0.203133,0.205772,0.208104,0.210112,0.21178,0.213094,0.214046,0.214631,0.214848,0.214698,0.214188,0.213327,0.212127,0.210602,0.208771,0.206651,0.204263,0.201629,0.198772,0.195713,0.192478,0.189088,0.185566,0.181936,0.17822,0.174438,0.170611,0.166759,0.1629,0.159052,0.155232,0.151455,0.147736,0.144088,0.140524,0.137055,0.133692,0.130444,0.12732,0.124329,0.121476,0.11877,0.116215,0.113818,0.111582,0.109511,0.10761,0.105881,0.104327,0.102951,0.101755,0.10074,0.0999071,0.0992585,0.0987946,0.0985161,0.0984232,0.0985161
0.0851543,0.0850642,0.0851543,0.0854241,0.0858734,0.0865022,0.08731,0.0882965,0.0894612,0.0908034,0.0923222,0.0940167,0.0958854,0.0979268,0.100139,0.10252,0.105067,0.107776,0.110644,0.113666,0.116838,0.120153,0.123604,0.127183,0.130882,0.13469,0.138596,0.142587,0.146649,0.150765,0.154919,0.159092,0.163264,0.167413,0.171515,0.175546,0.179482,0.183295,0.18696,0.19045,0.193738,0.1968,0.199612,0.20215,0.204395,0.206328,0.207936,0.209206,0.210129,0.210702,0.210921,0.21079,0.210312,0.209498,0.208357,0.206903,0.205152,0.203122,0.200832,0.198301,0.195552,0.192607,0.189486,0.186213,0.182809,0.179297,0.175697,0.172031,0.168317,0.164576,0.160825,0.157082,0.153363,0.149683,0.146057,0.142499,0.139019,0.135631,0.132344,0.129168,0.126112,0.123184,0.120391,0.11774,0.115236,0.112886,0.110693,0.108662,0.106796,0.105099,0.103574,0.102223,0.101048,0.100051,0.0992335,0.0985964,0.0981407,0.097867,0.0977757,0.097867
0.0848014,0.0847123,0.0848014,0.0850684,0.085513,0.086135,0.0869342,0.0879101,0.0890621,0.0903895,0.0918914,0.0935666,0.0954137,0.0974311,0.0996168,0.101968,0.104483,0.107157,0.109987,0.112968,0.116095,0.119362,0.122761,0.126284,0.129924,0.133668,0.137506,0.141425,0.14541,0.149447,0.153517,0.157602,0.161683,0.165738,0.169745,0.17368,0.177518,0.181234,0.184804,0.188201,0.1914,0.194379,0.197113,0.199581,0.201764,0.203646,0.205212,0.20645,0.207353,0.207916,0.208137,0.208018,0.207564,0.206781,0.205682,0.204277,0.202583,0.200616,0.198394,0.195937,0.193264,0.190398,0.187358,0.184168,0.180847,0.177418,0.173901,0.170316,0.166683,0.163021,0.159346,0.155677,0.15203,0.14842,0.14486,0.141364,0.137945,0.134614,0.131381,0.128257,0.125249,0.122366,0.119615,0.117004,0.114537,0.11222,0.110058,0.108055,0.106215,0.104541,0.103036,0.101703,0.100543,0.099559,0.0987518,0.0981229,0.097673,0.0974028,0.0973126,0.0974028
0.0845895,0.0845009,0.0845895,0.0848547,0.0852965,0.0859145,0.0867086,0.0876781,0.0888224,0.0901409,0.0916326,0.0932963,0.0951305,0.0971335,0.0993032,0.101637,0.104133,0.106786,0.109593,0.112549,0.115649,0.118887,0.122255,0.125745,0.129348,0.133054,0.136852,0.140727,0.144667,0.148656,0.152676,0.156709,0.160736,0.164736,0.168685,0.172562,0.176342,0.180001,0.183514,0.186856,0.190003,0.192932,0.19562,0.198047,0.200194,0.202044,0.203585,0.204805,0.205696,0.206253,0.206475,0.206363,0.205922,0.205159,0.204084,0.202709,0.201048,0.199119,0.196937,0.194523,0.191896,0.189076,0.186085,0.182944,0.179673,0.176294,0.172826,0.16929,0.165705,0.162089,0.15846,0.154836,0.151231,0.147662,0.144142,0.140684,0.137301,0.134005,0.130804,0.12771,0.124731,0.121876,0.11915,0.116562,0.114117,0.11182,0.109676,0.10769,0.105865,0.104205,0.102713,0.10139,0.10024,0.0992634,0.0984626,0.0978385,0.0973921,0.097124,0.0970346,0.097124
0.0845188,0.0844304,0.0845188,0.0847835,0.0852243,0.085841,0.0866333,0.0876007,0.0887425,0.090058,0.0915463,0.0932061,0.095036,0.0970342,0.0991986,0.101527,0.104016,0.106662,0.109461,0.112409,0.1155,0.118728,0.122086,0.125565,0.129156,0.13285,0.136634,0.140495,0.14442,0.148392,0.152396,0.156412,0.160421,0.164402,0.168333,0.17219,0.175951,0.179591,0.183085,0.186409,0.189538,0.192451,0.195123,0.197537,0.199671,0.201512,0.203044,0.204258,0.205145,0.2057,0.205923,0.205813,0.205377,0.20462,0.203553,0.202187,0.200538,0.19862,0.196452,0.194052,0.19144,0.188637,0.185662,0.182537,0.179282,0.175919,0.172468,0.168948,0.165379,0.161779,0.158165,0.154556,0.150965,0.14741,0.143903,0.140458,0.137087,0.133801,0.130612,0.127528,0.124559,0.121712,0.118995,0.116415,0.113977,0.111687,0.109549,0.107569,0.105749,0.104094,0.102605,0.101286,0.100139,0.0991648,0.0983661,0.0977437,0.0972984,0.097031,0.0969419,0.097031
0,0.0845009,0.0845895,0.0848547,0.0852965,0.0859145,0.0867086,0.0876781,0.0888224,0.0901409,0.0916326,0.0932963,0.0951305,0.0971335,0.0993032,0.101637,0.104133,0.106786,0.109593,0.112549,0.115649,0.118887,0.122255,0.125745,0.129348,0.133054,0.136852,0.140727,0.144667,0.148656,0.152676,0.156709,0.160736,0.164736,0.168685,0.172562,0.176342,0.180001,0.183514,0.186856,0.190003,0.192932,0.19562,0.198047,0.200194,0.202044,0.203585,0.204805,0.205696,0.206253,0.206475,0.206363,0.205922,0.205159,0.204084,0.202709,0.201048,0.199119,0.196937,0.194523,0.191896,0.189076,0.186085,0.182944,0.179673,0.176294,0.172826,0.16929,0.165705,0.162089,0.15846,0.154836,0.151231,0.147662,0.144142,0.140684,0.137301,0.134005,0.130804,0.12771,0.124731,0.121876,0.11915,0.116562,0.114117,0.11182,0.109676,0.10769,0.105865,0.104205,0.102713,0.10139,0.10024,0.0992634,0.0984626,0.0978385,0.0973921,0.097124,0.0970346,0
