0,0.626856,0.628129,0.633147,0.626247,0.622269,0.618724,0.616067,0.614707,0.614494,0.612317,0.611511,0.612412,0.614329,0.613027,0.607981,0.602268,0.597216,0.593164,0.590047,0.587625,0.585667,0.584393,0.583565,0.579662,0.575933,0.572096,0.566889,0.560797,0.554326,0.547604,0.540482,0.532861,0.525148,0.517704,0.510733,0.504325,0.498493,0.493195,0.488324,0.483686,0.478968,0.473868,0.468687,0.463732,0.459195,0.455175,0.451723,0.44886,0.446597,0.444937,0.443881,0.443432,0.443592,0.444365,0.445758,0.447787,0.450478,0.453884,0.458117,0.463429,0.470512,0.481799,0.475635,0.473646,0.473373,0.474105,0.47559,0.477736,0.480507,0.483887,0.487861,0.492403,0.497477,0.503044,0.509088,0.515663,0.52296,0.531334,0.541519,0.55572,0.555473,0.559415,0.565548,0.57345,0.583338,0.596628,0.595604,0.597976,0.602211,0.607661,0.613413,0.616228,0.620119,0.627367,0.622352,0.62044,0.619669,0.619465,0
0.627988,0.627134,0.627988,0.629719,0.625754,0.621959,0.618691,0.6165,0.616311,0.620466,0.613991,0.611995,0.612096,0.612692,0.611145,0.606962,0.601862,0.597059,0.593044,0.589883,0.587483,0.585883,0.585795,0.589595,0.580893,0.575728,0.571216,0.566,0.560051,0.553648,0.546911,0.539801,0.532328,0.524772,0.517436,0.510522,0.50413,0.498281,0.492932,0.487973,0.483216,0.478417,0.473406,0.46835,0.463491,0.459013,0.455027,0.451592,0.448739,0.44648,0.444823,0.443769,0.443322,0.443483,0.44426,0.445661,0.447704,0.450425,0.453888,0.458214,0.463598,0.470196,0.477048,0.475299,0.473778,0.47342,0.474054,0.475483,0.477601,0.480357,0.483723,0.48768,0.492202,0.497258,0.502822,0.508897,0.515559,0.522994,0.531492,0.541316,0.551764,0.555349,0.559742,0.565854,0.573652,0.582945,0.59256,0.595164,0.59802,0.602099,0.6071,0.612133,0.615767,0.61965,0.623771,0.621884,0.620242,0.619384,0.61913,0.619384
0.628129,0.626856,0.628129,0.633147,0.626247,0.622269,0.618724,0.616067,0.614707,0.614494,0.612317,0.611511,0.612412,0.614329,0.613027,0.607981,0.602268,0.597216,0.593164,0.590047,0.587625,0.585667,0.584393,0.583565,0.579662,0.575933,0.572096,0.566889,0.560797,0.554326,0.547604,0.540482,0.532861,0.525148,0.517704,0.510733,0.504325,0.498493,0.493195,0.488324,0.483686,0.478968,0.473868,0.468687,0.463732,0.459195,0.455175,0.451723,0.44886,0.446597,0.444937,0.443881,0.443432,0.443592,0.444365,0.445758,0.447787,0.450478,0.453884,0.458117,0.463429,0.470512,0.481799,0.475635,0.473646,0.473373,0.474105,0.47559,0.477736,0.480507,0.483887,0.487861,0.492403,0.497477,0.503044,0.509088,0.515663,0.52296,0.531334,0.541519,0.55572,0.555473,0.559415,0.565548,0.57345,0.583338,0.596628,0.595604,0.597976,0.602211,0.607661,0.613413,0.616228,0.620119,0.627367,0.622352,0.62044,0.619669,0.619465,0.619669
0.625691,0.625188,0.625691,0.626742,0.62498,0.6233,0.619018,0.61548,0.613097,0.611626,0.61041,0.610455,0.61285,0.620327,0.619791,0.610797,0.603132,0.597482,0.59345,0.590612,0.588395,0.585855,0.58363,0.581695,0.579334,0.577316,0.575408,0.569718,0.562963,0.556285,0.549715,0.542668,0.534477,0.526233,0.51846,0.511332,0.504883,0.499099,0.493946,0.489353,0.485136,0.480792,0.475295,0.469672,0.464421,0.459715,0.455606,0.452108,0.449221,0.446946,0.445279,0.444219,0.443766,0.443919,0.444682,0.446057,0.448048,0.450662,0.453907,0.457802,0.462361,0.467512,0.472523,0.472691,0.47269,0.473214,0.474297,0.475936,0.478148,0.480956,0.484373,0.488397,0.493003,0.498144,0.503742,0.50971,0.516022,0.522838,0.530371,0.53873,0.547409,0.552459,0.557954,0.564544,0.572348,0.581432,0.590926,0.593773,0.5972,0.602245,0.609069,0.618788,0.616777,0.618404,0.621121,0.620894,0.620667,0.620559,0.620562,0.620559
0.623865,0.623667,0.623865,0.624313,0.624793,0.62809,0.619716,0.614879,0.611715,0.609637,0.608375,0.608181,0.609344,0.611761,0.6124,0.613418,0.603102,0.597237,0.593645,0.591652,0.590579,0.586815,0.583661,0.581332,0.57974,0.579662,0.583572,0.57467,0.5661,0.559171,0.553323,0.547007,0.53714,0.527824,0.519537,0.512203,0.505714,0.500004,0.495058,0.490917,0.487617,0.484666,0.477734,0.47116,0.465432,0.460497,0.456278,0.452726,0.449812,0.447522,0.445847,0.444782,0.444323,0.44447,0.445223,0.446578,0.448529,0.451061,0.454136,0.457684,0.461571,0.465531,0.468979,0.470807,0.472103,0.473387,0.47483,0.476607,0.478867,0.481705,0.485169,0.489274,0.494002,0.499295,0.505022,0.510954,0.516852,0.522988,0.529585,0.53664,0.543761,0.550048,0.556451,0.563395,0.571048,0.580216,0.592987,0.592486,0.595937,0.601637,0.608734,0.613239,0.614852,0.616768,0.618993,0.62061,0.62195,0.622509,0.62284,0.622509
0.622948,0.622902,0.622948,0.623012,0.622947,0.622471,0.618029,0.613746,0.610381,0.607963,0.606401,0.60568,0.605716,0.606107,0.605769,0.60435,0.599739,0.59583,0.593344,0.59287,0.596552,0.588256,0.583952,0.581313,0.579707,0.5791,0.579605,0.580358,0.568649,0.562017,0.558428,0.555915,0.540252,0.529368,0.520627,0.513182,0.506708,0.501075,0.496287,0.492555,0.490658,0.493424,0.480708,0.47268,0.466517,0.461424,0.457136,0.453551,0.45062,0.448321,0.446641,0.445571,0.445108,0.44525,0.445995,0.44734,0.449273,0.451764,0.454746,0.458088,0.461577,0.46494,0.467939,0.470342,0.472419,0.474296,0.475926,0.477696,0.479913,0.482738,0.486241,0.490453,0.495371,0.500957,0.507054,0.513198,0.518423,0.523668,0.529344,0.5355,0.541976,0.548561,0.555462,0.562602,0.569314,0.576493,0.584004,0.588369,0.59355,0.600769,0.612143,0.611739,0.613788,0.615988,0.618644,0.621774,0.62519,0.625865,0.626955,0.625865
0.623172,0.623191,0.623172,0.622994,0.62267,0.621976,0.617329,0.612834,0.609234,0.606563,0.604711,0.603545,0.602859,0.602306,0.601343,0.599597,0.596789,0.594105,0.592131,0.591033,0.590398,0.586795,0.583663,0.581342,0.579752,0.578501,0.576469,0.573361,0.567177,0.562864,0.563496,0.551253,0.53959,0.529753,0.521389,0.514146,0.507804,0.502234,0.497383,0.493277,0.489949,0.486922,0.47989,0.473216,0.467404,0.462408,0.458146,0.454568,0.451639,0.449341,0.44766,0.446589,0.446123,0.446261,0.447005,0.448354,0.450303,0.452826,0.45585,0.459207,0.462579,0.465589,0.468378,0.471088,0.473827,0.476345,0.477778,0.479241,0.481258,0.484003,0.487526,0.491851,0.49701,0.503054,0.509997,0.517332,0.520956,0.524905,0.529626,0.535054,0.541106,0.547795,0.555285,0.563299,0.568192,0.573526,0.579273,0.584546,0.590248,0.596883,0.604244,0.608942,0.613733,0.615915,0.618992,0.623825,0.632354,0.629986,0.634437,0.629986
0.62471,0.624671,0.62471,0.624279,0.62392,0.626587,0.617624,0.612163,0.608289,0.605468,0.603459,0.602048,0.600989,0.600032,0.598818,0.597018,0.594824,0.592772,0.591144,0.58983,0.588308,0.585955,0.583647,0.581718,0.580538,0.579759,0.57548,0.570505,0.56489,0.559812,0.555207,0.547035,0.538104,0.529651,0.522,0.515166,0.509073,0.503608,0.498662,0.494138,0.489854,0.485332,0.47961,0.473773,0.468349,0.463519,0.45933,0.455784,0.452873,0.450584,0.448908,0.447837,0.447369,0.447504,0.448248,0.449611,0.451606,0.454238,0.457479,0.461173,0.464815,0.467336,0.469779,0.472694,0.476348,0.480379,0.480504,0.481136,0.482785,0.485405,0.48893,0.493345,0.498703,0.505204,0.513514,0.526154,0.52415,0.526365,0.530202,0.534995,0.540623,0.547265,0.555635,0.568184,0.567701,0.571233,0.57611,0.581402,0.587127,0.593401,0.60015,0.607202,0.617445,0.616113,0.618752,0.623357,0.628633,0.628477,0.629173,0.628477
0.62788,0.627226,0.62788,0.626651,0.623302,0.620653,0.615565,0.611043,0.60742,0.604685,0.602728,0.601318,0.600132,0.599129,0.597991,0.595941,0.59382,0.592117,0.59094,0.58993,0.588142,0.586158,0.584336,0.582428,0.582001,0.585594,0.576257,0.569349,0.563117,0.557327,0.551516,0.544595,0.537141,0.529734,0.522763,0.516405,0.510661,0.505402,0.500448,0.495681,0.490909,0.485847,0.480341,0.474799,0.469574,0.464855,0.460727,0.457218,0.45433,0.452057,0.45039,0.449322,0.44885,0.448977,0.449712,0.45108,0.453118,0.455896,0.459516,0.464059,0.469045,0.470042,0.471592,0.474451,0.47939,0.489227,0.483629,0.482922,0.484253,0.486819,0.490368,0.494827,0.500197,0.506501,0.513671,0.520999,0.524116,0.527198,0.530824,0.535113,0.540151,0.546041,0.552858,0.560185,0.564271,0.568674,0.573621,0.578926,0.584565,0.590566,0.596887,0.60342,0.60999,0.613504,0.617716,0.623397,0.63153,0.627302,0.62649,0.627302
0.634099,0.629631,0.634099,0.632307,0.623141,0.618311,0.614082,0.610156,0.606793,0.604244,0.60257,0.601481,0.600205,0.599474,0.599185,0.596043,0.5935,0.592037,0.591665,0.591905,0.589266,0.587286,0.586199,0.582738,0.580525,0.579548,0.575677,0.568576,0.56195,0.5559,0.549963,0.543701,0.537131,0.530366,0.523886,0.517991,0.512714,0.507831,0.502978,0.498151,0.493169,0.487713,0.482002,0.476397,0.471168,0.466468,0.462367,0.458885,0.456023,0.453771,0.452117,0.451053,0.450574,0.450682,0.45139,0.452724,0.454743,0.457568,0.461495,0.467374,0.478148,0.473081,0.472984,0.475021,0.47844,0.482507,0.482775,0.483582,0.4854,0.48817,0.491823,0.496333,0.501703,0.507891,0.514639,0.521042,0.525107,0.528486,0.531788,0.535493,0.539848,0.544924,0.550615,0.556487,0.561592,0.566645,0.571859,0.577208,0.582748,0.588528,0.59454,0.600741,0.606744,0.611355,0.616376,0.622165,0.624949,0.623899,0.623364,0.623899
0.624886,0.624264,0.624886,0.623534,0.6198,0.616517,0.613437,0.60984,0.606476,0.604051,0.602947,0.602947,0.600847,0.600491,0.604346,0.596653,0.593203,0.591964,0.592877,0.59786,0.590824,0.588614,0.591527,0.582882,0.578893,0.577474,0.579397,0.568386,0.561252,0.555393,0.549757,0.544126,0.538315,0.531701,0.525398,0.519924,0.515327,0.511178,0.506418,0.501706,0.496824,0.490742,0.484456,0.478506,0.473113,0.468355,0.46425,0.460791,0.457959,0.455735,0.454101,0.453044,0.452555,0.452634,0.453287,0.454534,0.456415,0.458997,0.462389,0.466673,0.471374,0.472042,0.473133,0.475104,0.477744,0.480496,0.482295,0.484143,0.486513,0.489562,0.493348,0.497918,0.503339,0.509681,0.516924,0.524408,0.527779,0.53085,0.533354,0.536234,0.539847,0.544223,0.549232,0.55461,0.560026,0.565528,0.571043,0.576392,0.581794,0.58737,0.593128,0.599396,0.606035,0.609951,0.615435,0.625111,0.623384,0.621157,0.620346,0.621157
0.61881,0.618805,0.61881,0.618299,0.617159,0.615665,0.614448,0.610424,0.606348,0.603658,0.603339,0.607635,0.600859,0.598413,0.59745,0.594129,0.591795,0.590839,0.591122,0.591812,0.588653,0.585914,0.583982,0.579454,0.575768,0.573132,0.57084,0.565378,0.560322,0.555697,0.550568,0.545743,0.541305,0.533715,0.527058,0.521948,0.518453,0.516087,0.510752,0.506368,0.502603,0.49489,0.487478,0.480952,0.475305,0.470463,0.466356,0.46293,0.460143,0.457961,0.456358,0.455315,0.454817,0.454859,0.45544,0.456564,0.458242,0.460481,0.463259,0.466433,0.469521,0.471469,0.473293,0.475413,0.477836,0.480346,0.482674,0.485095,0.487865,0.491141,0.495019,0.499594,0.505004,0.511533,0.519946,0.532877,0.531747,0.534786,0.535551,0.537258,0.540104,0.543918,0.54852,0.553743,0.559432,0.565468,0.571473,0.576613,0.581764,0.58714,0.592326,0.598813,0.609195,0.60813,0.611462,0.617211,0.623497,0.618174,0.616878,0.618174
0.614399,0.614481,0.614399,0.614842,0.61602,0.615678,0.619408,0.612195,0.60596,0.602015,0.600236,0.6,0.597659,0.595963,0.594021,0.591722,0.59011,0.589573,0.590058,0.590714,0.587155,0.583497,0.580118,0.576262,0.572663,0.569512,0.566517,0.563013,0.560004,0.557539,0.5521,0.547988,0.548454,0.535789,0.528153,0.523329,0.521414,0.524928,0.515087,0.511354,0.513268,0.499659,0.490525,0.483415,0.477582,0.472714,0.468652,0.465296,0.462583,0.460466,0.45891,0.457892,0.457393,0.4574,0.457904,0.458897,0.460369,0.462292,0.464603,0.467158,0.469691,0.471908,0.474049,0.476313,0.478743,0.481282,0.483872,0.486612,0.489633,0.493044,0.49693,0.501379,0.506505,0.512465,0.519435,0.527218,0.532551,0.542007,0.537818,0.538158,0.540415,0.543852,0.548226,0.553457,0.559548,0.566507,0.573849,0.577911,0.58261,0.588212,0.591341,0.595466,0.600527,0.603063,0.606228,0.60994,0.612862,0.612332,0.611982,0.612332
0.610605,0.611455,0.610605,0.611793,0.617547,0.612763,0.612674,0.614124,0.604409,0.599325,0.596704,0.595585,0.594922,0.594868,0.592052,0.589727,0.588446,0.58838,0.589922,0.594927,0.586847,0.581887,0.577809,0.573883,0.570176,0.566794,0.563755,0.561202,0.560183,0.563391,0.553333,0.546677,0.541532,0.533833,0.527419,0.522774,0.51992,0.518408,0.514275,0.511646,0.509994,0.500886,0.492462,0.485505,0.479783,0.475043,0.471116,0.46789,0.465292,0.46327,0.461784,0.460808,0.460319,0.4603,0.460737,0.461614,0.462908,0.464584,0.466576,0.468782,0.471062,0.473309,0.475577,0.477943,0.480444,0.483075,0.485833,0.488765,0.491936,0.495403,0.499216,0.503434,0.508128,0.513357,0.51909,0.525006,0.530238,0.535271,0.536575,0.538156,0.540569,0.543876,0.54811,0.553358,0.559855,0.568233,0.580591,0.579665,0.583654,0.592866,0.59048,0.592308,0.595518,0.598505,0.601593,0.604611,0.606839,0.607465,0.607543,0.607465
0.605908,0.611258,0.605908,0.605314,0.606857,0.60629,0.605541,0.604244,0.599348,0.595286,0.592779,0.591821,0.592681,0.597641,0.590693,0.587782,0.586662,0.586671,0.587418,0.588017,0.584509,0.580478,0.576422,0.572353,0.568423,0.564787,0.561555,0.558902,0.557178,0.55627,0.552193,0.544873,0.538172,0.531584,0.525899,0.521402,0.518051,0.515477,0.512918,0.511916,0.515126,0.502362,0.493853,0.487267,0.481897,0.477448,0.473759,0.470732,0.468296,0.466403,0.465014,0.4641,0.463638,0.463608,0.463995,0.464779,0.465936,0.467431,0.469214,0.471213,0.473353,0.47558,0.4779,0.48034,0.48292,0.485649,0.488537,0.491603,0.49487,0.498349,0.502041,0.505964,0.510174,0.514714,0.519545,0.524469,0.529125,0.533276,0.536068,0.538341,0.540851,0.544003,0.548015,0.553056,0.559339,0.567052,0.575501,0.577598,0.580578,0.584791,0.586521,0.588886,0.591856,0.594977,0.598164,0.601215,0.603564,0.604292,0.604409,0.604292
0.597581,0.598596,0.597581,0.597823,0.599403,0.601127,0.600082,0.599084,0.594567,0.590796,0.588408,0.587337,0.587442,0.588286,0.586393,0.58514,0.584839,0.585316,0.586154,0.586306,0.583782,0.580175,0.576119,0.571747,0.567434,0.563426,0.559821,0.556714,0.554393,0.553353,0.555323,0.543465,0.535699,0.529424,0.52417,0.519855,0.516369,0.51349,0.510961,0.508928,0.506888,0.500521,0.494241,0.488721,0.483991,0.479983,0.476627,0.47386,0.471634,0.469905,0.46864,0.46781,0.467393,0.46737,0.467725,0.468442,0.4695,0.470871,0.472516,0.47439,0.476447,0.478654,0.481004,0.483502,0.486158,0.488982,0.491982,0.495167,0.498527,0.502023,0.505583,0.509163,0.512853,0.516752,0.520888,0.525192,0.529515,0.533648,0.537091,0.539308,0.541511,0.5443,0.547926,0.552558,0.558449,0.566207,0.57785,0.575739,0.577368,0.580303,0.583035,0.585971,0.589164,0.592506,0.596002,0.599655,0.60305,0.60287,0.602651,0.60287
0.589108,0.589069,0.589108,0.590104,0.592919,0.59985,0.595691,0.598556,0.590146,0.58602,0.583815,0.582767,0.582556,0.582762,0.582543,0.582633,0.583324,0.584688,0.586665,0.588362,0.585224,0.581399,0.577202,0.572146,0.567197,0.56271,0.558632,0.554774,0.551358,0.548458,0.545524,0.538976,0.532732,0.527228,0.522478,0.518446,0.515043,0.512112,0.50946,0.506897,0.503922,0.499527,0.494793,0.490298,0.486267,0.482765,0.479795,0.477336,0.475356,0.473823,0.472708,0.471983,0.471629,0.471629,0.471972,0.472645,0.473634,0.474919,0.476476,0.478275,0.480287,0.482487,0.484864,0.487415,0.490143,0.493058,0.496171,0.499489,0.502988,0.506578,0.51006,0.513211,0.516291,0.51953,0.523046,0.526887,0.531097,0.535718,0.540355,0.541309,0.542607,0.544787,0.547868,0.551845,0.556747,0.562547,0.568661,0.571228,0.57394,0.577116,0.580446,0.583905,0.587434,0.591,0.594808,0.599488,0.607247,0.602628,0.601593,0.602628
0.580772,0.580552,0.580772,0.581663,0.583422,0.585768,0.585384,0.585326,0.582536,0.580411,0.57915,0.578445,0.578334,0.578745,0.579468,0.580608,0.582223,0.584533,0.588546,0.596349,0.58844,0.584076,0.580219,0.573503,0.567551,0.562634,0.55826,0.553424,0.548833,0.544616,0.540355,0.535187,0.530018,0.525259,0.521041,0.517376,0.514204,0.511408,0.508819,0.506224,0.503314,0.499805,0.496028,0.492328,0.488921,0.485916,0.483349,0.481224,0.47952,0.478211,0.47727,0.47667,0.476394,0.47643,0.476773,0.477418,0.478359,0.479588,0.48109,0.482848,0.48484,0.48705,0.489463,0.492069,0.494866,0.497865,0.501091,0.50457,0.508307,0.512197,0.515831,0.518299,0.520544,0.523013,0.525866,0.529208,0.533271,0.538785,0.54832,0.54399,0.543846,0.545402,0.547951,0.551249,0.555198,0.559635,0.564095,0.567651,0.571133,0.574867,0.578823,0.582873,0.586779,0.590366,0.593865,0.597372,0.600424,0.599938,0.599601,0.599938
0.572845,0.572669,0.572845,0.573432,0.574423,0.575505,0.575839,0.575915,0.575346,0.575016,0.575004,0.574604,0.574666,0.575492,0.577052,0.579187,0.58151,0.583762,0.587733,0.595929,0.589207,0.587334,0.587175,0.575163,0.567925,0.563062,0.55939,0.552859,0.546956,0.541831,0.537099,0.532395,0.527881,0.523728,0.520021,0.516775,0.513949,0.511449,0.509134,0.506811,0.504244,0.501283,0.498111,0.494983,0.492088,0.489535,0.487367,0.48559,0.484185,0.483127,0.482383,0.481927,0.48174,0.481818,0.482166,0.48279,0.483696,0.484885,0.486353,0.488092,0.490089,0.492327,0.494789,0.497457,0.500318,0.503384,0.5067,0.510346,0.514432,0.519038,0.52374,0.524588,0.525555,0.527098,0.529189,0.531806,0.535002,0.538847,0.542954,0.543513,0.544412,0.546056,0.548317,0.551045,0.554211,0.557756,0.561498,0.565219,0.569152,0.57348,0.578202,0.583084,0.58755,0.590936,0.594036,0.59684,0.598271,0.598231,0.598069,0.598231
0.565569,0.565492,0.565569,0.565865,0.566401,0.567057,0.567621,0.56822,0.568984,0.570372,0.572314,0.57137,0.571301,0.572574,0.575135,0.578655,0.581948,0.582357,0.58379,0.58628,0.586222,0.589972,0.581275,0.57312,0.566981,0.563346,0.564421,0.552696,0.545321,0.53966,0.534814,0.530405,0.526367,0.522725,0.519509,0.516719,0.514324,0.512257,0.510407,0.508586,0.506509,0.503909,0.501081,0.498328,0.495833,0.493683,0.491905,0.49049,0.489411,0.488632,0.488112,0.487816,0.487724,0.48784,0.488187,0.488786,0.489657,0.490813,0.492259,0.493996,0.496016,0.498306,0.500842,0.503587,0.506508,0.509601,0.512933,0.516643,0.521005,0.52676,0.536491,0.531746,0.530981,0.53163,0.532983,0.53483,0.537094,0.539665,0.542162,0.543723,0.54526,0.547123,0.549253,0.551444,0.553892,0.556733,0.559983,0.563643,0.567853,0.572781,0.578512,0.584812,0.59051,0.592907,0.595624,0.598809,0.598717,0.597775,0.59734,0.597775
0.559125,0.559206,0.559125,0.559107,0.559311,0.559757,0.560421,0.561416,0.563056,0.566234,0.573573,0.568323,0.567656,0.569433,0.573327,0.579427,0.586353,0.581013,0.579877,0.58027,0.580521,0.580528,0.575913,0.57013,0.564588,0.559968,0.55608,0.54921,0.542986,0.537679,0.533088,0.529033,0.525434,0.522271,0.519539,0.51723,0.515329,0.513805,0.512602,0.511564,0.510244,0.507701,0.504911,0.502345,0.500159,0.498383,0.497,0.495972,0.495253,0.494792,0.494531,0.494415,0.494412,0.494547,0.49487,0.495427,0.496253,0.497373,0.4988,0.500544,0.502606,0.504978,0.507626,0.510489,0.513479,0.516537,0.519756,0.523262,0.527165,0.5315,0.535761,0.535925,0.535996,0.53646,0.53729,0.538444,0.539894,0.541574,0.543329,0.544984,0.546811,0.548956,0.551164,0.552626,0.554226,0.556352,0.559115,0.562581,0.566906,0.572361,0.579346,0.588244,0.597888,0.595676,0.59787,0.605183,0.601143,0.597941,0.596869,0.597941
0.553656,0.554115,0.553656,0.553167,0.553019,0.553278,0.553931,0.555011,0.556637,0.558987,0.561837,0.561751,0.562621,0.565235,0.57038,0.580452,0.578262,0.576546,0.575514,0.57548,0.576146,0.576786,0.572793,0.567959,0.562324,0.556901,0.551755,0.546101,0.540746,0.535983,0.531818,0.52819,0.525046,0.522358,0.520112,0.518299,0.516917,0.51599,0.515587,0.515781,0.516152,0.51269,0.50946,0.506921,0.505009,0.503622,0.502669,0.502072,0.501764,0.501677,0.501732,0.501827,0.501889,0.501994,0.502247,0.502728,0.503488,0.504558,0.50596,0.507713,0.509832,0.512321,0.51515,0.518225,0.521346,0.524286,0.527269,0.530468,0.533888,0.537315,0.540138,0.541207,0.541627,0.541937,0.542286,0.542778,0.543483,0.544431,0.545622,0.547101,0.549076,0.551762,0.554863,0.554714,0.55508,0.556385,0.558598,0.561724,0.565901,0.57149,0.579359,0.592041,0.593116,0.595163,0.596123,0.599376,0.603866,0.597104,0.595381,0.597104
0.549247,0.550964,0.549247,0.547914,0.547347,0.547433,0.548043,0.549092,0.550529,0.552279,0.554082,0.555267,0.556887,0.559556,0.563569,0.568595,0.570773,0.572467,0.571224,0.571062,0.57287,0.578751,0.57158,0.567645,0.560895,0.554595,0.548964,0.543709,0.538922,0.534686,0.531003,0.527845,0.525178,0.522977,0.521223,0.519902,0.519014,0.518613,0.518938,0.520781,0.526859,0.518402,0.514268,0.511817,0.510279,0.509367,0.508921,0.508825,0.508991,0.50936,0.509834,0.510211,0.510264,0.510232,0.510337,0.510694,0.511358,0.512358,0.513719,0.51547,0.517647,0.520286,0.523397,0.52689,0.530376,0.532978,0.535559,0.538451,0.541609,0.544747,0.547287,0.548156,0.548389,0.548398,0.548161,0.547921,0.547853,0.54807,0.548658,0.549753,0.551668,0.555193,0.562859,0.557333,0.556042,0.55656,0.558224,0.560875,0.564553,0.569416,0.575654,0.583066,0.58849,0.596861,0.593207,0.593464,0.594221,0.592356,0.591568,0.592356
0.545476,0.552265,0.545476,0.542914,0.542038,0.542081,0.542734,0.543807,0.545129,0.546543,0.547975,0.549381,0.551142,0.553573,0.556793,0.560646,0.564831,0.57239,0.566916,0.565737,0.566588,0.568517,0.568196,0.571203,0.560062,0.552651,0.54682,0.54186,0.537553,0.53383,0.530653,0.527993,0.525823,0.524123,0.522872,0.522041,0.52159,0.521479,0.521737,0.52252,0.523511,0.520759,0.518354,0.516754,0.515879,0.515597,0.515774,0.516266,0.516967,0.517892,0.518986,0.519877,0.519678,0.519292,0.519131,0.51931,0.519851,0.520759,0.522052,0.523769,0.525973,0.528757,0.532248,0.53655,0.541288,0.542695,0.544545,0.54718,0.550371,0.553803,0.557136,0.556776,0.556407,0.556136,0.555074,0.553925,0.552973,0.552371,0.552222,0.552623,0.55369,0.555529,0.557786,0.556771,0.556246,0.556638,0.557916,0.560057,0.563087,0.567041,0.571861,0.577178,0.582025,0.586515,0.587498,0.588172,0.588318,0.587647,0.587297,0.587647
0.538491,0.540183,0.538491,0.537236,0.536816,0.537127,0.538015,0.539284,0.540651,0.541806,0.542915,0.54416,0.54575,0.54783,0.550421,0.553405,0.556568,0.559685,0.559369,0.559435,0.560284,0.561592,0.562541,0.563175,0.556539,0.550158,0.544824,0.540366,0.5366,0.533421,0.530776,0.528634,0.526977,0.525796,0.525074,0.524774,0.524799,0.52495,0.524982,0.525027,0.524885,0.523742,0.522605,0.521932,0.521848,0.522333,0.523276,0.524465,0.525687,0.527223,0.529312,0.531605,0.530252,0.529102,0.528557,0.528538,0.528951,0.529752,0.530942,0.532565,0.534707,0.537516,0.541286,0.546783,0.556549,0.552989,0.553773,0.556382,0.559928,0.563999,0.571726,0.566453,0.565377,0.565714,0.563118,0.560777,0.558786,0.557258,0.55628,0.555868,0.555983,0.556497,0.557037,0.556768,0.556581,0.556882,0.557798,0.559405,0.561758,0.564869,0.568651,0.572848,0.577016,0.580783,0.583207,0.584516,0.584343,0.583724,0.583435,0.583724
0.532068,0.532483,0.532068,0.531723,0.531861,0.532596,0.533913,0.535665,0.53739,0.538121,0.538728,0.539605,0.540885,0.542594,0.544681,0.547016,0.549387,0.551455,0.552481,0.55339,0.554564,0.556072,0.558249,0.563464,0.553801,0.54764,0.542968,0.539187,0.536058,0.533473,0.531384,0.529773,0.528639,0.527989,0.527834,0.528162,0.528861,0.529517,0.529196,0.528701,0.528238,0.527697,0.527367,0.527496,0.528222,0.529589,0.531511,0.533611,0.535076,0.536989,0.540427,0.547976,0.541617,0.539296,0.53845,0.538325,0.538657,0.53935,0.540395,0.541841,0.543779,0.546322,0.549614,0.553777,0.558465,0.559978,0.562216,0.565692,0.570014,0.571601,0.573624,0.573001,0.573997,0.579289,0.571968,0.568336,0.565187,0.562647,0.560818,0.559634,0.558927,0.558489,0.558148,0.557732,0.55748,0.557559,0.558043,0.559064,0.560733,0.563091,0.566098,0.569628,0.573496,0.577488,0.581131,0.583444,0.581915,0.580573,0.580093,0.580573
0.526565,0.526597,0.526565,0.526717,0.527296,0.528471,0.530371,0.53307,0.536122,0.53556,0.535273,0.53565,0.536596,0.537989,0.539706,0.541607,0.54353,0.545294,0.546737,0.54811,0.549543,0.550917,0.551959,0.552397,0.548591,0.544652,0.541233,0.53836,0.535971,0.534023,0.532505,0.531424,0.530801,0.530672,0.531095,0.532163,0.533952,0.536049,0.534571,0.53333,0.532657,0.532426,0.532655,0.533449,0.534942,0.537281,0.540562,0.544391,0.545018,0.546237,0.54844,0.55103,0.549958,0.549027,0.548631,0.548665,0.549012,0.549608,0.55046,0.551644,0.553265,0.555407,0.558104,0.561284,0.564606,0.567296,0.57048,0.575221,0.583907,0.579843,0.579246,0.57901,0.579399,0.580276,0.578205,0.576481,0.572046,0.568383,0.56577,0.563977,0.562654,0.561435,0.560387,0.559584,0.5591,0.558882,0.558802,0.559129,0.560075,0.561726,0.564088,0.567144,0.570932,0.575633,0.581479,0.587314,0.580397,0.577654,0.576887,0.577654
0.521856,0.521751,0.521856,0.522262,0.523117,0.524603,0.527015,0.531112,0.539465,0.533721,0.532151,0.532123,0.532859,0.53406,0.535552,0.537186,0.538843,0.54047,0.54208,0.543792,0.545603,0.547121,0.547303,0.546603,0.544535,0.54216,0.53996,0.538052,0.53644,0.535138,0.53418,0.533607,0.53346,0.533792,0.534701,0.536435,0.539733,0.547157,0.540707,0.538386,0.537627,0.537689,0.538374,0.539699,0.541818,0.545035,0.550078,0.55939,0.555388,0.555521,0.557095,0.55878,0.559188,0.559253,0.559408,0.559722,0.560148,0.560642,0.561225,0.562047,0.563269,0.564978,0.56716,0.569706,0.572438,0.575185,0.578258,0.581888,0.58564,0.58571,0.585596,0.585485,0.585405,0.5853,0.585185,0.588424,0.579209,0.574142,0.570967,0.568913,0.567339,0.565268,0.563438,0.562173,0.561506,0.561121,0.560207,0.559629,0.559768,0.56071,0.562449,0.564999,0.568531,0.573718,0.582936,0.57925,0.575798,0.573849,0.573235,0.573849
0.517816,0.517659,0.517816,0.518328,0.519281,0.520782,0.522957,0.525885,0.529125,0.5287,0.528476,0.528822,0.529648,0.530835,0.532251,0.53374,0.53519,0.536668,0.538332,0.540385,0.542973,0.545679,0.544546,0.543197,0.541798,0.540504,0.539399,0.538452,0.5376,0.536905,0.536465,0.536358,0.536635,0.53733,0.538478,0.540144,0.542395,0.544858,0.543722,0.542887,0.542782,0.543333,0.544459,0.546163,0.548608,0.551981,0.556352,0.561212,0.562662,0.564406,0.566682,0.568852,0.569808,0.570438,0.571076,0.571717,0.572265,0.572637,0.572806,0.573103,0.573842,0.575139,0.576917,0.579011,0.581332,0.58383,0.586564,0.589528,0.592155,0.592862,0.593046,0.593028,0.592537,0.591436,0.589912,0.588204,0.583315,0.579089,0.576117,0.574442,0.573589,0.569926,0.566984,0.565225,0.564689,0.564947,0.562333,0.560468,0.559713,0.559955,0.561059,0.562936,0.565547,0.568853,0.572327,0.572046,0.570781,0.569789,0.569436,0.569789
0.514382,0.514211,0.514382,0.514919,0.515862,0.517258,0.519116,0.521324,0.523435,0.524461,0.525213,0.526025,0.527061,0.52837,0.529867,0.531327,0.532504,0.53368,0.535196,0.53745,0.541237,0.549092,0.54302,0.540851,0.539967,0.539667,0.539686,0.539758,0.539604,0.539419,0.539418,0.539725,0.540393,0.541416,0.542743,0.544276,0.545856,0.547174,0.54745,0.547672,0.548293,0.549417,0.550985,0.552905,0.555497,0.558963,0.563179,0.567495,0.570693,0.573818,0.577434,0.581202,0.581822,0.582684,0.583811,0.584875,0.585632,0.585911,0.585331,0.584794,0.584936,0.585897,0.587441,0.589178,0.591139,0.593337,0.595743,0.598613,0.601704,0.60165,0.601813,0.602158,0.601395,0.599109,0.595932,0.592273,0.587856,0.583871,0.581056,0.580231,0.583729,0.574935,0.570416,0.568118,0.56814,0.572711,0.564767,0.561254,0.559716,0.559391,0.559955,0.5612,0.562933,0.564891,0.566554,0.566902,0.566568,0.566166,0.566003,0.566166
0.511541,0.511372,0.511541,0.512059,0.51295,0.514232,0.515892,0.51783,0.519804,0.521472,0.522869,0.523982,0.525181,0.526699,0.528507,0.530187,0.530809,0.531346,0.53232,0.533981,0.536441,0.539275,0.538601,0.53823,0.538557,0.539516,0.540924,0.542298,0.542645,0.542756,0.543066,0.543739,0.544804,0.546209,0.547815,0.549375,0.5506,0.551554,0.552255,0.553083,0.554324,0.556083,0.558189,0.560009,0.562549,0.566239,0.57096,0.575957,0.579866,0.583812,0.589117,0.59779,0.594685,0.595755,0.597704,0.599439,0.600573,0.601144,0.59891,0.596904,0.596307,0.597173,0.598874,0.600225,0.601821,0.603749,0.605577,0.6086,0.615531,0.611352,0.611531,0.613528,0.612907,0.608797,0.603556,0.598216,0.593071,0.588582,0.585098,0.58279,0.581243,0.576752,0.572702,0.569761,0.568112,0.567364,0.563835,0.561124,0.55956,0.558993,0.559225,0.560034,0.561155,0.562289,0.563164,0.563507,0.56349,0.56337,0.563312,0.56337
0.5093,0.509143,0.5093,0.509781,0.5106,0.511785,0.513348,0.515265,0.517446,0.519724,0.52178,0.52283,0.52396,0.525717,0.528259,0.531093,0.530187,0.529564,0.529747,0.530709,0.532269,0.53397,0.534883,0.535912,0.537518,0.539922,0.543205,0.546875,0.546934,0.546905,0.547364,0.548373,0.549892,0.551819,0.553954,0.555836,0.55664,0.557219,0.557963,0.559112,0.560872,0.563443,0.566722,0.567441,0.569504,0.573543,0.579535,0.586583,0.590088,0.593539,0.598535,0.602139,0.604485,0.609062,0.612933,0.615725,0.617205,0.62031,0.613384,0.608726,0.607334,0.608735,0.611782,0.612156,0.6133,0.615395,0.615353,0.615822,0.617594,0.617845,0.620579,0.628669,0.62906,0.620763,0.612413,0.605087,0.598747,0.593394,0.589065,0.585684,0.582795,0.579213,0.574956,0.571187,0.568254,0.565865,0.563148,0.560903,0.559459,0.558851,0.558972,0.559611,0.560423,0.561004,0.561368,0.561534,0.561577,0.561573,0.561566,0.561573
0.507683,0.507541,0.507683,0.508112,0.508836,0.509911,0.511407,0.513394,0.515954,0.519165,0.522668,0.522572,0.523086,0.524928,0.528704,0.536726,0.530269,0.527963,0.527383,0.527825,0.52895,0.530446,0.532045,0.534015,0.536685,0.540453,0.54611,0.556084,0.55233,0.551588,0.552131,0.553522,0.555597,0.55825,0.561381,0.564412,0.563945,0.563759,0.564309,0.565576,0.567658,0.571147,0.578873,0.57459,0.575546,0.579968,0.588135,0.601853,0.601467,0.602831,0.610468,0.608873,0.613188,0.624216,0.63039,0.634476,0.63337,0.626939,0.626739,0.618424,0.616708,0.619791,0.628512,0.624464,0.624982,0.630332,0.625775,0.622899,0.622337,0.623015,0.625439,0.629483,0.631899,0.633949,0.621397,0.612112,0.604562,0.598299,0.593194,0.589188,0.586137,0.58344,0.577805,0.57285,0.568922,0.565761,0.563049,0.560937,0.559578,0.559031,0.559255,0.560069,0.560977,0.560992,0.560827,0.560743,0.560768,0.560838,0.560864,0.560838
0.506725,0.506595,0.506725,0.507092,0.507668,0.508564,0.509926,0.511906,0.51477,0.519279,0.528129,0.522677,0.521859,0.523182,0.525887,0.528885,0.527186,0.525618,0.524978,0.525243,0.526244,0.527807,0.529829,0.532412,0.535753,0.540105,0.545715,0.552314,0.555743,0.556013,0.557082,0.559018,0.561761,0.565246,0.569956,0.577541,0.572022,0.570614,0.570992,0.57228,0.574099,0.575681,0.577796,0.577575,0.579198,0.583734,0.592286,0.607467,0.612223,0.60698,0.608428,0.610838,0.616327,0.621907,0.628017,0.636762,0.633133,0.628513,0.626057,0.622681,0.622441,0.626371,0.635974,0.633379,0.633003,0.633256,0.63569,0.628833,0.627009,0.62761,0.629853,0.633106,0.636292,0.640049,0.628281,0.618552,0.610228,0.60317,0.597339,0.592844,0.590229,0.591703,0.58106,0.574567,0.569892,0.566275,0.563409,0.561273,0.55994,0.559491,0.56,0.561487,0.56348,0.562218,0.56126,0.560899,0.56097,0.561202,0.561271,0.561202
0.506473,0.506328,0.506473,0.506806,0.507123,0.507699,0.508776,0.510487,0.5129,0.516019,0.519384,0.519121,0.519464,0.521028,0.523755,0.526726,0.524955,0.523326,0.522644,0.522901,0.523958,0.525691,0.528039,0.531042,0.534809,0.539505,0.545349,0.552745,0.56335,0.560678,0.562204,0.564751,0.568232,0.572072,0.57672,0.578447,0.577056,0.576749,0.577833,0.579521,0.581849,0.58076,0.580133,0.579797,0.581022,0.584574,0.590917,0.600108,0.609888,0.605574,0.606566,0.610867,0.62053,0.620231,0.624187,0.629911,0.635076,0.629099,0.627469,0.62497,0.625172,0.628455,0.634073,0.641263,0.641584,0.635187,0.633318,0.630917,0.630432,0.631742,0.634439,0.637986,0.641311,0.640379,0.634309,0.624748,0.615775,0.607949,0.601272,0.595736,0.591342,0.587678,0.581256,0.575548,0.570877,0.567103,0.564099,0.561864,0.560473,0.560048,0.560822,0.563454,0.570301,0.564199,0.562152,0.561679,0.562066,0.562787,0.562872,0.562787
0.506978,0.506707,0.506978,0.507479,0.507262,0.507278,0.50794,0.509315,0.511278,0.513473,0.515235,0.515925,0.516814,0.518681,0.522354,0.530291,0.523558,0.52106,0.520346,0.520734,0.521973,0.523939,0.526579,0.529896,0.533935,0.538762,0.544448,0.550998,0.557995,0.56219,0.567354,0.570603,0.575403,0.579159,0.587482,0.583551,0.582086,0.58257,0.58515,0.587204,0.594104,0.58646,0.583266,0.581541,0.581604,0.583715,0.587806,0.593284,0.598408,0.599994,0.602533,0.606677,0.61214,0.615462,0.619759,0.624802,0.62654,0.62652,0.630926,0.625731,0.625993,0.629381,0.631791,0.634799,0.635685,0.633783,0.632668,0.632267,0.633244,0.635673,0.639368,0.644286,0.651792,0.647048,0.645021,0.631531,0.621332,0.612722,0.605195,0.598607,0.592836,0.587516,0.581834,0.576575,0.57204,0.568229,0.565081,0.562667,0.561094,0.56046,0.560843,0.562268,0.564288,0.563184,0.562531,0.562657,0.563886,0.566067,0.565702,0.566067
0.508195,0.507483,0.508195,0.509814,0.508114,0.507156,0.507335,0.508506,0.510375,0.512317,0.513117,0.513489,0.514149,0.515495,0.517661,0.520156,0.518903,0.517981,0.517914,0.518687,0.520231,0.522489,0.525424,0.529018,0.533266,0.538164,0.543699,0.549832,0.556483,0.563781,0.575478,0.575969,0.584693,0.582761,0.585814,0.587278,0.586252,0.587385,0.594086,0.59114,0.596644,0.588808,0.586018,0.582585,0.581227,0.581968,0.584408,0.587922,0.591586,0.594585,0.598021,0.602305,0.607038,0.610871,0.615747,0.624167,0.620939,0.620688,0.622101,0.622207,0.624861,0.632467,0.630097,0.631647,0.633767,0.632782,0.632491,0.633428,0.635793,0.639531,0.644274,0.649208,0.653984,0.652216,0.64622,0.63621,0.626468,0.617564,0.609316,0.601786,0.594995,0.588822,0.583081,0.577961,0.573555,0.56976,0.566394,0.563687,0.561833,0.560909,0.560876,0.561546,0.562462,0.56278,0.563187,0.563591,0.565816,0.572959,0.568868,0.572959
0.509452,0.507776,0.509452,0.516418,0.50917,0.50684,0.506683,0.507943,0.51035,0.513255,0.512382,0.511722,0.511756,0.512447,0.513605,0.514738,0.514884,0.515012,0.515606,0.516836,0.518746,0.521335,0.524587,0.528471,0.532941,0.537931,0.543364,0.549175,0.555361,0.562026,0.56935,0.574177,0.579775,0.582464,0.586828,0.594591,0.589356,0.587729,0.58841,0.587729,0.58843,0.587211,0.590509,0.582642,0.579839,0.57961,0.58103,0.583509,0.586538,0.58985,0.593783,0.598609,0.603974,0.606382,0.609343,0.612859,0.613523,0.614357,0.615749,0.617301,0.619948,0.623745,0.625664,0.629111,0.636144,0.632273,0.632271,0.634351,0.63816,0.643585,0.650199,0.655507,0.66395,0.662836,0.652646,0.641816,0.631944,0.62291,0.613864,0.605357,0.597653,0.590804,0.584805,0.579721,0.575537,0.571935,0.568114,0.564914,0.5627,0.561524,0.56126,0.561633,0.562293,0.563344,0.564906,0.563765,0.563893,0.565472,0.564922,0.565472
0.506367,0.505659,0.506367,0.507974,0.506256,0.505293,0.505559,0.50718,0.510778,0.518928,0.512389,0.510214,0.509657,0.509889,0.510529,0.511265,0.511841,0.512535,0.513623,0.515266,0.517546,0.520491,0.524096,0.528322,0.533088,0.53826,0.543666,0.549166,0.554796,0.56066,0.566782,0.572686,0.578846,0.581582,0.58554,0.590674,0.589952,0.586864,0.585195,0.584035,0.583236,0.582195,0.581676,0.578725,0.57696,0.576688,0.57768,0.579637,0.582304,0.585597,0.589763,0.595495,0.604998,0.602476,0.603527,0.60555,0.607089,0.608617,0.610392,0.612457,0.615049,0.61807,0.620876,0.624168,0.627878,0.629083,0.631156,0.634736,0.640111,0.647657,0.658652,0.6599,0.663717,0.662702,0.660939,0.647668,0.637769,0.629438,0.619028,0.609263,0.600578,0.593048,0.586713,0.58167,0.57802,0.575405,0.570281,0.566218,0.563588,0.562281,0.562065,0.562488,0.562792,0.564458,0.570391,0.563731,0.561578,0.561179,0.560938,0.561179
0.503326,0.503062,0.503326,0.503802,0.503531,0.503457,0.50402,0.505384,0.507603,0.51019,0.508987,0.508038,0.507719,0.507871,0.508307,0.508906,0.509632,0.51062,0.51204,0.514021,0.516646,0.519957,0.523961,0.528619,0.533823,0.539359,0.544886,0.55005,0.555033,0.560082,0.565489,0.572008,0.582424,0.580561,0.584171,0.593716,0.594015,0.585677,0.582563,0.58107,0.579375,0.577745,0.576362,0.574703,0.573665,0.57358,0.574446,0.57614,0.578533,0.581567,0.585282,0.589725,0.594491,0.596125,0.597868,0.599862,0.601801,0.603771,0.60589,0.608233,0.610875,0.613769,0.616766,0.619979,0.623293,0.626204,0.629717,0.634516,0.641091,0.649494,0.656755,0.662961,0.669561,0.664563,0.660789,0.651365,0.643224,0.639226,0.624709,0.613235,0.603478,0.595211,0.58843,0.583322,0.580552,0.582466,0.572461,0.567153,0.564215,0.563003,0.563288,0.564522,0.562986,0.562366,0.562692,0.56025,0.558566,0.557783,0.557527,0.557783
0.50101,0.500871,0.50101,0.501314,0.501545,0.501924,0.502619,0.503675,0.505005,0.506194,0.506278,0.506178,0.506255,0.506514,0.50687,0.507368,0.508109,0.509225,0.510849,0.513088,0.516021,0.519699,0.524149,0.529354,0.535219,0.541474,0.547485,0.552143,0.556237,0.560191,0.564139,0.568502,0.573268,0.575152,0.577957,0.58172,0.58245,0.580362,0.579398,0.579392,0.576531,0.574129,0.572401,0.571134,0.570491,0.570595,0.571457,0.57302,0.575205,0.577943,0.581169,0.584736,0.588229,0.590781,0.593077,0.595352,0.597611,0.599905,0.6023,0.60485,0.607592,0.610517,0.613595,0.616852,0.620281,0.623898,0.628173,0.633712,0.641447,0.653693,0.657144,0.666874,0.667607,0.666447,0.667528,0.655003,0.645745,0.638186,0.62852,0.616643,0.60602,0.597008,0.589579,0.583734,0.579492,0.576445,0.571018,0.566785,0.564175,0.563287,0.564621,0.570389,0.563321,0.560387,0.558817,0.557067,0.555702,0.554911,0.554651,0.554911
0.499464,0.499328,0.499464,0.499831,0.500345,0.501008,0.501793,0.502629,0.503489,0.504244,0.504694,0.505085,0.505552,0.506001,0.506235,0.506534,0.507155,0.508271,0.509996,0.512418,0.515611,0.519638,0.524557,0.530416,0.537224,0.544841,0.55246,0.555827,0.55862,0.561353,0.563426,0.565655,0.568063,0.569897,0.571864,0.573842,0.574792,0.575005,0.576359,0.58165,0.574306,0.570911,0.569049,0.568008,0.567636,0.567918,0.568836,0.570349,0.572398,0.574913,0.577802,0.580916,0.584008,0.5868,0.589418,0.591972,0.594506,0.597062,0.599684,0.60241,0.605264,0.608257,0.611395,0.614709,0.618245,0.622104,0.626545,0.6319,0.638495,0.646268,0.652488,0.660216,0.668799,0.667339,0.668349,0.656604,0.647779,0.640451,0.635723,0.619954,0.608092,0.598344,0.59025,0.58364,0.578327,0.573886,0.569457,0.565859,0.563474,0.562408,0.562582,0.563312,0.560581,0.558097,0.556175,0.554545,0.553308,0.552552,0.552298,0.552552
0.498617,0.49844,0.498617,0.499132,0.499926,0.500903,0.50185,0.502494,0.503016,0.503538,0.504109,0.504856,0.505809,0.506646,0.506478,0.506319,0.506652,0.507653,0.509394,0.511933,0.515327,0.519652,0.525004,0.531519,0.539421,0.54922,0.562718,0.561123,0.562107,0.56422,0.563607,0.563685,0.564493,0.565573,0.566829,0.568063,0.568945,0.569582,0.570459,0.571482,0.569205,0.567228,0.565938,0.565274,0.565189,0.565665,0.566683,0.56821,0.570197,0.572584,0.575292,0.578205,0.581181,0.58409,0.586928,0.589721,0.592493,0.595272,0.598089,0.600969,0.603932,0.606991,0.610165,0.613497,0.617046,0.620896,0.625176,0.630034,0.635563,0.641609,0.647548,0.653943,0.660587,0.667015,0.662449,0.656517,0.649534,0.641316,0.632394,0.620523,0.609191,0.599149,0.590549,0.583344,0.577377,0.572395,0.568134,0.564783,0.562513,0.561347,0.561045,0.560755,0.558649,0.556295,0.554285,0.552673,0.551473,0.550729,0.550476,0.550729
0.498362,0.498122,0.498362,0.499082,0.500257,0.501761,0.503146,0.503415,0.503478,0.503722,0.504288,0.50536,0.507125,0.50924,0.507656,0.506555,0.506426,0.507238,0.508945,0.511544,0.515073,0.519607,0.525265,0.532225,0.540727,0.550926,0.561788,0.564885,0.565512,0.570867,0.564148,0.562036,0.561706,0.562126,0.562874,0.563695,0.564404,0.564981,0.56548,0.565683,0.564865,0.563919,0.563258,0.563017,0.563237,0.563929,0.565082,0.566672,0.568661,0.571007,0.57365,0.576515,0.579507,0.582544,0.58558,0.588595,0.591583,0.594559,0.597549,0.600572,0.603637,0.606747,0.609922,0.613218,0.616701,0.620421,0.624404,0.628677,0.633308,0.638259,0.643366,0.648647,0.653832,0.658124,0.65916,0.658714,0.653741,0.644091,0.633202,0.621716,0.610144,0.599637,0.590561,0.582905,0.576529,0.571258,0.566967,0.563689,0.561505,0.560477,0.56055,0.561068,0.558015,0.555193,0.553041,0.551427,0.55022,0.54945,0.549184,0.54945
0.498553,0.498246,0.498553,0.499507,0.501189,0.503671,0.506495,0.50548,0.504699,0.504521,0.504899,0.506111,0.509034,0.516481,0.509295,0.506761,0.506202,0.506874,0.508552,0.511179,0.514774,0.519406,0.525202,0.532379,0.541346,0.552994,0.56967,0.572173,0.565243,0.563835,0.561133,0.559653,0.559216,0.559401,0.559897,0.560492,0.561049,0.561513,0.561851,0.561962,0.561709,0.561376,0.56121,0.561351,0.561867,0.562784,0.5641,0.565792,0.567834,0.5702,0.572862,0.575774,0.578874,0.58209,0.585351,0.588597,0.591791,0.594947,0.598096,0.601258,0.604427,0.607577,0.610701,0.613902,0.617277,0.620845,0.624513,0.62814,0.631919,0.635953,0.640216,0.644665,0.649196,0.653725,0.658589,0.666674,0.663851,0.649316,0.635795,0.624164,0.611178,0.599822,0.590262,0.582281,0.575657,0.570216,0.565854,0.562558,0.560396,0.55956,0.560663,0.566008,0.558199,0.554464,0.552297,0.550812,0.549563,0.5487,0.548393,0.5487
0.499027,0.498681,0.499027,0.500132,0.502254,0.506178,0.514626,0.508252,0.506255,0.505702,0.505617,0.506095,0.507366,0.509098,0.507231,0.505935,0.505688,0.506448,0.508156,0.510797,0.514395,0.51901,0.524738,0.531736,0.540292,0.551067,0.565891,0.563222,0.560506,0.559148,0.557943,0.557271,0.557149,0.557409,0.557866,0.558372,0.558836,0.559218,0.559499,0.559653,0.559682,0.559716,0.559904,0.560357,0.561144,0.562293,0.563796,0.565622,0.567743,0.570163,0.572894,0.575922,0.579208,0.582679,0.586233,0.589752,0.593146,0.596456,0.599751,0.603063,0.606369,0.609569,0.612547,0.615562,0.618818,0.622333,0.625832,0.628631,0.631461,0.634609,0.638081,0.641811,0.64578,0.650217,0.656033,0.66596,0.665912,0.654743,0.637691,0.62914,0.61173,0.599335,0.589494,0.581394,0.574682,0.569166,0.564737,0.561352,0.559013,0.557756,0.557587,0.558039,0.555356,0.553212,0.551907,0.550998,0.549551,0.548425,0.548017,0.548425
0.49967,0.499348,0.49967,0.500672,0.502452,0.505104,0.508201,0.507595,0.507309,0.507358,0.506712,0.506228,0.506182,0.506261,0.505539,0.505002,0.50511,0.506017,0.507773,0.510408,0.513958,0.518467,0.523982,0.530525,0.538025,0.54612,0.553528,0.555368,0.555456,0.555351,0.555261,0.555378,0.555737,0.556261,0.556827,0.557335,0.557747,0.55807,0.558318,0.558513,0.558695,0.558949,0.559378,0.560077,0.561108,0.562499,0.564223,0.566214,0.568413,0.570884,0.573699,0.576891,0.580441,0.584274,0.588249,0.592136,0.595694,0.599098,0.602511,0.606004,0.609554,0.612927,0.615503,0.618135,0.621259,0.625004,0.629026,0.630268,0.631871,0.63413,0.636885,0.639923,0.643108,0.646549,0.650597,0.655594,0.659461,0.645705,0.632282,0.620976,0.608415,0.59742,0.588091,0.580211,0.573591,0.568097,0.563638,0.560154,0.557599,0.555911,0.554937,0.554256,0.553017,0.552159,0.552159,0.552757,0.550252,0.548461,0.547857,0.548461
0.500562,0.500298,0.500562,0.501367,0.502714,0.504523,0.506426,0.507562,0.508974,0.510652,0.508589,0.506864,0.505816,0.505167,0.504605,0.504362,0.504674,0.505679,0.507456,0.510055,0.513518,0.517884,0.523173,0.529345,0.536166,0.542879,0.547765,0.5503,0.551637,0.552573,0.553409,0.554277,0.555199,0.556108,0.556885,0.557432,0.55779,0.558036,0.558233,0.55843,0.558678,0.559048,0.559629,0.560509,0.561762,0.563421,0.565439,0.567656,0.569875,0.572326,0.5752,0.578582,0.582476,0.586821,0.591453,0.595957,0.599511,0.602854,0.606319,0.610023,0.614056,0.618232,0.619554,0.621376,0.624243,0.628572,0.636176,0.632728,0.632807,0.634345,0.636602,0.639087,0.641385,0.643487,0.645432,0.647588,0.650587,0.637544,0.625944,0.615234,0.604678,0.594959,0.586343,0.578857,0.572452,0.567061,0.562623,0.559078,0.556365,0.554396,0.553036,0.552072,0.551337,0.551286,0.552849,0.558659,0.551271,0.548341,0.547518,0.548341
0.501846,0.501645,0.501846,0.502452,0.50345,0.504788,0.506362,0.508196,0.511319,0.518638,0.511075,0.507768,0.505992,0.504927,0.504291,0.504108,0.504483,0.505511,0.507261,0.509787,0.513133,0.517341,0.522455,0.528503,0.535412,0.542479,0.545373,0.547454,0.549248,0.550926,0.552556,0.554157,0.555708,0.557123,0.558212,0.558759,0.558985,0.559093,0.559191,0.559337,0.559581,0.559982,0.560625,0.561614,0.563059,0.565037,0.567511,0.570155,0.572172,0.574414,0.577269,0.580843,0.585149,0.590179,0.595894,0.601843,0.60466,0.607617,0.611025,0.614855,0.619566,0.627547,0.624268,0.624737,0.626934,0.630042,0.632833,0.632849,0.633469,0.635033,0.637283,0.639637,0.641062,0.64179,0.641265,0.639955,0.637137,0.629136,0.619889,0.610492,0.601237,0.592513,0.584567,0.57751,0.571372,0.566137,0.56177,0.558222,0.55543,0.553316,0.551776,0.550695,0.550008,0.549833,0.550331,0.551223,0.548868,0.547145,0.54656,0.547145
0.503659,0.50352,0.503659,0.50408,0.504783,0.505756,0.50698,0.508488,0.510421,0.512386,0.510254,0.508087,0.506398,0.505196,0.504462,0.504233,0.504577,0.50556,0.507236,0.509649,0.51284,0.516856,0.521775,0.527784,0.535497,0.547262,0.544811,0.545918,0.547997,0.550355,0.552762,0.55512,0.55739,0.559503,0.561124,0.561448,0.561342,0.561202,0.561143,0.561192,0.561371,0.561721,0.56232,0.563312,0.564877,0.567212,0.570475,0.574348,0.575313,0.576964,0.579697,0.583459,0.588192,0.593958,0.601214,0.611987,0.610802,0.613066,0.616452,0.619957,0.622968,0.62602,0.626403,0.62754,0.62989,0.633009,0.633451,0.63355,0.634377,0.636223,0.639057,0.642313,0.642639,0.642549,0.639086,0.635032,0.630067,0.623152,0.615148,0.606755,0.598395,0.590399,0.582998,0.576329,0.570461,0.565408,0.561154,0.557657,0.554861,0.5527,0.551095,0.549959,0.549201,0.54874,0.548451,0.548068,0.546865,0.545839,0.545458,0.545839
0.506126,0.506051,0.506126,0.506363,0.506786,0.507414,0.508257,0.509302,0.510439,0.511187,0.510417,0.508874,0.507261,0.505938,0.505065,0.504724,0.504972,0.505857,0.507416,0.509681,0.512677,0.516432,0.520975,0.526346,0.532528,0.538984,0.541705,0.544426,0.547489,0.55076,0.554048,0.557204,0.560269,0.563418,0.566379,0.565615,0.564781,0.564277,0.564033,0.563964,0.564039,0.564258,0.564673,0.565489,0.566978,0.569519,0.573893,0.58252,0.578846,0.579508,0.582181,0.586194,0.591303,0.597358,0.604142,0.610982,0.61464,0.61854,0.622913,0.626716,0.627494,0.628334,0.628957,0.630306,0.633256,0.639841,0.635598,0.634713,0.635454,0.637618,0.641607,0.649124,0.645839,0.647885,0.638698,0.632208,0.626129,0.619428,0.611951,0.604121,0.596313,0.5888,0.58179,0.57543,0.569804,0.564943,0.560834,0.557438,0.5547,0.552564,0.550979,0.549877,0.54913,0.548505,0.547696,0.546762,0.545713,0.544913,0.544619,0.544913
0.509372,0.509369,0.509372,0.509404,0.509525,0.509801,0.510279,0.510971,0.511796,0.512455,0.512304,0.510678,0.508775,0.507172,0.506077,0.505564,0.505669,0.50642,0.507836,0.50993,0.512711,0.516178,0.520318,0.525075,0.530277,0.535445,0.539608,0.543607,0.547795,0.552173,0.556499,0.56042,0.564107,0.568572,0.576417,0.570907,0.568942,0.568146,0.567802,0.567643,0.567615,0.567653,0.567681,0.568047,0.569086,0.571058,0.574131,0.577991,0.579122,0.581126,0.584413,0.58893,0.594572,0.601149,0.608144,0.614302,0.619387,0.6247,0.631111,0.637673,0.633135,0.632041,0.631965,0.632651,0.634174,0.63619,0.635578,0.635438,0.6363,0.638382,0.641831,0.646026,0.644916,0.643663,0.63681,0.630161,0.623986,0.617641,0.610256,0.602597,0.595056,0.587802,0.581023,0.574876,0.569454,0.564785,0.560854,0.557606,0.554977,0.552915,0.551416,0.550471,0.549967,0.549484,0.548096,0.546597,0.545335,0.544504,0.544215,0.544504
0.513538,0.513625,0.513538,0.513304,0.513058,0.512933,0.513037,0.513457,0.514271,0.515487,0.516618,0.51371,0.510935,0.508842,0.507447,0.506724,0.506663,0.507261,0.508521,0.510441,0.513011,0.516214,0.520013,0.524337,0.529047,0.533909,0.538679,0.543611,0.548933,0.554665,0.560393,0.564915,0.568219,0.571407,0.57441,0.57372,0.572995,0.572622,0.572446,0.572252,0.572184,0.572119,0.57141,0.570992,0.571325,0.57256,0.574655,0.57727,0.579609,0.582547,0.586506,0.591642,0.598017,0.605645,0.614121,0.619844,0.625066,0.630931,0.640339,0.638279,0.636517,0.635913,0.635396,0.635342,0.635788,0.63636,0.636278,0.636352,0.637118,0.638977,0.642513,0.649443,0.645346,0.646249,0.635912,0.62882,0.623185,0.618054,0.609978,0.602087,0.594628,0.587431,0.580715,0.574678,0.569417,0.564951,0.561241,0.558204,0.555729,0.553742,0.552334,0.551657,0.551814,0.552402,0.549633,0.547223,0.545551,0.544575,0.544253,0.544575
0.518805,0.519006,0.518805,0.518171,0.517422,0.516793,0.516431,0.516505,0.517299,0.519563,0.525933,0.517564,0.513363,0.510761,0.50909,0.508167,0.507937,0.508383,0.509493,0.51125,0.513633,0.516613,0.52015,0.524188,0.528651,0.533458,0.538592,0.544238,0.550681,0.558197,0.566535,0.571683,0.573506,0.575493,0.577167,0.577639,0.577766,0.577969,0.578176,0.577802,0.577817,0.578298,0.575913,0.574253,0.573729,0.574272,0.575733,0.577902,0.580581,0.584034,0.58852,0.594222,0.601329,0.610425,0.624,0.627048,0.631272,0.634799,0.639754,0.639781,0.639935,0.640888,0.639555,0.638723,0.638468,0.638374,0.638015,0.637767,0.638036,0.639092,0.641005,0.643196,0.641987,0.639176,0.632963,0.627203,0.623047,0.622572,0.610658,0.602276,0.595052,0.587681,0.580818,0.574781,0.569654,0.56542,0.56201,0.559289,0.557034,0.555028,0.553559,0.553044,0.554268,0.559713,0.551843,0.548136,0.546096,0.545014,0.54467,0.545014
0.52547,0.52575,0.52547,0.524116,0.52263,0.521346,0.520351,0.519792,0.519821,0.520501,0.521337,0.518212,0.515147,0.512697,0.510932,0.50986,0.509482,0.509788,0.510764,0.512383,0.514614,0.517418,0.520754,0.524588,0.528895,0.533673,0.538996,0.545082,0.552384,0.561946,0.576925,0.582841,0.579698,0.580966,0.582202,0.58298,0.58354,0.584389,0.585565,0.584041,0.584062,0.588421,0.580767,0.57745,0.576138,0.576138,0.577177,0.579105,0.581865,0.585579,0.590418,0.596506,0.603775,0.61187,0.622073,0.634249,0.639357,0.638427,0.645297,0.642353,0.643751,0.649351,0.64441,0.642724,0.642182,0.641851,0.640836,0.639861,0.639364,0.639549,0.64042,0.641555,0.641433,0.636703,0.630747,0.625156,0.620399,0.616106,0.608952,0.602436,0.596739,0.588527,0.581182,0.575054,0.570067,0.566127,0.563144,0.560956,0.559137,0.556818,0.554869,0.553729,0.55354,0.553873,0.550925,0.548411,0.546708,0.545738,0.545423,0.545738
0.534187,0.534028,0.534187,0.531168,0.528607,0.52658,0.524803,0.523459,0.522657,0.52225,0.521671,0.519766,0.517272,0.514902,0.51303,0.511808,0.511288,0.511471,0.51234,0.513859,0.51598,0.518651,0.521828,0.525493,0.52965,0.534337,0.53964,0.545727,0.552854,0.561327,0.571009,0.578074,0.582558,0.587554,0.588783,0.589625,0.590112,0.591573,0.596748,0.589827,0.58706,0.585932,0.582369,0.579721,0.578309,0.57804,0.578811,0.580558,0.583282,0.587091,0.592173,0.598724,0.606525,0.61235,0.619337,0.626847,0.632136,0.635449,0.639691,0.641787,0.644571,0.647654,0.647218,0.646786,0.646888,0.647213,0.644817,0.642676,0.641207,0.640517,0.640771,0.642374,0.646688,0.636649,0.629348,0.623449,0.618449,0.613655,0.607752,0.602906,0.602062,0.589609,0.581421,0.575265,0.570503,0.566939,0.564541,0.563305,0.562789,0.559283,0.556412,0.554503,0.553328,0.552353,0.550607,0.548906,0.547614,0.54683,0.546568,0.54683
0.547075,0.542976,0.547075,0.538751,0.535033,0.532543,0.529799,0.527559,0.526069,0.525141,0.5243,0.522875,0.520236,0.517567,0.51543,0.514008,0.51334,0.51342,0.514219,0.515687,0.517755,0.520342,0.523386,0.526883,0.530863,0.535378,0.540506,0.546346,0.553007,0.560545,0.568776,0.576965,0.585992,0.599006,0.596848,0.597726,0.596812,0.596148,0.595937,0.592558,0.589514,0.58697,0.584144,0.581838,0.580416,0.579983,0.580551,0.582116,0.584704,0.588427,0.593564,0.600812,0.612387,0.612812,0.617235,0.622839,0.628072,0.632732,0.637429,0.641735,0.646299,0.650688,0.651234,0.651526,0.652581,0.65651,0.649752,0.646024,0.643471,0.641743,0.640975,0.641687,0.645428,0.63505,0.627728,0.62201,0.617454,0.613464,0.606635,0.600504,0.595251,0.587531,0.580718,0.575162,0.57081,0.567648,0.565833,0.565994,0.570486,0.562163,0.558036,0.555586,0.553953,0.552641,0.551278,0.550021,0.549039,0.548425,0.548217,0.548425
0.545097,0.544732,0.545097,0.542729,0.541227,0.539749,0.535276,0.531889,0.529896,0.528923,0.52849,0.528169,0.524196,0.520661,0.518074,0.516407,0.515598,0.515604,0.516384,0.517875,0.519974,0.522543,0.525465,0.52877,0.532527,0.536803,0.541665,0.547163,0.553312,0.560114,0.567644,0.576094,0.586532,0.601686,0.602991,0.608732,0.604377,0.601381,0.599406,0.59606,0.592569,0.589386,0.586491,0.584156,0.582616,0.582007,0.582379,0.583738,0.586082,0.58945,0.593954,0.599695,0.606316,0.610423,0.615107,0.620365,0.625758,0.631163,0.636749,0.642628,0.64941,0.658785,0.656722,0.656722,0.656624,0.656254,0.652875,0.649407,0.646116,0.643212,0.640898,0.639173,0.637335,0.631585,0.62568,0.620577,0.617051,0.617262,0.605958,0.598349,0.592024,0.585648,0.579848,0.574933,0.570998,0.568076,0.566211,0.565412,0.565223,0.561902,0.559029,0.556892,0.555299,0.554015,0.552876,0.551892,0.551127,0.550644,0.550478,0.550644
0.546865,0.546768,0.546865,0.54685,0.548403,0.550953,0.540663,0.535815,0.533687,0.533148,0.533549,0.538099,0.528692,0.523774,0.520761,0.518909,0.518,0.517973,0.518798,0.520416,0.52269,0.525363,0.528139,0.531188,0.534662,0.538641,0.543197,0.548347,0.553995,0.559997,0.566651,0.574309,0.583449,0.59444,0.605825,0.606516,0.61171,0.606717,0.605363,0.60082,0.596422,0.592612,0.589373,0.586768,0.584975,0.584136,0.584308,0.585466,0.587532,0.590438,0.594216,0.598818,0.603894,0.608599,0.613556,0.618917,0.624603,0.630592,0.636968,0.643821,0.651146,0.658225,0.661379,0.663246,0.662167,0.660236,0.657311,0.65383,0.649583,0.645297,0.641433,0.637971,0.634348,0.629461,0.624003,0.618729,0.614067,0.60981,0.602722,0.596031,0.58996,0.584287,0.57918,0.574804,0.571242,0.568515,0.566583,0.565282,0.564152,0.562249,0.560333,0.558701,0.557376,0.556285,0.555358,0.554578,0.553969,0.553577,0.553442,0.553577
0.549761,0.549623,0.549761,0.550421,0.555601,0.547957,0.541613,0.538015,0.536883,0.537423,0.535451,0.534117,0.52968,0.525956,0.523254,0.521433,0.520482,0.520451,0.521383,0.523269,0.525979,0.529057,0.531521,0.53417,0.537285,0.540905,0.545146,0.550053,0.555357,0.560269,0.565708,0.572112,0.579602,0.587911,0.595845,0.600929,0.606101,0.609548,0.615638,0.606555,0.600801,0.596373,0.592721,0.589665,0.587471,0.586345,0.586342,0.587379,0.589238,0.591659,0.594763,0.598587,0.602972,0.607659,0.612749,0.618301,0.624314,0.630814,0.637903,0.645746,0.654346,0.662824,0.668559,0.673959,0.669804,0.66645,0.663532,0.660245,0.654306,0.648169,0.642768,0.638127,0.633814,0.629085,0.623313,0.617429,0.611828,0.606335,0.600218,0.594212,0.588604,0.583455,0.578868,0.574938,0.571722,0.569225,0.567385,0.566043,0.564913,0.563663,0.562405,0.561253,0.560263,0.559435,0.558736,0.558133,0.557633,0.557293,0.557172,0.557293
0.553157,0.553218,0.553157,0.550494,0.548881,0.544679,0.540824,0.538749,0.539404,0.545208,0.537709,0.534232,0.530939,0.528094,0.525838,0.524055,0.52301,0.522934,0.523981,0.526272,0.529877,0.534348,0.535707,0.537679,0.540402,0.543555,0.547441,0.552387,0.558144,0.561059,0.564854,0.569896,0.576015,0.582854,0.589824,0.596376,0.603348,0.610872,0.618214,0.610093,0.604976,0.60047,0.59658,0.592799,0.589995,0.588526,0.588432,0.589565,0.591483,0.593301,0.595703,0.598914,0.602874,0.607454,0.612625,0.618379,0.624707,0.631625,0.639277,0.648123,0.658893,0.671408,0.677328,0.67511,0.677895,0.673475,0.671365,0.67055,0.660453,0.651521,0.644546,0.639151,0.634882,0.630933,0.623902,0.617004,0.610628,0.604618,0.598729,0.593108,0.587891,0.583157,0.578983,0.575436,0.572557,0.570346,0.568753,0.567653,0.566854,0.566142,0.565425,0.564694,0.564039,0.563507,0.563064,0.562631,0.562184,0.561836,0.561705,0.561836
0.560182,0.55796,0.560182,0.550542,0.545772,0.542065,0.53926,0.537755,0.537779,0.538887,0.536942,0.535156,0.532738,0.530623,0.528927,0.526911,0.52554,0.525267,0.526308,0.528937,0.533896,0.543743,0.540276,0.541438,0.544093,0.546481,0.549696,0.554938,0.564811,0.562014,0.563806,0.567665,0.57278,0.578752,0.585322,0.592515,0.601168,0.613519,0.613545,0.611764,0.60967,0.605071,0.601444,0.596062,0.592287,0.590429,0.590395,0.592067,0.594934,0.595467,0.596945,0.59961,0.603282,0.607795,0.613062,0.619041,0.625679,0.632885,0.640654,0.649789,0.662929,0.667306,0.675335,0.672523,0.674328,0.679451,0.679162,0.670802,0.666673,0.654134,0.645953,0.640245,0.636821,0.637046,0.625526,0.617214,0.610208,0.603915,0.598095,0.592713,0.587797,0.583392,0.579556,0.576344,0.573796,0.571921,0.570693,0.570028,0.569769,0.569687,0.569521,0.56912,0.568748,0.568547,0.568438,0.5682,0.56769,0.567216,0.56703,0.567216
0.552624,0.559287,0.552624,0.546741,0.542613,0.539555,0.537399,0.536229,0.536069,0.536618,0.537016,0.537704,0.535222,0.53372,0.533318,0.530103,0.527946,0.527262,0.528025,0.530256,0.534019,0.538946,0.541221,0.544712,0.549061,0.549599,0.550947,0.553891,0.558002,0.559425,0.561739,0.565235,0.569754,0.575131,0.581287,0.588297,0.596413,0.60548,0.611828,0.614889,0.618008,0.609829,0.609186,0.598829,0.593769,0.591609,0.591752,0.594482,0.601828,0.597802,0.598116,0.60042,0.603979,0.608516,0.613933,0.6202,0.627252,0.634768,0.641861,0.648668,0.655901,0.660801,0.665157,0.66658,0.668706,0.672077,0.67625,0.66808,0.66172,0.653615,0.646098,0.640254,0.636305,0.633413,0.625115,0.617276,0.610216,0.60387,0.598144,0.592964,0.588293,0.584152,0.580593,0.577671,0.575436,0.573921,0.57314,0.573065,0.573578,0.574385,0.574918,0.574585,0.574354,0.574559,0.575009,0.575105,0.574224,0.573372,0.573045,0.573372
0.545311,0.547431,0.545311,0.542201,0.539393,0.537145,0.535548,0.534691,0.534643,0.535498,0.537797,0.544422,0.537719,0.536709,0.541512,0.533221,0.529861,0.528788,0.529256,0.531027,0.53397,0.537803,0.541956,0.54814,0.558862,0.552929,0.551625,0.552707,0.554921,0.556984,0.559536,0.562837,0.566929,0.571804,0.577482,0.584069,0.591819,0.601288,0.614539,0.619104,0.614923,0.60819,0.603352,0.597418,0.593457,0.591592,0.591628,0.593389,0.596332,0.596914,0.598414,0.601096,0.604825,0.609496,0.615102,0.621735,0.629536,0.63826,0.644555,0.648334,0.652433,0.656079,0.659156,0.661183,0.66309,0.665159,0.666713,0.664799,0.659749,0.653734,0.645782,0.639567,0.635924,0.636373,0.625416,0.617717,0.610655,0.604337,0.598768,0.593817,0.589362,0.585425,0.582079,0.579395,0.577435,0.576264,0.575957,0.576587,0.578168,0.580435,0.582258,0.581025,0.580602,0.581405,0.583011,0.584067,0.581806,0.580079,0.579481,0.580079
0.54,0.540826,0.54,0.538365,0.536613,0.535082,0.533951,0.533335,0.533309,0.533928,0.535249,0.537004,0.535524,0.53488,0.53515,0.532397,0.530472,0.529755,0.530166,0.531612,0.534024,0.537339,0.541666,0.548049,0.558787,0.552657,0.550943,0.55142,0.553021,0.555093,0.557625,0.560694,0.564377,0.568739,0.573844,0.579768,0.586609,0.594437,0.602991,0.609415,0.615536,0.605792,0.59974,0.595149,0.592157,0.590778,0.590882,0.592224,0.59431,0.596224,0.598648,0.601848,0.605859,0.610681,0.616393,0.623265,0.632073,0.645376,0.650972,0.648893,0.650641,0.653153,0.65544,0.657142,0.658554,0.660002,0.661894,0.665899,0.659981,0.657012,0.644939,0.637505,0.632642,0.629204,0.623631,0.618678,0.611493,0.605187,0.599897,0.595288,0.591017,0.587205,0.583996,0.58148,0.579727,0.578824,0.578917,0.580241,0.583155,0.588017,0.593747,0.587746,0.586712,0.588539,0.592656,0.597442,0.589944,0.586744,0.585809,0.586744
0.536501,0.536869,0.536501,0.535645,0.534609,0.533613,0.532829,0.532378,0.532319,0.532646,0.533261,0.533819,0.533486,0.53313,0.532804,0.531736,0.530858,0.53058,0.531024,0.532219,0.534167,0.53686,0.540328,0.544622,0.549044,0.548997,0.549096,0.550034,0.551678,0.553775,0.556215,0.558982,0.562197,0.565992,0.570455,0.57563,0.581505,0.587968,0.594696,0.601167,0.609134,0.600832,0.595784,0.592393,0.59035,0.589584,0.59,0.591421,0.593569,0.596136,0.599224,0.602915,0.607214,0.612116,0.617678,0.624024,0.631296,0.639243,0.644469,0.646838,0.649301,0.651677,0.653535,0.654624,0.655213,0.655639,0.656199,0.65729,0.658499,0.64919,0.640664,0.634068,0.629121,0.625349,0.622393,0.623032,0.612599,0.606155,0.601469,0.597536,0.593322,0.589483,0.586313,0.583893,0.582255,0.581473,0.581731,0.583394,0.587287,0.595835,0.592688,0.590602,0.591061,0.594485,0.602743,0.599063,0.59489,0.592245,0.591364,0.592245
0.534486,0.534636,0.534486,0.5341,0.533554,0.532921,0.532364,0.532016,0.531929,0.532066,0.532318,0.532517,0.53246,0.532341,0.53219,0.53187,0.531629,0.531667,0.532116,0.533063,0.534556,0.536604,0.539167,0.54208,0.544791,0.546212,0.547429,0.548966,0.550908,0.553144,0.555513,0.557861,0.560484,0.563629,0.567416,0.571863,0.576898,0.58233,0.587766,0.592545,0.595709,0.593739,0.591284,0.589392,0.588368,0.58831,0.589213,0.590995,0.593518,0.596641,0.600318,0.604501,0.609099,0.614035,0.619335,0.625023,0.631026,0.637027,0.64203,0.645898,0.649263,0.651939,0.653621,0.653831,0.653264,0.65237,0.651202,0.649795,0.647424,0.641802,0.635658,0.630171,0.625602,0.62185,0.618727,0.616066,0.610863,0.6065,0.603415,0.601185,0.596364,0.592198,0.58898,0.586617,0.58502,0.584172,0.58423,0.585409,0.587865,0.591204,0.591679,0.592022,0.593553,0.596713,0.601069,0.602302,0.599422,0.597094,0.596266,0.597094
0.533698,0.533687,0.533698,0.533705,0.533576,0.533142,0.532675,0.532381,0.532303,0.532356,0.532417,0.532458,0.532483,0.53257,0.532732,0.532912,0.533108,0.533331,0.533697,0.53435,0.535383,0.536828,0.538658,0.540748,0.542838,0.544647,0.546459,0.548515,0.550867,0.553409,0.555866,0.557504,0.559291,0.561674,0.564774,0.568572,0.572971,0.577772,0.58259,0.586643,0.588529,0.588237,0.587324,0.586624,0.586517,0.587172,0.588646,0.590932,0.593977,0.597704,0.602027,0.6068,0.611786,0.616737,0.621762,0.626874,0.631938,0.637002,0.641925,0.646672,0.651129,0.654415,0.656403,0.655039,0.652865,0.650596,0.647662,0.64448,0.640813,0.636139,0.631185,0.626538,0.622438,0.618887,0.615757,0.612798,0.609432,0.606703,0.605638,0.608553,0.599867,0.595075,0.591895,0.589677,0.588131,0.587062,0.586704,0.587246,0.588663,0.590544,0.591911,0.593364,0.59553,0.598863,0.603644,0.610783,0.604524,0.601564,0.600629,0.601564
0.533904,0.533699,0.533904,0.534435,0.534893,0.534383,0.533801,0.533518,0.533532,0.533626,0.533523,0.533402,0.533434,0.533713,0.534243,0.534927,0.53555,0.53584,0.535984,0.536248,0.53679,0.537666,0.538889,0.540421,0.542175,0.544089,0.546262,0.548789,0.551659,0.55479,0.55807,0.558036,0.558544,0.560048,0.562485,0.565741,0.569707,0.574275,0.579265,0.584,0.584626,0.584452,0.584246,0.584356,0.584999,0.586309,0.588367,0.591214,0.594862,0.599288,0.604411,0.61002,0.615652,0.620519,0.625265,0.629947,0.63403,0.638311,0.643196,0.648944,0.655385,0.659414,0.663765,0.658284,0.653782,0.650704,0.645586,0.640856,0.63641,0.631948,0.627587,0.62353,0.61989,0.616664,0.613771,0.611083,0.608506,0.60638,0.605017,0.604197,0.6006,0.597457,0.594956,0.593168,0.591869,0.590339,0.589379,0.589307,0.5901,0.591506,0.593167,0.595106,0.597457,0.600687,0.604995,0.609479,0.607463,0.605137,0.604247,0.605137
0.534773,0.534285,0.534773,0.536228,0.53817,0.536686,0.535619,0.535346,0.535669,0.536084,0.535634,0.535182,0.535126,0.535593,0.536593,0.537995,0.539319,0.539488,0.539146,0.538864,0.538859,0.539156,0.539813,0.540875,0.542358,0.544284,0.546728,0.549738,0.553218,0.557054,0.564625,0.559065,0.557839,0.558532,0.560426,0.563252,0.566903,0.571424,0.577276,0.586557,0.582611,0.581791,0.581941,0.582647,0.583905,0.585794,0.588396,0.591799,0.59608,0.601294,0.607437,0.614358,0.621433,0.625581,0.629999,0.634798,0.637111,0.640209,0.644808,0.65174,0.663279,0.665326,0.661187,0.661784,0.6545,0.65407,0.64433,0.638147,0.633215,0.628839,0.624859,0.621275,0.61809,0.615264,0.612727,0.610404,0.608268,0.60643,0.604985,0.60375,0.602004,0.600318,0.598418,0.597284,0.596948,0.594154,0.592269,0.59161,0.592031,0.593323,0.595257,0.597551,0.599625,0.60256,0.607303,0.615819,0.61185,0.608408,0.607219,0.608408
0.535668,0.534876,0.535668,0.538525,0.545872,0.539565,0.537634,0.537572,0.538707,0.540401,0.538741,0.537558,0.537288,0.537933,0.539535,0.542141,0.545241,0.544651,0.543247,0.542204,0.541628,0.541285,0.541333,0.541914,0.543104,0.544974,0.547642,0.551238,0.555449,0.55662,0.558152,0.556798,0.556253,0.556854,0.558477,0.560987,0.564287,0.568305,0.572934,0.577593,0.578556,0.579244,0.580167,0.581472,0.583271,0.585657,0.588724,0.59261,0.597477,0.603493,0.61082,0.619689,0.631304,0.631543,0.63553,0.643324,0.640597,0.641802,0.645294,0.651148,0.66086,0.657752,0.65511,0.653264,0.649591,0.64635,0.640726,0.63538,0.630651,0.626513,0.622907,0.619785,0.617086,0.614729,0.612619,0.610681,0.608872,0.607223,0.605878,0.604945,0.604476,0.604518,0.602237,0.60172,0.605605,0.598174,0.595042,0.593941,0.594201,0.595608,0.598104,0.601336,0.602056,0.603753,0.606978,0.611785,0.61686,0.610566,0.608951,0.610566
0.53549,0.534866,0.53549,0.537331,0.539857,0.539068,0.538777,0.539597,0.542183,0.549075,0.542369,0.540018,0.539531,0.540314,0.542475,0.546797,0.555867,0.551637,0.547995,0.546083,0.545168,0.544027,0.543326,0.543351,0.544179,0.545876,0.548647,0.553149,0.561751,0.556861,0.555604,0.554758,0.554557,0.555191,0.55668,0.558976,0.562002,0.565636,0.569628,0.573402,0.575853,0.577544,0.579091,0.580888,0.583138,0.58593,0.589333,0.593547,0.598841,0.60551,0.613802,0.623432,0.630687,0.634937,0.638444,0.641281,0.641348,0.642311,0.644627,0.647916,0.651304,0.650942,0.649465,0.647794,0.645465,0.642224,0.638041,0.633188,0.628678,0.624826,0.621638,0.619031,0.616898,0.615098,0.613484,0.611974,0.610458,0.608851,0.607494,0.606809,0.60757,0.612176,0.60542,0.60288,0.602065,0.599014,0.596902,0.596025,0.596336,0.597922,0.601337,0.608759,0.60464,0.604549,0.606211,0.608631,0.610447,0.609189,0.608597,0.609189
0.535087,0.534593,0.535087,0.536448,0.538156,0.539073,0.539805,0.540857,0.542357,0.544184,0.542646,0.541616,0.541505,0.542318,0.54426,0.547718,0.553067,0.55906,0.552029,0.54998,0.549948,0.547339,0.545602,0.544995,0.545396,0.546719,0.548942,0.551987,0.555199,0.554506,0.553678,0.553104,0.553058,0.553707,0.555113,0.557277,0.560156,0.563661,0.567603,0.571603,0.574985,0.577063,0.578847,0.580932,0.583552,0.586687,0.590231,0.594512,0.599946,0.607036,0.616593,0.630716,0.634254,0.64026,0.643221,0.64321,0.642402,0.642668,0.644192,0.645796,0.646716,0.646466,0.645228,0.644196,0.64346,0.640244,0.63722,0.631838,0.627225,0.623647,0.62095,0.618964,0.617532,0.616435,0.615395,0.61442,0.613277,0.61137,0.609576,0.608364,0.607958,0.608102,0.605523,0.603447,0.601888,0.600039,0.598644,0.598038,0.598316,0.599527,0.60169,0.604413,0.60433,0.604727,0.60582,0.607221,0.608255,0.608287,0.608199,0.608287
0.534806,0.534314,0.534806,0.536213,0.538243,0.540263,0.541513,0.542672,0.543208,0.543666,0.543423,0.543296,0.54356,0.544199,0.545538,0.547764,0.55065,0.552986,0.552105,0.552882,0.558323,0.550797,0.547759,0.546644,0.546702,0.547679,0.549433,0.551685,0.553585,0.553316,0.552527,0.551951,0.551893,0.552495,0.553821,0.555899,0.558729,0.562298,0.566578,0.571488,0.576492,0.577951,0.579381,0.581527,0.584538,0.588129,0.591492,0.595435,0.600516,0.607228,0.615971,0.626683,0.636537,0.649828,0.652174,0.647138,0.643583,0.642969,0.644883,0.645571,0.644507,0.644189,0.641993,0.641506,0.645141,0.639269,0.639951,0.630902,0.625912,0.622753,0.620715,0.619503,0.618989,0.618867,0.618395,0.618184,0.618009,0.614923,0.61222,0.610252,0.608936,0.607892,0.606256,0.604627,0.60313,0.601733,0.600722,0.600286,0.600486,0.601303,0.602609,0.604007,0.604673,0.60534,0.606259,0.607316,0.608203,0.608648,0.608765,0.608648
0.5346,0.534035,0.5346,0.536346,0.539338,0.543221,0.544315,0.546114,0.545145,0.544855,0.545091,0.545592,0.546248,0.54639,0.54694,0.548167,0.549804,0.551156,0.551547,0.552147,0.553097,0.550791,0.549008,0.548135,0.548106,0.548877,0.550449,0.552759,0.555171,0.553674,0.552191,0.551306,0.551095,0.551585,0.552809,0.554803,0.557603,0.56127,0.56598,0.572342,0.582619,0.579946,0.580279,0.582343,0.586036,0.590896,0.593279,0.596333,0.600577,0.606523,0.61453,0.624681,0.636574,0.649668,0.64799,0.650795,0.643026,0.641946,0.648008,0.648304,0.642759,0.644996,0.63825,0.635897,0.635356,0.632939,0.631107,0.627091,0.623938,0.621906,0.620817,0.620503,0.621213,0.62281,0.622292,0.623071,0.626812,0.619243,0.615275,0.612632,0.610783,0.609412,0.608121,0.606807,0.605403,0.604169,0.603349,0.603026,0.603163,0.603718,0.604566,0.605466,0.606149,0.606836,0.607697,0.608719,0.609735,0.610476,0.610706,0.610476
0.534201,0.533608,0.534201,0.536225,0.540541,0.549975,0.54742,0.553338,0.547412,0.546526,0.547506,0.548742,0.550463,0.549185,0.548679,0.549178,0.550261,0.551309,0.551802,0.552087,0.552155,0.551284,0.550369,0.549798,0.549729,0.550295,0.551748,0.554758,0.561698,0.555049,0.552282,0.551013,0.550622,0.550968,0.552057,0.553933,0.556648,0.560246,0.564784,0.570348,0.576697,0.580017,0.580528,0.582615,0.58746,0.597244,0.595501,0.597153,0.600059,0.604888,0.612095,0.622102,0.636601,0.643601,0.640533,0.644419,0.636982,0.634982,0.636113,0.636108,0.634434,0.633805,0.63131,0.629666,0.628639,0.627207,0.62563,0.623589,0.622012,0.621281,0.621307,0.621642,0.623713,0.630035,0.626058,0.626165,0.624773,0.621124,0.618159,0.615367,0.613297,0.611996,0.611147,0.610213,0.608642,0.607324,0.606609,0.606436,0.606551,0.606971,0.607606,0.608275,0.608757,0.609298,0.610111,0.611271,0.612683,0.61396,0.614252,0.61396
0.533359,0.532975,0.533359,0.534806,0.537627,0.54161,0.543067,0.545513,0.545654,0.547344,0.550679,0.552426,0.558695,0.552227,0.55043,0.550622,0.551775,0.55304,0.553289,0.553269,0.553177,0.552843,0.552407,0.551981,0.551736,0.55185,0.552516,0.553856,0.555466,0.553573,0.551903,0.550866,0.550436,0.550635,0.551543,0.553256,0.555847,0.559326,0.563615,0.568632,0.574877,0.583981,0.580282,0.581215,0.58504,0.591064,0.595439,0.597834,0.598737,0.602006,0.608004,0.616196,0.622605,0.626532,0.62732,0.628346,0.626695,0.626075,0.626544,0.626773,0.62625,0.625665,0.624701,0.623995,0.623502,0.622796,0.621788,0.620791,0.620407,0.621062,0.62265,0.62221,0.623131,0.625615,0.626914,0.631929,0.626162,0.623483,0.622027,0.618533,0.61619,0.615275,0.615403,0.615402,0.61277,0.611014,0.610464,0.610695,0.610773,0.611147,0.611752,0.61241,0.612448,0.612628,0.613322,0.614717,0.616915,0.619582,0.619532,0.619582
0.532439,0.532554,0.532439,0.533002,0.534546,0.536773,0.53873,0.541003,0.543358,0.547529,0.556462,0.552612,0.553118,0.551623,0.551214,0.552126,0.5542,0.556812,0.556073,0.55555,0.555467,0.555532,0.55546,0.55501,0.554407,0.553879,0.553636,0.553715,0.55377,0.552903,0.551918,0.551136,0.550646,0.550616,0.551251,0.552732,0.555192,0.558637,0.562767,0.566748,0.571272,0.575835,0.576488,0.578009,0.581515,0.587634,0.598468,0.601124,0.596168,0.59752,0.602855,0.613223,0.612254,0.613771,0.615044,0.616126,0.616547,0.617249,0.618388,0.619363,0.619299,0.619076,0.619003,0.619281,0.619746,0.619852,0.6191,0.618541,0.618924,0.621074,0.627188,0.622582,0.622152,0.623552,0.62523,0.626656,0.625636,0.625789,0.6291,0.621706,0.618811,0.618664,0.620941,0.624374,0.617169,0.614644,0.614681,0.616253,0.615841,0.616239,0.616992,0.618312,0.617145,0.616594,0.61698,0.618514,0.621833,0.629082,0.625874,0.629082
0.531827,0.533339,0.531827,0.531204,0.53177,0.533199,0.535074,0.537413,0.54025,0.543967,0.548338,0.549467,0.550569,0.550953,0.551699,0.553491,0.557115,0.56497,0.559671,0.558422,0.558641,0.559388,0.559923,0.559222,0.558034,0.55665,0.555462,0.554628,0.554025,0.553377,0.552759,0.552138,0.551419,0.550959,0.551137,0.552259,0.554585,0.558305,0.563116,0.565376,0.568692,0.572672,0.572901,0.573895,0.57646,0.580586,0.585699,0.588219,0.588405,0.590168,0.593799,0.598559,0.600561,0.602404,0.604106,0.605721,0.607272,0.609142,0.611553,0.614152,0.613664,0.613498,0.614111,0.615538,0.617509,0.618928,0.617379,0.616507,0.616833,0.618287,0.62032,0.619943,0.620511,0.622378,0.624969,0.625001,0.62511,0.626111,0.624875,0.621544,0.619844,0.62079,0.626485,0.621679,0.618044,0.616865,0.618514,0.62495,0.621256,0.62213,0.622822,0.62786,0.622382,0.62078,0.620647,0.621687,0.623986,0.627036,0.626973,0.627036
0.531308,0.538127,0.531308,0.5292,0.529116,0.530164,0.531942,0.534321,0.537263,0.54076,0.54447,0.547366,0.549757,0.550944,0.55216,0.554049,0.556834,0.560143,0.560256,0.560861,0.562327,0.564493,0.566662,0.56496,0.562894,0.56026,0.557968,0.556341,0.555357,0.554849,0.55463,0.554265,0.552958,0.55169,0.551104,0.55161,0.553615,0.557923,0.567066,0.564002,0.566509,0.574328,0.569619,0.569281,0.570921,0.573634,0.576615,0.578748,0.580162,0.582051,0.584724,0.587772,0.590151,0.592302,0.594386,0.596511,0.598814,0.601631,0.605675,0.613176,0.608856,0.608287,0.609554,0.612405,0.61698,0.62213,0.616137,0.614429,0.614769,0.616078,0.617022,0.617523,0.618732,0.621645,0.62844,0.624441,0.624863,0.629841,0.623916,0.620916,0.619392,0.619331,0.620361,0.618977,0.617622,0.617413,0.61872,0.621508,0.623265,0.62937,0.625473,0.625842,0.624911,0.624659,0.624303,0.624765,0.626557,0.629279,0.629121,0.629279
0.52706,0.528673,0.52706,0.526149,0.526308,0.52738,0.529194,0.531654,0.534714,0.538339,0.542426,0.546785,0.551167,0.551926,0.552971,0.554739,0.55706,0.559551,0.561388,0.563482,0.566354,0.570644,0.578325,0.572111,0.569369,0.564569,0.560843,0.558447,0.557243,0.557063,0.557679,0.558367,0.555487,0.552764,0.551006,0.55049,0.551373,0.553745,0.557219,0.558109,0.56007,0.562978,0.563028,0.563749,0.565376,0.567483,0.569455,0.571076,0.572526,0.574237,0.576366,0.578751,0.581072,0.583375,0.585737,0.588238,0.590962,0.59402,0.597474,0.60099,0.601438,0.60238,0.604554,0.608696,0.61703,0.614022,0.611766,0.611452,0.612888,0.615387,0.615325,0.61555,0.61641,0.618195,0.62066,0.620629,0.621232,0.62252,0.621202,0.619976,0.618639,0.617941,0.617813,0.617407,0.617213,0.617602,0.618605,0.620261,0.622097,0.624626,0.625031,0.626296,0.627931,0.629815,0.628312,0.627685,0.629374,0.635582,0.632131,0.635582
0.523083,0.523415,0.523083,0.523002,0.52356,0.524829,0.526778,0.529371,0.532588,0.536454,0.541112,0.547192,0.557222,0.553646,0.554082,0.555905,0.55815,0.56065,0.563305,0.566372,0.570016,0.574464,0.578604,0.576854,0.578958,0.568855,0.563431,0.5604,0.559142,0.559518,0.561694,0.567076,0.558891,0.553903,0.550692,0.548995,0.548669,0.549498,0.550995,0.552186,0.553727,0.555538,0.556814,0.558364,0.560404,0.562528,0.563708,0.564643,0.565699,0.567078,0.568829,0.570876,0.573098,0.575477,0.578045,0.58084,0.583883,0.587122,0.590328,0.592996,0.594653,0.596367,0.598717,0.601933,0.605643,0.606313,0.606596,0.607872,0.61109,0.618412,0.614493,0.614095,0.614317,0.615222,0.616538,0.617346,0.618081,0.618971,0.619561,0.620308,0.618407,0.617138,0.6167,0.616782,0.617377,0.618335,0.618997,0.619997,0.6214,0.623178,0.624901,0.627553,0.63188,0.639538,0.632623,0.629464,0.628852,0.629958,0.629426,0.629958
0.51982,0.519781,0.51982,0.520182,0.521068,0.522566,0.524693,0.527441,0.5308,0.534769,0.539379,0.544663,0.550241,0.552381,0.554834,0.55768,0.560021,0.562635,0.565856,0.569735,0.573933,0.579659,0.585846,0.578817,0.575516,0.569517,0.564675,0.56162,0.560446,0.561212,0.563549,0.563349,0.560138,0.554297,0.549887,0.547153,0.54583,0.545605,0.546104,0.546941,0.548147,0.549667,0.551364,0.553532,0.556393,0.559568,0.559258,0.559142,0.559606,0.560604,0.56206,0.563893,0.566035,0.568468,0.571206,0.57428,0.577699,0.581357,0.584823,0.587122,0.588923,0.590835,0.593135,0.595802,0.598431,0.600126,0.60157,0.603488,0.606334,0.609985,0.611292,0.613172,0.612692,0.612991,0.61408,0.615293,0.615933,0.616881,0.618923,0.624451,0.6187,0.616663,0.616223,0.616801,0.618334,0.620524,0.62021,0.620493,0.621494,0.622952,0.625014,0.628313,0.633683,0.642504,0.634365,0.629876,0.627791,0.627152,0.626838,0.627152
0.517195,0.51702,0.517195,0.5178,0.518928,0.520639,0.522956,0.525877,0.529381,0.533434,0.53797,0.54285,0.547715,0.551827,0.556223,0.560993,0.562657,0.565056,0.5688,0.573835,0.577389,0.58547,0.58151,0.578126,0.575843,0.57008,0.565183,0.562004,0.560851,0.56238,0.568989,0.56368,0.565058,0.554291,0.548431,0.544917,0.542911,0.542003,0.541892,0.542345,0.543276,0.544644,0.546471,0.54904,0.553105,0.561137,0.555657,0.554105,0.554023,0.554719,0.555963,0.557654,0.559741,0.562215,0.565099,0.56845,0.572356,0.576873,0.581578,0.582846,0.584184,0.586019,0.588298,0.590824,0.593272,0.595313,0.597195,0.599306,0.60191,0.605043,0.608664,0.615757,0.611434,0.611119,0.612647,0.614967,0.614631,0.614853,0.615961,0.617572,0.616439,0.615745,0.615884,0.617022,0.619791,0.62638,0.62199,0.621432,0.622297,0.62329,0.625061,0.628178,0.633223,0.641289,0.633645,0.629065,0.626459,0.625199,0.624794,0.625199
0.515095,0.514854,0.515095,0.515849,0.517162,0.519068,0.521582,0.5247,0.528394,0.532601,0.537212,0.542056,0.546957,0.552012,0.558267,0.568451,0.565604,0.56718,0.571509,0.580483,0.577391,0.578502,0.577678,0.577409,0.58072,0.570839,0.565022,0.561408,0.559617,0.559514,0.560468,0.558375,0.55599,0.55041,0.54565,0.542186,0.539905,0.538615,0.538125,0.53828,0.538982,0.540176,0.541855,0.544075,0.546882,0.549836,0.549164,0.548635,0.548696,0.549322,0.550457,0.552059,0.554107,0.556603,0.55958,0.563128,0.567473,0.573278,0.582859,0.579591,0.580041,0.581855,0.584313,0.587032,0.589631,0.591772,0.593712,0.595754,0.598083,0.600746,0.603706,0.606894,0.607316,0.608548,0.611571,0.61845,0.613924,0.61309,0.613649,0.614594,0.614895,0.615147,0.615701,0.616766,0.618592,0.621037,0.621102,0.622114,0.624138,0.624018,0.624935,0.627292,0.63093,0.634569,0.63105,0.627457,0.624956,0.623562,0.623113,0.623562
0.513431,0.51315,0.513431,0.514293,0.515759,0.517847,0.520568,0.523918,0.527869,0.53235,0.537216,0.54221,0.547059,0.552018,0.55742,0.563021,0.565178,0.567601,0.570636,0.574054,0.574264,0.574542,0.574364,0.574186,0.573664,0.568594,0.563707,0.560034,0.557737,0.55663,0.556038,0.554399,0.551153,0.546733,0.542589,0.539281,0.536914,0.535429,0.534717,0.534671,0.535199,0.536232,0.537707,0.539539,0.541532,0.543185,0.543555,0.543597,0.543827,0.544443,0.545512,0.54705,0.549061,0.551549,0.554536,0.558061,0.562193,0.566978,0.572007,0.573703,0.575619,0.578138,0.581161,0.58446,0.58755,0.589542,0.591237,0.593029,0.595043,0.597279,0.59965,0.601935,0.603525,0.605328,0.607784,0.610648,0.610676,0.611082,0.612101,0.613412,0.614551,0.615402,0.616159,0.616907,0.617934,0.619239,0.620431,0.62295,0.629292,0.624878,0.624541,0.626299,0.62982,0.636194,0.629711,0.625935,0.623519,0.622148,0.621703,0.622148
0.512134,0.511821,0.512134,0.513084,0.514684,0.516948,0.519887,0.523503,0.527788,0.532698,0.538085,0.543511,0.548064,0.552603,0.557405,0.56208,0.565534,0.568465,0.570437,0.571898,0.572135,0.572106,0.572118,0.572375,0.572222,0.567222,0.562226,0.558324,0.555704,0.554267,0.553688,0.553063,0.548514,0.543799,0.539702,0.536438,0.53404,0.532466,0.531641,0.531482,0.53191,0.532846,0.534203,0.535847,0.537533,0.538833,0.539286,0.539388,0.539587,0.540128,0.541117,0.542592,0.544562,0.547029,0.549989,0.553431,0.557312,0.561492,0.56556,0.568669,0.571672,0.574997,0.578821,0.583189,0.587667,0.588714,0.589772,0.591193,0.592896,0.594795,0.596803,0.598799,0.60065,0.602589,0.604727,0.606829,0.608192,0.609608,0.611408,0.61355,0.615648,0.616903,0.617781,0.617926,0.618154,0.618713,0.619598,0.62113,0.623213,0.622832,0.623224,0.624717,0.627035,0.629134,0.626844,0.624226,0.622204,0.620976,0.620567,0.620976
0.511143,0.510805,0.511143,0.512171,0.513896,0.51633,0.519488,0.523387,0.528059,0.533555,0.539909,0.54669,0.5501,0.553949,0.558551,0.563403,0.567462,0.571344,0.571807,0.57203,0.571334,0.570691,0.570692,0.572035,0.576692,0.566902,0.560695,0.556371,0.553522,0.552077,0.552414,0.55668,0.547064,0.541257,0.536987,0.533728,0.531338,0.529746,0.528888,0.528696,0.529102,0.530033,0.531408,0.533112,0.534924,0.536331,0.536377,0.536086,0.536012,0.536374,0.537246,0.53865,0.540584,0.543038,0.545989,0.549395,0.553175,0.55717,0.561128,0.564806,0.568471,0.572433,0.577021,0.582902,0.592315,0.588977,0.58905,0.590182,0.591663,0.593315,0.595086,0.596931,0.598812,0.60078,0.60284,0.604885,0.606795,0.608894,0.611517,0.614883,0.618743,0.619938,0.621295,0.620018,0.619204,0.619023,0.619277,0.619924,0.620766,0.62118,0.621973,0.623483,0.625645,0.627641,0.62548,0.62309,0.621262,0.620149,0.619776,0.620149
0.510407,0.510044,0.510407,0.511505,0.513346,0.515942,0.519307,0.523466,0.528481,0.534542,0.542306,0.554253,0.552715,0.555568,0.560481,0.566563,0.570618,0.578702,0.57448,0.574141,0.571541,0.569693,0.568982,0.569445,0.570226,0.564051,0.558324,0.553977,0.550964,0.549131,0.548239,0.547506,0.542822,0.538185,0.53426,0.531142,0.528826,0.527278,0.526454,0.526299,0.526755,0.527764,0.529275,0.531265,0.533717,0.53619,0.534805,0.533569,0.533003,0.53311,0.533848,0.535185,0.537097,0.539563,0.542553,0.546015,0.549856,0.553927,0.558025,0.562013,0.566038,0.570314,0.575008,0.580172,0.585344,0.586932,0.588372,0.589927,0.591368,0.592827,0.594412,0.596144,0.59801,0.600005,0.602096,0.604211,0.606346,0.608796,0.61203,0.616876,0.62566,0.623975,0.628606,0.62281,0.62078,0.620056,0.619724,0.619686,0.61991,0.620315,0.62117,0.622765,0.625594,0.631482,0.625518,0.62256,0.62077,0.619742,0.619403,0.619742
0.509876,0.509491,0.509876,0.51104,0.51299,0.515737,0.519291,0.523656,0.528834,0.534812,0.541525,0.548469,0.551962,0.556158,0.562281,0.572802,0.570805,0.573109,0.574337,0.579581,0.572057,0.568616,0.567155,0.567596,0.571775,0.561799,0.555613,0.551277,0.548253,0.546265,0.544925,0.543303,0.539542,0.535405,0.531719,0.528743,0.52653,0.52507,0.52433,0.52427,0.524837,0.525977,0.52765,0.529945,0.533484,0.540909,0.534081,0.531379,0.530316,0.530211,0.530848,0.532144,0.534061,0.536574,0.539659,0.543274,0.547338,0.551692,0.556077,0.560234,0.564413,0.568844,0.5736,0.578522,0.583051,0.586133,0.588681,0.59089,0.592163,0.593325,0.594703,0.596339,0.598199,0.600259,0.602456,0.604649,0.60672,0.609054,0.612077,0.616086,0.620825,0.622864,0.624309,0.623004,0.622213,0.62186,0.621039,0.620347,0.620036,0.62016,0.620793,0.621978,0.623657,0.625326,0.623724,0.622028,0.620679,0.61981,0.61951,0.61981
0.509505,0.509101,0.509505,0.510731,0.512785,0.515679,0.51942,0.524001,0.529365,0.535338,0.541514,0.54715,0.551529,0.55585,0.560727,0.565921,0.567751,0.569653,0.571245,0.572587,0.569554,0.566615,0.564478,0.563064,0.561779,0.556801,0.552083,0.548292,0.545523,0.543766,0.542907,0.542251,0.537643,0.533168,0.529457,0.526564,0.524462,0.523118,0.522505,0.522589,0.523325,0.524636,0.526387,0.52837,0.530361,0.532197,0.530227,0.528542,0.52766,0.52756,0.52818,0.529476,0.531425,0.534016,0.537244,0.541101,0.545552,0.550457,0.555396,0.559483,0.563592,0.568115,0.5731,0.578349,0.583298,0.586967,0.590431,0.593897,0.594176,0.594719,0.595851,0.597427,0.59931,0.6015,0.603949,0.606342,0.607967,0.609766,0.612285,0.61572,0.619852,0.623515,0.623933,0.623853,0.624375,0.625298,0.623389,0.621791,0.620889,0.620659,0.621028,0.621864,0.622899,0.623613,0.623192,0.622315,0.621271,0.620472,0.620178,0.620472
0.509254,0.508831,0.509254,0.510535,0.512685,0.515724,0.51967,0.524532,0.530264,0.53665,0.543044,0.548101,0.552176,0.556015,0.559894,0.563453,0.565678,0.567566,0.569463,0.571031,0.568014,0.564864,0.562127,0.55945,0.556518,0.552577,0.548653,0.545304,0.542796,0.541379,0.541695,0.546158,0.536611,0.531161,0.527363,0.524575,0.52261,0.521411,0.520955,0.52123,0.522213,0.523832,0.525874,0.527771,0.528384,0.528283,0.527078,0.525889,0.525207,0.525175,0.525822,0.527144,0.52914,0.531818,0.535204,0.539347,0.544331,0.550219,0.556606,0.559756,0.563412,0.567985,0.57341,0.579557,0.585918,0.589104,0.593285,0.601202,0.59704,0.596637,0.59767,0.599328,0.601237,0.603607,0.606632,0.609939,0.610178,0.610901,0.612725,0.615811,0.620511,0.628578,0.625225,0.625267,0.627306,0.63274,0.626597,0.623703,0.622235,0.621723,0.62196,0.622718,0.623628,0.624204,0.624285,0.623934,0.622782,0.621791,0.621421,0.621791
0.509084,0.508646,0.509084,0.510411,0.512644,0.515813,0.519964,0.525162,0.531489,0.538947,0.546917,0.551049,0.554081,0.557171,0.560421,0.563362,0.564993,0.56652,0.56907,0.575118,0.567663,0.563749,0.560761,0.557129,0.5533,0.549364,0.545668,0.542487,0.539987,0.538266,0.537345,0.536726,0.532479,0.52849,0.52524,0.522738,0.520967,0.51993,0.519644,0.520135,0.521439,0.523581,0.526486,0.529439,0.528106,0.526458,0.524897,0.523711,0.523083,0.523093,0.52377,0.525123,0.527162,0.529907,0.533406,0.537762,0.543224,0.550511,0.562095,0.56057,0.56337,0.568067,0.574071,0.581637,0.592809,0.591349,0.593514,0.596788,0.597264,0.598239,0.599983,0.602101,0.603828,0.606192,0.610168,0.617748,0.61305,0.612079,0.613051,0.615441,0.618967,0.623024,0.624294,0.625857,0.62802,0.62999,0.62773,0.625357,0.623792,0.623202,0.623536,0.624586,0.625861,0.626459,0.62698,0.627525,0.6253,0.623655,0.623089,0.623655
0.508963,0.508514,0.508963,0.510323,0.512613,0.515873,0.520169,0.525635,0.532564,0.54173,0.55564,0.556117,0.556954,0.559201,0.562294,0.565626,0.56546,0.565503,0.566232,0.567223,0.564824,0.562756,0.561078,0.556039,0.551219,0.54693,0.543181,0.539999,0.537402,0.535355,0.53369,0.531921,0.529081,0.526064,0.523347,0.521142,0.51956,0.518668,0.518524,0.519197,0.520797,0.523545,0.528033,0.536382,0.529129,0.525528,0.523321,0.521954,0.521297,0.521321,0.52202,0.523398,0.525462,0.528234,0.531749,0.536074,0.541308,0.547536,0.554375,0.558108,0.562486,0.567907,0.574243,0.581201,0.587993,0.591075,0.593746,0.596291,0.598106,0.600192,0.603047,0.606391,0.606915,0.608302,0.611244,0.6151,0.613344,0.61246,0.613109,0.615089,0.618052,0.621426,0.624241,0.62702,0.630101,0.632653,0.630152,0.627375,0.625542,0.624926,0.625564,0.6274,0.629943,0.629967,0.630827,0.635061,0.628411,0.625609,0.624793,0.625609
0.508869,0.508415,0.508869,0.510245,0.51256,0.515847,0.520165,0.525617,0.532385,0.540772,0.551053,0.561856,0.559448,0.56142,0.56497,0.572436,0.566768,0.564849,0.564185,0.563769,0.562702,0.562418,0.5658,0.555763,0.549629,0.544974,0.541137,0.537928,0.535265,0.533058,0.531131,0.529175,0.526844,0.524316,0.521913,0.519895,0.518429,0.517622,0.517552,0.5183,0.519977,0.522743,0.526704,0.53095,0.527486,0.524186,0.521881,0.520461,0.519802,0.519846,0.520568,0.521964,0.524038,0.526802,0.530276,0.534479,0.53941,0.544975,0.5508,0.556044,0.561611,0.567893,0.574868,0.582019,0.58799,0.592318,0.595217,0.59764,0.599797,0.602501,0.60675,0.61464,0.610274,0.609998,0.612549,0.619219,0.613916,0.612457,0.612985,0.614907,0.617884,0.62155,0.625395,0.629056,0.633894,0.641554,0.634031,0.629627,0.627249,0.626566,0.627569,0.630683,0.637724,0.63382,0.632482,0.631861,0.628852,0.62675,0.626034,0.62675
0.508791,0.508336,0.508791,0.510169,0.512479,0.515743,0.519988,0.525253,0.531573,0.538918,0.546964,0.554463,0.558598,0.563103,0.564776,0.566722,0.565375,0.56399,0.562936,0.562012,0.560843,0.559458,0.557855,0.552616,0.547581,0.54321,0.539472,0.536309,0.533667,0.531472,0.529588,0.52779,0.525785,0.523419,0.521067,0.519063,0.517605,0.516803,0.516726,0.517439,0.519036,0.521721,0.526072,0.53422,0.526662,0.522827,0.52053,0.519177,0.518577,0.518663,0.519414,0.520826,0.522901,0.525647,0.529066,0.533157,0.537887,0.543171,0.548835,0.5547,0.561071,0.56825,0.576395,0.585107,0.59073,0.596101,0.598277,0.600375,0.602065,0.604394,0.607951,0.61221,0.610687,0.610011,0.610882,0.612673,0.611794,0.611613,0.612617,0.614822,0.618186,0.622659,0.627905,0.631096,0.636051,0.644439,0.635979,0.631031,0.628437,0.627694,0.628638,0.631222,0.635002,0.636297,0.634605,0.632235,0.629565,0.62768,0.627018,0.62768
0.50873,0.508276,0.50873,0.5101,0.512392,0.515609,0.519751,0.524804,0.530719,0.537361,0.544433,0.551462,0.558411,0.568663,0.565357,0.56535,0.565071,0.563843,0.562603,0.561543,0.560242,0.557753,0.554582,0.55029,0.545887,0.541822,0.538235,0.535166,0.532615,0.530562,0.528944,0.527592,0.526064,0.523481,0.520843,0.518651,0.517089,0.516221,0.516073,0.516657,0.517975,0.520007,0.522623,0.52508,0.523098,0.520906,0.519206,0.51811,0.517633,0.517784,0.51857,0.519997,0.522072,0.524798,0.528175,0.53219,0.536817,0.542005,0.547696,0.553887,0.560773,0.568704,0.578434,0.592379,0.594828,0.604197,0.602535,0.604641,0.604823,0.606191,0.609588,0.61671,0.611398,0.609618,0.609442,0.609944,0.610121,0.61073,0.612197,0.61473,0.618537,0.624163,0.633647,0.632553,0.635967,0.643157,0.635608,0.631265,0.628951,0.628312,0.629246,0.631748,0.635955,0.642952,0.638597,0.634092,0.630671,0.628563,0.627853,0.628563
0.508689,0.508237,0.508689,0.510052,0.512325,0.515501,0.519562,0.524464,0.530119,0.536366,0.542953,0.549561,0.555956,0.561877,0.563685,0.565299,0.566764,0.564755,0.563134,0.562356,0.561868,0.557766,0.553461,0.549097,0.54487,0.54096,0.537481,0.534497,0.532055,0.530204,0.529017,0.52855,0.528379,0.52457,0.521141,0.518574,0.51684,0.51588,0.51565,0.516104,0.517165,0.518678,0.520307,0.52136,0.52072,0.519463,0.518248,0.517389,0.517029,0.517238,0.518053,0.519492,0.521567,0.524281,0.527631,0.531607,0.536188,0.54135,0.547081,0.553418,0.560479,0.568423,0.57734,0.58678,0.593119,0.599718,0.604154,0.611963,0.607529,0.607094,0.608642,0.610843,0.609723,0.608763,0.608467,0.608683,0.609161,0.610132,0.611856,0.614518,0.618227,0.622978,0.628259,0.630688,0.633298,0.635518,0.633221,0.630652,0.62897,0.628536,0.629464,0.631753,0.63531,0.639848,0.643937,0.636055,0.631648,0.629228,0.628444,0.629228
0.508675,0.508224,0.508675,0.510034,0.5123,0.515461,0.519491,0.524339,0.529906,0.536025,0.542455,0.548891,0.555005,0.560243,0.563254,0.566446,0.572982,0.566327,0.563868,0.563921,0.568153,0.559018,0.553425,0.548787,0.544547,0.540673,0.53723,0.534281,0.531892,0.530167,0.529353,0.530195,0.535314,0.526256,0.521549,0.518628,0.516779,0.515771,0.515504,0.515905,0.516867,0.518198,0.519537,0.520304,0.519931,0.518948,0.517903,0.517134,0.516819,0.517052,0.517878,0.519323,0.521398,0.524107,0.527449,0.531413,0.535981,0.541138,0.546884,0.553258,0.56035,0.568234,0.576804,0.585382,0.592259,0.598527,0.603532,0.608423,0.607374,0.607152,0.608184,0.60944,0.609033,0.608384,0.608119,0.608299,0.608851,0.609925,0.611726,0.614411,0.618035,0.622431,0.6269,0.629826,0.632206,0.633587,0.632295,0.630334,0.628918,0.628578,0.6295,0.631674,0.634874,0.638394,0.640201,0.635735,0.63182,0.629435,0.628645,0.629435
0,0.508237,0.508689,0.510052,0.512325,0.515501,0.519562,0.524464,0.530119,0.536366,0.542953,0.549561,0.555956,0.561877,0.563685,0.565299,0.566764,0.564755,0.563134,0.562356,0.561868,0.557766,0.553461,0.549097,0.54487,0.54096,0.537481,0.534497,0.532055,0.530204,0.529017,0.52855,0.528379,0.52457,0.521141,0.518574,0.51684,0.51588,0.51565,0.516104,0.517165,0.518678,0.520307,0.52136,0.52072,0.519463,0.518248,0.517389,0.517029,0.517238,0.518053,0.519492,0.521567,0.524281,0.527631,0.531607,0.536188,0.54135,0.547081,0.553418,0.560479,0.568423,0.57734,0.58678,0.593119,0.599718,0.604154,0.611963,0.607529,0.607094,0.608642,0.610843,0.609723,0.608763,0.608467,0.608683,0.609161,0.610132,0.611856,0.614518,0.618227,0.622978,0.628259,0.630688,0.633298,0.635518,0.633221,0.630652,0.62897,0.628536,0.629464,0.631753,0.63531,0.639848,0.643937,0.636055,0.631648,0.629228,0.628444,0
