0,0.0800507,0.0801281,0.0803599,0.0807457,0.0812846,0.0819757,0.0828176,0.0838086,0.0849467,0.0862296,0.0876544,0.089218,0.0909168,0.0927468,0.0947036,0.096782,0.0989766,0.101281,0.10369,0.106195,0.108788,0.111462,0.114207,0.117015,0.119874,0.122774,0.125704,0.128652,0.131606,0.134553,0.13748,0.140374,0.14322,0.146006,0.148717,0.151339,0.153859,0.156263,0.158537,0.160669,0.162647,0.164459,0.166094,0.167542,0.168794,0.169844,0.170683,0.171306,0.17171,0.171891,0.171849,0.171582,0.171093,0.170384,0.16946,0.168325,0.166986,0.165452,0.163732,0.161835,0.159773,0.157558,0.155202,0.15272,0.150124,0.14743,0.144653,0.141806,0.138905,0.135965,0.133,0.130025,0.127053,0.124099,0.121174,0.118293,0.115465,0.112703,0.110017,0.107417,0.104912,0.10251,0.100219,0.0980468,0.0959988,0.0940812,0.0922994,0.090658,0.0891612,0.0878128,0.0866158,0.0855731,0.0846869,0.0839594,0.0833919,0.0829857,0.0827416,0.0826602,0
0.0800545,0.0799773,0.0800545,0.0802856,0.0806703,0.0812077,0.0818968,0.0827362,0.0837244,0.0848592,0.0861382,0.0875587,0.0891176,0.0908112,0.0926355,0.094586,0.0966578,0.0988452,0.101142,0.103543,0.106039,0.108623,0.111288,0.114023,0.11682,0.119668,0.122557,0.125476,0.128412,0.131354,0.134289,0.137204,0.140086,0.14292,0.145694,0.148393,0.151003,0.153512,0.155904,0.158168,0.16029,0.162258,0.164061,0.165688,0.167129,0.168375,0.169419,0.170254,0.170874,0.171276,0.171456,0.171413,0.171148,0.170661,0.169956,0.169036,0.167906,0.166575,0.165048,0.163336,0.161448,0.159396,0.157191,0.154847,0.152376,0.149793,0.147111,0.144346,0.141512,0.138624,0.135696,0.132744,0.129782,0.126822,0.12388,0.120967,0.118097,0.11528,0.112529,0.109853,0.107262,0.104766,0.102373,0.10009,0.0979243,0.095883,0.0939717,0.0921956,0.0905594,0.0890673,0.0877229,0.0865296,0.08549,0.0846065,0.0838811,0.0833152,0.0829102,0.0826669,0.0825857,0.0826669
0.0801281,0.0800507,0.0801281,0.0803599,0.0807457,0.0812846,0.0819757,0.0828176,0.0838086,0.0849467,0.0862296,0.0876544,0.089218,0.0909168,0.0927468,0.0947036,0.096782,0.0989766,0.101281,0.10369,0.106195,0.108788,0.111462,0.114207,0.117015,0.119874,0.122774,0.125704,0.128652,0.131606,0.134553,0.13748,0.140374,0.14322,0.146006,0.148717,0.151339,0.153859,0.156263,0.158537,0.160669,0.162647,0.164459,0.166094,0.167542,0.168794,0.169844,0.170683,0.171306,0.17171,0.171891,0.171849,0.171582,0.171093,0.170384,0.16946,0.168325,0.166986,0.165452,0.163732,0.161835,0.159773,0.157558,0.155202,0.15272,0.150124,0.14743,0.144653,0.141806,0.138905,0.135965,0.133,0.130025,0.127053,0.124099,0.121174,0.118293,0.115465,0.112703,0.110017,0.107417,0.104912,0.10251,0.100219,0.0980468,0.0959988,0.0940812,0.0922994,0.090658,0.0891612,0.0878128,0.0866158,0.0855731,0.0846869,0.0839594,0.0833919,0.0829857,0.0827416,0.0826602,0.0827416
0.0803485,0.0802704,0.0803485,0.0805823,0.0809713,0.0815148,0.0822119,0.0830611,0.0840607,0.0852089,0.0865031,0.0879408,0.0895186,0.0912331,0.0930802,0.0950555,0.097154,0.0993701,0.101698,0.104131,0.106661,0.109282,0.111984,0.11476,0.117598,0.120489,0.123423,0.126387,0.12937,0.13236,0.135343,0.138307,0.141237,0.144121,0.146943,0.149691,0.152348,0.154903,0.15734,0.159646,0.161809,0.163815,0.165653,0.167312,0.168782,0.170053,0.171118,0.17197,0.172603,0.173013,0.173198,0.173155,0.172885,0.172389,0.17167,0.170732,0.16958,0.168222,0.166666,0.164921,0.162996,0.160905,0.158658,0.156269,0.153751,0.151119,0.148388,0.145573,0.142687,0.139748,0.136769,0.133766,0.130753,0.127745,0.124754,0.121795,0.118879,0.116019,0.113226,0.11051,0.107882,0.10535,0.102923,0.100608,0.0984136,0.0963452,0.094409,0.09261,0.0909531,0.0894424,0.0880815,0.0868736,0.0858215,0.0849275,0.0841935,0.083621,0.0832112,0.082965,0.0828829,0.082965
0.0807151,0.0806359,0.0807151,0.0809522,0.0813467,0.0818979,0.0826049,0.0834663,0.0844804,0.0856452,0.0869585,0.0884175,0.0900191,0.0917598,0.0936355,0.0956418,0.0977737,0.100026,0.102392,0.104865,0.107439,0.110105,0.112855,0.115681,0.118571,0.121516,0.124505,0.127527,0.130569,0.133618,0.136662,0.139688,0.14268,0.145625,0.148509,0.151317,0.154035,0.156647,0.15914,0.1615,0.163714,0.165768,0.167651,0.16935,0.170856,0.172159,0.17325,0.174124,0.174773,0.175194,0.175384,0.175341,0.175065,0.174557,0.173821,0.17286,0.171681,0.170291,0.168697,0.166909,0.164939,0.162797,0.160497,0.158052,0.155476,0.152783,0.149989,0.14711,0.14416,0.141156,0.138113,0.135046,0.13197,0.128899,0.125848,0.12283,0.119857,0.116942,0.114097,0.111331,0.108655,0.106079,0.103609,0.101256,0.0990244,0.0969221,0.0949546,0.0931271,0.0914443,0.0899102,0.0885286,0.0873026,0.0862348,0.0853276,0.0845828,0.084002,0.0835863,0.0833365,0.0832532,0.0833365
0.0812272,0.0811465,0.0812272,0.0814689,0.0818711,0.0824331,0.083154,0.0840324,0.0850667,0.0862551,0.0875951,0.0890841,0.0907191,0.0924964,0.0944123,0.0964621,0.098641,0.100943,0.103363,0.105894,0.108529,0.111259,0.114076,0.116972,0.119935,0.122956,0.126024,0.129126,0.132251,0.135385,0.138515,0.141627,0.144707,0.14774,0.15071,0.153604,0.156406,0.159101,0.161673,0.16411,0.166395,0.168517,0.170463,0.172219,0.173776,0.175124,0.176253,0.177157,0.17783,0.178266,0.178463,0.17842,0.178135,0.177611,0.176851,0.175858,0.17464,0.173203,0.171556,0.169709,0.167674,0.165461,0.163086,0.160561,0.157901,0.155123,0.152241,0.149271,0.146231,0.143135,0.14,0.136843,0.133677,0.130519,0.127382,0.124281,0.121228,0.118236,0.115317,0.112481,0.109739,0.107099,0.104571,0.102162,0.0998788,0.0977288,0.0957174,0.0938498,0.0921306,0.0905639,0.0891532,0.0879017,0.086812,0.0858862,0.0851264,0.0845339,0.0841099,0.0838552,0.0837702,0.0838552
0.0818836,0.0818009,0.0818836,0.0821312,0.0825433,0.0831192,0.083858,0.0847584,0.0858189,0.0870375,0.0884119,0.0899397,0.0916177,0.0934424,0.09541,0.0975161,0.0997557,0.102123,0.104613,0.107218,0.109931,0.112744,0.115648,0.118635,0.121693,0.124813,0.127982,0.13119,0.134422,0.137666,0.140908,0.144133,0.147326,0.150472,0.153556,0.156562,0.159473,0.162275,0.164952,0.167487,0.169868,0.172078,0.174105,0.175937,0.177561,0.178967,0.180146,0.18109,0.181793,0.182249,0.182456,0.182412,0.182116,0.18157,0.180778,0.179745,0.178475,0.176977,0.175261,0.173337,0.171216,0.168912,0.166438,0.163809,0.161041,0.15815,0.155152,0.152065,0.148906,0.145691,0.142438,0.139162,0.13588,0.132608,0.12936,0.126151,0.122995,0.119903,0.116888,0.113961,0.111132,0.108411,0.105806,0.103325,0.100976,0.0987646,0.0966966,0.0947772,0.0930111,0.0914023,0.0899541,0.0886698,0.0875517,0.0866022,0.0858229,0.0852154,0.0847807,0.0845195,0.0844324,0.0845195
0.0826828,0.0825977,0.0826828,0.0829377,0.0833619,0.0839549,0.0847156,0.085643,0.0867354,0.0879911,0.0894079,0.0909831,0.0927139,0.0945968,0.0966281,0.0988033,0.101118,0.103565,0.106141,0.108837,0.111647,0.114562,0.117573,0.120672,0.123848,0.127089,0.130385,0.133722,0.137088,0.140468,0.143848,0.147213,0.150547,0.153834,0.157059,0.160203,0.163251,0.166186,0.168992,0.171651,0.174149,0.17647,0.1786,0.180525,0.182232,0.183711,0.184952,0.185946,0.186686,0.187168,0.187387,0.187342,0.187032,0.18646,0.185629,0.184543,0.18321,0.181637,0.179835,0.177814,0.175587,0.173167,0.170571,0.167813,0.164909,0.161878,0.158737,0.155504,0.152197,0.148834,0.145433,0.142011,0.138585,0.135172,0.131787,0.128444,0.125159,0.121944,0.11881,0.115771,0.112836,0.110014,0.107315,0.104747,0.102316,0.100028,0.0978908,0.095908,0.0940843,0.0924238,0.0909297,0.0896051,0.0884524,0.0874736,0.0866706,0.0860447,0.0855968,0.0853278,0.0852381,0.0853278
0.0836229,0.0835349,0.0836229,0.0838864,0.084325,0.0849382,0.085725,0.0866843,0.0878147,0.0891144,0.0905813,0.092213,0.0940065,0.0959586,0.0980656,0.100323,0.102726,0.105269,0.107947,0.110752,0.113677,0.116714,0.119854,0.123087,0.126403,0.12979,0.133237,0.136729,0.140255,0.143798,0.147344,0.150877,0.154381,0.157838,0.161232,0.164544,0.167757,0.170853,0.173815,0.176624,0.179264,0.181718,0.183972,0.18601,0.187818,0.189386,0.190701,0.191756,0.192542,0.193054,0.193287,0.193241,0.192916,0.192311,0.191432,0.190284,0.188874,0.18721,0.185303,0.183165,0.18081,0.178252,0.175507,0.172593,0.169526,0.166326,0.163012,0.159602,0.156117,0.152576,0.148996,0.145398,0.141799,0.138216,0.134666,0.131163,0.127724,0.124361,0.121086,0.117913,0.114851,0.111909,0.109098,0.106425,0.103896,0.101519,0.0992986,0.0972403,0.0953483,0.0936264,0.0920779,0.0907056,0.0895117,0.0884984,0.0876673,0.0870195,0.0865562,0.0862779,0.0861851,0.0862779
0.0847017,0.0846104,0.0847017,0.0849752,0.0854305,0.0860671,0.0868841,0.0878804,0.0890548,0.0904055,0.0919306,0.0936277,0.095494,0.0975264,0.0997212,0.102074,0.104581,0.107235,0.110032,0.112964,0.116023,0.119202,0.122492,0.125882,0.129362,0.13292,0.136543,0.140219,0.143932,0.147667,0.151409,0.15514,0.158843,0.162501,0.166094,0.169604,0.173012,0.176298,0.179444,0.18243,0.185239,0.187852,0.190252,0.192424,0.194353,0.196025,0.19743,0.198556,0.199396,0.199944,0.200196,0.200149,0.199803,0.199161,0.198226,0.197004,0.195502,0.19373,0.1917,0.189424,0.186917,0.184195,0.181274,0.178175,0.174914,0.171514,0.167995,0.164377,0.160681,0.156928,0.153139,0.149333,0.14553,0.141748,0.138003,0.134313,0.130693,0.127156,0.123717,0.120387,0.117176,0.114095,0.111153,0.108358,0.105716,0.103234,0.100918,0.0987721,0.0968009,0.0950079,0.0933963,0.0919687,0.0907274,0.0896741,0.0888103,0.0881374,0.0876561,0.087367,0.0872707,0.087367
0.0859167,0.0858216,0.0859167,0.0862015,0.0866758,0.0873389,0.0881902,0.0892287,0.0904532,0.091862,0.0934534,0.095225,0.0971744,0.0992985,0.101594,0.104056,0.10668,0.109462,0.112395,0.115472,0.118686,0.122029,0.125491,0.129061,0.13273,0.136485,0.140312,0.144198,0.148128,0.152085,0.156053,0.160014,0.163949,0.167839,0.171664,0.175405,0.179039,0.182547,0.185908,0.189101,0.192107,0.194905,0.197477,0.199806,0.201875,0.203671,0.205179,0.20639,0.207294,0.207884,0.208156,0.208108,0.20774,0.207053,0.206052,0.204744,0.203136,0.201239,0.199064,0.196627,0.193943,0.191028,0.187903,0.184587,0.181101,0.177467,0.173708,0.169847,0.165906,0.161908,0.157875,0.153828,0.149788,0.145774,0.141805,0.137898,0.13407,0.130334,0.126704,0.123193,0.119813,0.116572,0.11348,0.110545,0.107773,0.105172,0.102746,0.100501,0.0984394,0.0965655,0.0948821,0.0933916,0.0920962,0.0909974,0.0900967,0.0893951,0.0888934,0.0885922,0.0884918,0.0885922
0.0872648,0.0871655,0.0872648,0.0875623,0.0880578,0.0887508,0.0896407,0.0907265,0.0920071,0.0934812,0.0951471,0.0970026,0.0990455,0.101273,0.103681,0.106266,0.109024,0.11195,0.115037,0.118278,0.121667,0.125195,0.128852,0.132628,0.136512,0.14049,0.14455,0.148677,0.152854,0.157065,0.161292,0.165516,0.169717,0.173874,0.177966,0.181971,0.185867,0.189631,0.19324,0.196672,0.199905,0.202917,0.205689,0.208199,0.210432,0.21237,0.213999,0.215307,0.216285,0.216924,0.21722,0.217171,0.216776,0.216038,0.214962,0.213554,0.211823,0.209781,0.20744,0.204817,0.201928,0.198791,0.195429,0.191863,0.188116,0.184213,0.180178,0.176036,0.171812,0.167531,0.163218,0.158894,0.154582,0.150304,0.146079,0.141924,0.137858,0.133895,0.130049,0.126334,0.12276,0.119338,0.116076,0.112983,0.110066,0.10733,0.104781,0.102423,0.100261,0.0982957,0.0965317,0.0949708,0.0936147,0.092465,0.0915229,0.0907892,0.0902647,0.0899498,0.0898448,0.0899498
0.0887425,0.0886385,0.0887425,0.0890542,0.0895733,0.0902994,0.091232,0.0923703,0.0937134,0.09526,0.0970087,0.0989576,0.101104,0.103447,0.105981,0.108704,0.111611,0.114697,0.117956,0.121382,0.124967,0.128703,0.132579,0.136586,0.140712,0.144943,0.149266,0.153664,0.158122,0.162621,0.167141,0.171664,0.176167,0.180628,0.185025,0.189332,0.193526,0.197583,0.201476,0.205182,0.208676,0.211935,0.214935,0.217655,0.220075,0.222177,0.223945,0.225366,0.226428,0.227123,0.227447,0.227397,0.226972,0.226175,0.225012,0.22349,0.221619,0.219411,0.21688,0.214043,0.210919,0.207529,0.203895,0.200042,0.195995,0.191783,0.187431,0.182968,0.178422,0.173818,0.169184,0.164545,0.159925,0.155347,0.15083,0.146396,0.142061,0.137842,0.133753,0.129807,0.126017,0.122392,0.118941,0.115672,0.112591,0.109706,0.107019,0.104536,0.102261,0.100195,0.0983414,0.0967023,0.095279,0.0940729,0.0930849,0.0923157,0.0917659,0.0914359,0.0913259,0.0914359
0.0903461,0.0902369,0.0903461,0.0906733,0.0912183,0.0919808,0.0929604,0.0941565,0.0955683,0.0971948,0.0990347,0.101087,0.103348,0.105817,0.108491,0.111366,0.114438,0.117702,0.121152,0.124783,0.128586,0.132553,0.136675,0.14094,0.145336,0.14985,0.154467,0.159171,0.163943,0.168766,0.173618,0.178478,0.183322,0.188128,0.192868,0.197519,0.202052,0.206441,0.210658,0.214677,0.218469,0.222008,0.22527,0.22823,0.230864,0.233154,0.235081,0.23663,0.237789,0.238549,0.238904,0.238852,0.238393,0.237529,0.236268,0.234616,0.232586,0.230189,0.227441,0.224361,0.22097,0.21729,0.213346,0.209166,0.204778,0.200213,0.195501,0.190673,0.185759,0.180789,0.175793,0.170797,0.165828,0.160911,0.156067,0.151318,0.146682,0.142176,0.137816,0.133614,0.129583,0.125732,0.12207,0.118606,0.115345,0.112294,0.109456,0.106835,0.104435,0.102258,0.100307,0.0985816,0.0970845,0.0958165,0.0947781,0.09397,0.0933925,0.0930459,0.0929303,0.0930459
0.0920711,0.0919563,0.0920711,0.0924152,0.0929885,0.0937907,0.0948216,0.0960807,0.0975676,0.0992814,0.101221,0.103385,0.105773,0.108381,0.111208,0.11425,0.117503,0.120963,0.124624,0.128481,0.132525,0.136748,0.141141,0.145692,0.150389,0.155218,0.160163,0.165207,0.170331,0.175516,0.18074,0.185978,0.191206,0.196399,0.201528,0.206566,0.211482,0.216248,0.220832,0.225205,0.229336,0.233195,0.236755,0.239987,0.242867,0.245372,0.24748,0.249176,0.250445,0.251277,0.251668,0.251613,0.251114,0.250175,0.248802,0.247004,0.244793,0.242183,0.23919,0.235835,0.232141,0.228131,0.223836,0.219284,0.214509,0.209543,0.204422,0.19918,0.19385,0.188466,0.183061,0.177664,0.172303,0.167006,0.161796,0.156696,0.151725,0.146901,0.142239,0.137753,0.133455,0.129355,0.125462,0.121783,0.118324,0.115091,0.112087,0.109315,0.10678,0.104481,0.102422,0.100604,0.0990262,0.0976907,0.0965975,0.095747,0.0951394,0.0947748,0.0946532,0.0947748
0.0939128,0.0937919,0.0939128,0.0942752,0.0948791,0.0957243,0.0968108,0.0981383,0.0997066,0.101515,0.103563,0.10585,0.108374,0.111134,0.114127,0.117351,0.120803,0.124477,0.12837,0.132474,0.136783,0.141288,0.14598,0.150847,0.155876,0.161053,0.166362,0.171784,0.1773,0.182889,0.188526,0.194188,0.199846,0.205473,0.211038,0.216511,0.221859,0.227049,0.232048,0.236822,0.241337,0.245559,0.249458,0.253001,0.256159,0.258908,0.261222,0.263084,0.264478,0.265393,0.265822,0.265764,0.265221,0.264196,0.262697,0.260734,0.25832,0.25547,0.252201,0.248536,0.244498,0.240117,0.235423,0.23045,0.225236,0.219817,0.214233,0.208523,0.202724,0.196874,0.191009,0.185161,0.179363,0.173642,0.168025,0.162534,0.157191,0.152015,0.14702,0.142222,0.137631,0.133258,0.129111,0.125197,0.121522,0.118091,0.114906,0.111971,0.109288,0.106858,0.104683,0.102763,0.101098,0.0996899,0.0985375,0.0976413,0.0970011,0.096617,0.096489,0.096617
0.0958659,0.0957384,0.0958659,0.096248,0.0968848,0.0977763,0.0989227,0.100324,0.10198,0.103891,0.106056,0.108475,0.111147,0.114071,0.117245,0.120667,0.124334,0.128241,0.132386,0.136761,0.141359,0.146173,0.151193,0.156406,0.161801,0.167362,0.173072,0.178913,0.184863,0.1909,0.196998,0.203131,0.209269,0.215381,0.221434,0.227395,0.233228,0.238896,0.244362,0.249588,0.254537,0.259171,0.263454,0.267349,0.270825,0.273851,0.2764,0.27845,0.279985,0.280991,0.281464,0.281401,0.280805,0.279683,0.278043,0.275896,0.273254,0.270135,0.266557,0.262543,0.258119,0.253318,0.248173,0.242725,0.237014,0.231082,0.224976,0.218737,0.212411,0.206037,0.199657,0.193306,0.187019,0.180827,0.174757,0.168835,0.163083,0.157518,0.152159,0.147017,0.142107,0.137436,0.133013,0.128844,0.124934,0.121288,0.117908,0.114796,0.111954,0.109382,0.107082,0.105053,0.103295,0.101808,0.100592,0.0996466,0.0989715,0.0985666,0.0984316,0.0985666
0.0979244,0.0977899,0.0979244,0.0983276,0.0989997,0.0999409,0.101151,0.102632,0.104382,0.106402,0.108693,0.111255,0.114086,0.117187,0.120556,0.124191,0.128091,0.132252,0.136669,0.141338,0.146251,0.151402,0.156779,0.162373,0.168169,0.174151,0.180304,0.186606,0.193035,0.199568,0.206177,0.212833,0.219504,0.226157,0.232756,0.239263,0.245639,0.251843,0.257835,0.263571,0.26901,0.274109,0.278827,0.283123,0.28696,0.290301,0.293116,0.295379,0.297071,0.29818,0.298699,0.298628,0.297972,0.29674,0.294941,0.292588,0.289694,0.286275,0.282351,0.277946,0.273088,0.267814,0.262161,0.256175,0.249902,0.243392,0.236696,0.229863,0.222943,0.215982,0.209026,0.202114,0.195283,0.188569,0.182,0.175602,0.169399,0.163409,0.15765,0.152135,0.146876,0.141882,0.13716,0.132715,0.128553,0.124675,0.121085,0.117783,0.11477,0.112046,0.109612,0.107466,0.105608,0.104038,0.102754,0.101756,0.101044,0.100617,0.100474,0.100617
0.100082,0.0999401,0.100082,0.100508,0.101217,0.102212,0.10349,0.105055,0.106906,0.109043,0.111469,0.114182,0.117184,0.120475,0.124053,0.127918,0.132069,0.136502,0.141214,0.146201,0.151457,0.156973,0.16274,0.168747,0.174981,0.181426,0.188063,0.194873,0.20183,0.20891,0.216084,0.22332,0.230583,0.237838,0.245044,0.252161,0.259144,0.26595,0.272532,0.278842,0.284834,0.290459,0.29567,0.300421,0.304668,0.308368,0.311485,0.31399,0.315859,0.317079,0.317646,0.317562,0.316836,0.315479,0.313503,0.310921,0.307747,0.303996,0.299687,0.294845,0.289501,0.283694,0.277468,0.270874,0.263966,0.256803,0.249441,0.241939,0.234353,0.226735,0.219135,0.211599,0.204166,0.196874,0.189754,0.182834,0.176137,0.169684,0.16349,0.15757,0.151933,0.14659,0.141545,0.136803,0.132369,0.128244,0.124428,0.120923,0.117728,0.114843,0.112266,0.109996,0.108032,0.106372,0.105016,0.103963,0.103211,0.10276,0.10261,0.10276
0.102332,0.102182,0.102332,0.102782,0.103531,0.104581,0.105933,0.107587,0.109544,0.111807,0.114375,0.117251,0.120434,0.123927,0.127729,0.131841,0.13626,0.140986,0.146016,0.151346,0.15697,0.162882,0.169072,0.17553,0.182241,0.18919,0.196358,0.203723,0.211261,0.218944,0.226741,0.234618,0.242538,0.250461,0.258343,0.26614,0.273802,0.281281,0.288525,0.295481,0.302095,0.308314,0.314085,0.319353,0.324067,0.328177,0.331639,0.334415,0.336481,0.337823,0.338437,0.338332,0.337522,0.336022,0.333848,0.331015,0.327533,0.323417,0.318682,0.313354,0.307465,0.301058,0.294185,0.286904,0.279279,0.271376,0.263264,0.255009,0.246675,0.238322,0.230005,0.221775,0.213676,0.205747,0.198022,0.190529,0.183294,0.176336,0.169671,0.163312,0.157269,0.151549,0.146158,0.141099,0.136374,0.131984,0.127929,0.124208,0.12082,0.117763,0.115034,0.112633,0.110556,0.108803,0.107371,0.106259,0.105466,0.10499,0.104831,0.10499
0.104667,0.104509,0.104667,0.105142,0.105933,0.107042,0.108471,0.110219,0.112289,0.114684,0.117404,0.120451,0.123828,0.127536,0.131577,0.13595,0.140657,0.145696,0.151067,0.156765,0.162787,0.169125,0.175773,0.182718,0.189948,0.197446,0.205193,0.213167,0.221342,0.229688,0.238171,0.246756,0.255402,0.264065,0.272699,0.281253,0.289673,0.297905,0.30589,0.31357,0.320886,0.327777,0.334182,0.34004,0.345288,0.349867,0.353722,0.356808,0.359093,0.360563,0.36122,0.361079,0.360164,0.3585,0.356108,0.353,0.349185,0.344671,0.339468,0.3336,0.327101,0.32002,0.312415,0.304356,0.295917,0.287179,0.278219,0.269116,0.259943,0.250767,0.241653,0.232653,0.223818,0.215188,0.2068,0.198684,0.190863,0.183358,0.176184,0.169352,0.162872,0.15675,0.150988,0.145591,0.140557,0.135886,0.131577,0.127627,0.124035,0.120796,0.117908,0.115368,0.113174,0.111322,0.10981,0.108636,0.107799,0.107297,0.10713,0.107297
0.107078,0.106911,0.107078,0.107579,0.108415,0.109587,0.111095,0.112943,0.115133,0.117666,0.120546,0.123775,0.127356,0.131292,0.135585,0.140237,0.14525,0.150623,0.156357,0.16245,0.168898,0.175696,0.182836,0.190308,0.1981,0.206195,0.214573,0.223212,0.232083,0.241156,0.250395,0.25976,0.269208,0.278692,0.28816,0.297556,0.306821,0.315894,0.32471,0.333203,0.341308,0.348957,0.356082,0.362613,0.368476,0.373596,0.377905,0.381342,0.383869,0.385471,0.386156,0.385956,0.384909,0.383054,0.38042,0.377018,0.372848,0.367907,0.362195,0.355731,0.348549,0.340707,0.332273,0.32333,0.313968,0.304281,0.294363,0.284303,0.274188,0.264095,0.254092,0.244241,0.234595,0.225197,0.216085,0.207289,0.198834,0.190738,0.183015,0.175677,0.16873,0.162178,0.156023,0.150265,0.144904,0.139937,0.13536,0.131169,0.127361,0.123932,0.120877,0.118192,0.115874,0.113919,0.112323,0.111085,0.110202,0.109673,0.109496,0.109673
0.109558,0.109382,0.109558,0.110087,0.110969,0.112205,0.113799,0.115751,0.118065,0.120744,0.123791,0.127211,0.131008,0.135184,0.139744,0.144691,0.150027,0.155756,0.161877,0.16839,0.175294,0.182584,0.190254,0.198295,0.206694,0.215436,0.2245,0.233863,0.243495,0.253365,0.263433,0.273657,0.283991,0.294382,0.304775,0.315107,0.325315,0.335328,0.345073,0.354477,0.363467,0.371971,0.379914,0.387217,0.39379,0.399541,0.404377,0.408219,0.411013,0.412742,0.41343,0.413128,0.411907,0.409827,0.406928,0.403218,0.398683,0.393295,0.387035,0.379913,0.371968,0.363264,0.353887,0.343937,0.333522,0.322757,0.311752,0.300615,0.289443,0.278323,0.267334,0.256542,0.246004,0.235765,0.225865,0.216332,0.207191,0.19846,0.19015,0.182271,0.174826,0.167818,0.161246,0.155109,0.149403,0.144123,0.139264,0.134821,0.130789,0.12716,0.12393,0.121094,0.118647,0.116584,0.114901,0.113596,0.112665,0.112108,0.111922,0.112108
0.112097,0.111911,0.112097,0.112654,0.113584,0.114889,0.11657,0.118631,0.121075,0.123907,0.12713,0.13075,0.134772,0.1392,0.144041,0.149298,0.154977,0.161081,0.167612,0.174573,0.181962,0.189779,0.198016,0.206668,0.215722,0.225163,0.234971,0.245122,0.255585,0.266326,0.277304,0.288474,0.299783,0.311177,0.322594,0.333968,0.345225,0.356288,0.367073,0.377496,0.387477,0.396942,0.405813,0.414003,0.421406,0.4279,0.433361,0.437676,0.440764,0.442605,0.443244,0.442772,0.441309,0.438958,0.435774,0.431759,0.426868,0.421031,0.414191,0.406346,0.397542,0.387859,0.377404,0.3663,0.35468,0.342684,0.330446,0.31809,0.30573,0.293466,0.281384,0.269554,0.258037,0.246881,0.236124,0.225796,0.215918,0.206506,0.19757,0.189114,0.181142,0.173652,0.166641,0.160104,0.154036,0.148429,0.143276,0.13857,0.134303,0.130467,0.127056,0.124063,0.121481,0.119307,0.117534,0.116159,0.115179,0.114592,0.114397,0.114592
0.114685,0.114489,0.114685,0.115272,0.116252,0.117627,0.1194,0.121573,0.124153,0.127143,0.130549,0.134378,0.138635,0.143327,0.148462,0.154045,0.160084,0.166583,0.173548,0.180982,0.188888,0.197264,0.206109,0.215415,0.225173,0.235369,0.245983,0.25699,0.268358,0.280052,0.292026,0.304233,0.316617,0.329117,0.341669,0.354199,0.366627,0.378864,0.390813,0.402374,0.41346,0.423997,0.433918,0.443132,0.451513,0.458899,0.465118,0.470004,0.473418,0.475331,0.475833,0.47507,0.473257,0.470569,0.467088,0.462798,0.457601,0.451349,0.443907,0.435263,0.425486,0.414683,0.402987,0.390552,0.377547,0.364141,0.350497,0.336763,0.323071,0.30953,0.296236,0.283265,0.270678,0.258525,0.246843,0.235658,0.224991,0.214852,0.20525,0.196185,0.187656,0.179659,0.172187,0.165233,0.158786,0.152839,0.14738,0.1424,0.13789,0.13384,0.130241,0.127085,0.124366,0.122076,0.12021,0.118764,0.117733,0.117116,0.11691,0.117116
0.117313,0.117107,0.117313,0.117931,0.118962,0.12041,0.122276,0.124567,0.127286,0.130441,0.134036,0.138081,0.142583,0.147551,0.152992,0.158916,0.165331,0.172246,0.179667,0.187601,0.196052,0.205023,0.214514,0.22452,0.235033,0.246041,0.257525,0.269461,0.281814,0.294548,0.307613,0.320958,0.334523,0.348243,0.362048,0.375862,0.389597,0.403152,0.416408,0.429239,0.441543,0.453262,0.464358,0.474758,0.484311,0.492788,0.499955,0.505567,0.50935,0.511253,0.511474,0.510202,0.507857,0.504739,0.500964,0.49648,0.491107,0.484552,0.476492,0.466947,0.456053,0.443956,0.430821,0.416842,0.402231,0.387202,0.371953,0.35666,0.341471,0.32651,0.311878,0.297654,0.283902,0.270669,0.257989,0.245888,0.234379,0.22347,0.213163,0.203457,0.194344,0.185816,0.177863,0.170473,0.163635,0.157334,0.151559,0.146296,0.141535,0.137264,0.133472,0.130149,0.127288,0.12488,0.122919,0.121399,0.120316,0.119668,0.119452,0.119668
0.119969,0.119752,0.119969,0.120618,0.121703,0.123225,0.125189,0.127599,0.130463,0.133787,0.137578,0.141847,0.146602,0.151854,0.157614,0.163892,0.1707,0.178048,0.185947,0.194406,0.203433,0.213033,0.223209,0.23396,0.245281,0.257162,0.269585,0.282525,0.29595,0.309817,0.324076,0.338669,0.35353,0.368591,0.383779,0.399015,0.414211,0.429252,0.44399,0.458244,0.471868,0.484851,0.497237,0.509013,0.520002,0.529836,0.538223,0.544857,0.549075,0.550774,0.550527,0.548321,0.545135,0.541461,0.53743,0.532915,0.527637,0.52108,0.512349,0.501733,0.489533,0.475934,0.461116,0.445328,0.428844,0.411936,0.39485,0.377791,0.360926,0.344388,0.328282,0.31269,0.297673,0.283275,0.269527,0.256448,0.244046,0.232324,0.221278,0.210899,0.201176,0.192096,0.183644,0.175804,0.168559,0.161895,0.155794,0.150241,0.145223,0.140725,0.136735,0.133242,0.130235,0.127706,0.125648,0.124053,0.122917,0.122237,0.122011,0.122237
0.122642,0.122415,0.122642,0.123324,0.124462,0.126061,0.128124,0.130658,0.13367,0.137167,0.14116,0.145658,0.150675,0.15622,0.162309,0.168954,0.17617,0.183969,0.192367,0.201375,0.211005,0.221267,0.232167,0.243709,0.255891,0.268706,0.282139,0.296166,0.310754,0.325858,0.341423,0.357383,0.373665,0.390196,0.406901,0.423707,0.440534,0.457268,0.473721,0.489601,0.504604,0.518857,0.532591,0.545966,0.558799,0.570319,0.580266,0.588606,0.593381,0.594308,0.593605,0.589477,0.584946,0.580573,0.576395,0.572113,0.567428,0.561735,0.552015,0.539986,0.52625,0.510916,0.49411,0.476183,0.45749,0.438394,0.419201,0.400146,0.381408,0.363126,0.345404,0.328324,0.311941,0.296295,0.281409,0.267294,0.253951,0.241375,0.229555,0.218476,0.208121,0.19847,0.189503,0.181199,0.173538,0.1665,0.160065,0.154216,0.148935,0.144206,0.140015,0.136348,0.133194,0.130542,0.128385,0.126714,0.125525,0.124813,0.124576,0.124813
0.125321,0.125083,0.125321,0.126036,0.12723,0.128906,0.131071,0.13373,0.136892,0.140567,0.144766,0.1495,0.154783,0.160631,0.167058,0.174081,0.181717,0.189983,0.198898,0.208477,0.218737,0.229693,0.241355,0.253733,0.266829,0.280641,0.295158,0.310358,0.326209,0.342662,0.359656,0.377115,0.394956,0.413092,0.431448,0.449968,0.468604,0.48728,0.505803,0.523671,0.539985,0.555329,0.570305,0.585508,0.601007,0.614516,0.626092,0.638128,0.643761,0.641701,0.642335,0.633249,0.626794,0.621668,0.617627,0.61386,0.610354,0.608526,0.596061,0.581972,0.56654,0.549287,0.530081,0.509589,0.488255,0.466596,0.444988,0.423686,0.402867,0.382665,0.363182,0.344492,0.326644,0.309668,0.293576,0.27837,0.264042,0.250576,0.237953,0.226151,0.215143,0.204905,0.195409,0.186631,0.178545,0.171126,0.164353,0.158202,0.152654,0.147691,0.143296,0.139453,0.13615,0.133375,0.131117,0.12937,0.128126,0.127382,0.127134,0.127382
0.127994,0.127745,0.127994,0.128742,0.129992,0.131747,0.134014,0.136801,0.140116,0.143972,0.148379,0.153353,0.158909,0.165064,0.171837,0.179248,0.187316,0.196063,0.205511,0.215682,0.226596,0.238274,0.250734,0.26399,0.278053,0.292925,0.308601,0.325065,0.342285,0.360211,0.378774,0.397883,0.417433,0.437317,0.457452,0.477803,0.498391,0.519275,0.540437,0.561262,0.578361,0.594252,0.609931,0.626951,0.64746,0.662951,0.673808,0.679484,0.687553,0.688807,0.686428,0.676767,0.669664,0.66401,0.660901,0.657648,0.653894,0.649887,0.643966,0.627485,0.610776,0.591674,0.569324,0.545751,0.521178,0.496495,0.472141,0.448332,0.425219,0.402921,0.381531,0.361112,0.341702,0.323318,0.305959,0.289613,0.274261,0.259875,0.246425,0.233879,0.222204,0.211366,0.201333,0.192072,0.183555,0.175751,0.168634,0.162179,0.156363,0.151164,0.146563,0.142544,0.139091,0.136191,0.133833,0.132008,0.13071,0.129933,0.129674,0.129933
0.130648,0.130388,0.130648,0.13143,0.132736,0.134571,0.136942,0.139857,0.143327,0.147364,0.151983,0.1572,0.163032,0.1695,0.176625,0.18443,0.192939,0.202178,0.212173,0.222952,0.234542,0.246969,0.260259,0.274433,0.289511,0.305504,0.322416,0.340237,0.35894,0.378477,0.398768,0.419703,0.441142,0.462933,0.484958,0.507194,0.529753,0.552942,0.577436,0.604686,0.620115,0.635618,0.650503,0.667258,0.684834,0.702708,0.713944,0.720994,0.726093,0.727542,0.72568,0.720265,0.713597,0.7063,0.7068,0.704404,0.700139,0.695599,0.688159,0.675579,0.659696,0.639528,0.611928,0.584958,0.556168,0.527927,0.500519,0.473965,0.448352,0.423782,0.40034,0.378078,0.357017,0.337155,0.318477,0.300951,0.284544,0.269213,0.254918,0.241615,0.229261,0.217816,0.207239,0.197492,0.18854,0.180349,0.172887,0.166127,0.160041,0.154605,0.149799,0.145603,0.142,0.138976,0.136518,0.134616,0.133264,0.132454,0.132185,0.132454
0.133272,0.133,0.133272,0.134087,0.13545,0.137365,0.139839,0.142883,0.146508,0.150729,0.15556,0.161021,0.167132,0.173916,0.181396,0.1896,0.198557,0.208296,0.218849,0.230249,0.242531,0.255729,0.269875,0.285003,0.301141,0.318312,0.336532,0.355803,0.37611,0.397408,0.419614,0.442595,0.466154,0.490052,0.514072,0.538165,0.562473,0.587376,0.613847,0.643668,0.664121,0.679985,0.691646,0.709247,0.72448,0.737802,0.747534,0.754083,0.758166,0.759546,0.758349,0.754604,0.747413,0.74344,0.744501,0.741817,0.735229,0.732553,0.725456,0.714304,0.699425,0.680314,0.656196,0.628182,0.592695,0.560507,0.52992,0.500437,0.472122,0.445105,0.419473,0.395261,0.372471,0.351076,0.331036,0.312301,0.294817,0.278527,0.263376,0.249308,0.236272,0.224216,0.213093,0.20286,0.193473,0.184894,0.177089,0.170024,0.163669,0.157999,0.152988,0.148616,0.144864,0.141716,0.139159,0.137181,0.135775,0.134933,0.134653,0.134933
0.135852,0.13557,0.135852,0.136701,0.13812,0.140114,0.142692,0.145865,0.149645,0.154048,0.159092,0.164798,0.171188,0.178287,0.186125,0.194731,0.204137,0.214381,0.225498,0.237529,0.250515,0.264499,0.279524,0.295633,0.312868,0.331266,0.35086,0.37167,0.3937,0.416922,0.441262,0.466568,0.492577,0.518887,0.545043,0.570941,0.596707,0.622446,0.649212,0.677729,0.699463,0.716107,0.729443,0.742635,0.755841,0.766962,0.775278,0.780939,0.78445,0.785705,0.785083,0.783716,0.780813,0.778337,0.776761,0.773816,0.769163,0.764139,0.756658,0.746045,0.731917,0.713676,0.690706,0.663804,0.628146,0.59359,0.560205,0.527619,0.496366,0.466713,0.438757,0.412507,0.387928,0.36496,0.343533,0.323572,0.305002,0.287747,0.271738,0.256906,0.243188,0.230524,0.218859,0.208141,0.198323,0.189361,0.181215,0.173848,0.167229,0.161326,0.156113,0.151568,0.147669,0.144399,0.141743,0.13969,0.13823,0.137357,0.137066,0.137357
0.138376,0.138083,0.138376,0.139258,0.140733,0.142806,0.145486,0.148786,0.15272,0.157304,0.16256,0.168508,0.175176,0.18259,0.190784,0.199791,0.209648,0.220397,0.232081,0.244746,0.258442,0.273222,0.289138,0.306247,0.324605,0.344268,0.365288,0.387712,0.411574,0.436882,0.463598,0.49159,0.520547,0.549822,0.578319,0.605989,0.633208,0.658824,0.685261,0.70601,0.728432,0.744915,0.757437,0.766729,0.780677,0.790881,0.79805,0.802605,0.805827,0.806644,0.805432,0.807164,0.806441,0.804861,0.802841,0.799821,0.795532,0.789992,0.782422,0.772195,0.758702,0.741022,0.71724,0.694914,0.66485,0.627728,0.591793,0.555447,0.520871,0.488376,0.457982,0.42963,0.403228,0.378672,0.355853,0.334667,0.315015,0.296803,0.279943,0.264355,0.249963,0.236699,0.224499,0.213305,0.203062,0.193723,0.185242,0.177579,0.170699,0.164568,0.159157,0.154442,0.150399,0.147009,0.144258,0.142131,0.140619,0.139714,0.139413,0.139714
0.140832,0.140527,0.140832,0.141746,0.143275,0.145425,0.148207,0.151632,0.155717,0.160481,0.165944,0.172133,0.179074,0.1868,0.195346,0.20475,0.215054,0.226305,0.238553,0.251851,0.266256,0.281832,0.298644,0.316761,0.336256,0.357204,0.379683,0.403772,0.429547,0.457075,0.486399,0.517493,0.550151,0.583598,0.614589,0.643763,0.673686,0.696852,0.714815,0.735267,0.75334,0.76852,0.780132,0.789044,0.801904,0.810999,0.816964,0.819362,0.823531,0.823574,0.825858,0.827055,0.826878,0.825697,0.823691,0.820712,0.816552,0.810992,0.803581,0.793828,0.781208,0.765111,0.745009,0.722067,0.695397,0.663034,0.626013,0.583589,0.545249,0.50977,0.476883,0.446415,0.418197,0.392067,0.367875,0.345485,0.324771,0.305619,0.287927,0.271599,0.256549,0.242699,0.229976,0.218317,0.20766,0.197953,0.189146,0.181195,0.174061,0.167708,0.162104,0.157223,0.15304,0.149534,0.146689,0.144491,0.142928,0.141993,0.141682,0.141993
0.143205,0.14289,0.143205,0.144152,0.145734,0.14796,0.15084,0.154388,0.158621,0.16356,0.169227,0.17565,0.18286,0.190892,0.199783,0.209578,0.220322,0.232067,0.24487,0.258792,0.2739,0.290265,0.307966,0.327086,0.347715,0.36995,0.393894,0.419661,0.447378,0.477187,0.509253,0.543772,0.581031,0.62202,0.654984,0.683201,0.708151,0.728488,0.74456,0.757252,0.772406,0.787726,0.798148,0.810368,0.82062,0.828428,0.833929,0.83742,0.840177,0.841353,0.842304,0.843314,0.843306,0.842282,0.84034,0.837456,0.833436,0.828026,0.820888,0.811641,0.799866,0.785064,0.766457,0.742628,0.719967,0.689689,0.650453,0.609837,0.56881,0.530485,0.495156,0.462625,0.432646,0.404994,0.379476,0.355922,0.334183,0.314124,0.295627,0.278584,0.262898,0.248481,0.235254,0.223145,0.212089,0.202026,0.192904,0.184674,0.177295,0.170727,0.164938,0.159897,0.155578,0.151961,0.149025,0.146757,0.145146,0.144182,0.143861,0.144182
0.145485,0.14516,0.145485,0.146463,0.148097,0.150396,0.153372,0.157039,0.161416,0.166524,0.172389,0.17904,0.186511,0.19484,0.204068,0.214242,0.225414,0.237642,0.250987,0.26552,0.281314,0.298452,0.317025,0.33713,0.358874,0.382374,0.407759,0.435175,0.464795,0.496831,0.531567,0.569349,0.610362,0.653081,0.686409,0.713619,0.736207,0.754394,0.768504,0.779614,0.794203,0.804835,0.817359,0.82781,0.836449,0.843229,0.848246,0.851732,0.854064,0.855074,0.854459,0.856411,0.856566,0.855552,0.853598,0.850859,0.847028,0.841831,0.834988,0.826195,0.815168,0.801693,0.785056,0.764806,0.741728,0.713344,0.678712,0.638783,0.591802,0.550193,0.512486,0.478019,0.44639,0.417308,0.390537,0.365881,0.343167,0.322246,0.302982,0.285257,0.268964,0.254007,0.240298,0.227759,0.21632,0.205917,0.196493,0.187997,0.180383,0.17361,0.167642,0.162448,0.158,0.154275,0.151253,0.148919,0.14726,0.146269,0.145939,0.146269
0.147659,0.147324,0.147659,0.148666,0.15035,0.15272,0.155788,0.159569,0.164084,0.169356,0.175411,0.182282,0.190005,0.198619,0.208172,0.218713,0.230298,0.242991,0.25686,0.271981,0.288439,0.306325,0.325741,0.3468,0.369624,0.394348,0.421123,0.45012,0.481538,0.515641,0.552828,0.593832,0.640275,0.679723,0.711826,0.737914,0.759058,0.775693,0.787479,0.80142,0.813289,0.823068,0.833148,0.842098,0.849608,0.855605,0.860163,0.863441,0.865634,0.866834,0.867251,0.867786,0.867484,0.8662,0.863981,0.861554,0.85799,0.853027,0.846434,0.837936,0.827312,0.815194,0.800136,0.781656,0.75947,0.732485,0.699752,0.660246,0.611641,0.568063,0.528501,0.492368,0.459263,0.428875,0.40095,0.37527,0.351648,0.329918,0.309936,0.29157,0.274705,0.259237,0.245072,0.232127,0.220327,0.209602,0.199892,0.191144,0.183307,0.17634,0.170203,0.164864,0.160293,0.156465,0.153362,0.150965,0.149261,0.148243,0.147904,0.148243
0.149716,0.149371,0.149716,0.150751,0.152483,0.15492,0.158075,0.161966,0.166612,0.172039,0.178276,0.185357,0.193319,0.202207,0.212069,0.222959,0.234939,0.248076,0.262444,0.278128,0.295218,0.313817,0.334038,0.356006,0.379859,0.40575,0.433847,0.46433,0.497403,0.5333,0.572345,0.615105,0.662722,0.701245,0.732422,0.757633,0.777969,0.794238,0.807253,0.818995,0.828763,0.835795,0.845371,0.853581,0.860416,0.865863,0.87003,0.873072,0.875147,0.876387,0.876953,0.877057,0.876423,0.874762,0.871434,0.870126,0.866913,0.862161,0.855763,0.847347,0.835959,0.826028,0.81227,0.794907,0.773585,0.747581,0.716115,0.677359,0.628749,0.584048,0.543068,0.505536,0.471141,0.439589,0.410621,0.384009,0.359555,0.337082,0.316435,0.297475,0.280079,0.264136,0.249547,0.236223,0.224084,0.213058,0.203081,0.194096,0.186051,0.178901,0.172605,0.167129,0.162443,0.15852,0.155339,0.152883,0.151138,0.150095,0.149748,0.150095
0.151643,0.15129,0.151643,0.152705,0.154482,0.156982,0.16022,0.164214,0.168985,0.174559,0.180967,0.188246,0.196434,0.20558,0.215733,0.226954,0.239305,0.25286,0.267699,0.283911,0.301596,0.320865,0.341841,0.364663,0.389483,0.41647,0.44581,0.477694,0.512311,0.549814,0.590292,0.633827,0.680939,0.71874,0.749186,0.773709,0.793459,0.809369,0.822292,0.833133,0.842052,0.849112,0.854883,0.862776,0.869295,0.87436,0.878192,0.880994,0.882924,0.884104,0.884639,0.884593,0.883882,0.882401,0.880135,0.877778,0.874389,0.869712,0.863558,0.85575,0.846285,0.835634,0.822254,0.805485,0.784671,0.759112,0.729146,0.691743,0.644304,0.598504,0.556224,0.517464,0.481942,0.449368,0.419476,0.392032,0.36683,0.343685,0.322435,0.302934,0.285052,0.268673,0.253694,0.240021,0.227569,0.216265,0.206041,0.196836,0.188598,0.181278,0.174836,0.169233,0.16444,0.160428,0.157175,0.154664,0.15288,0.151814,0.151459,0.151814
0.153432,0.15307,0.153432,0.154519,0.156337,0.158896,0.162212,0.166301,0.171188,0.176899,0.183468,0.19093,0.19933,0.208716,0.219141,0.230668,0.243365,0.257309,0.272584,0.289286,0.307522,0.327409,0.349082,0.372689,0.398399,0.426401,0.4569,0.490117,0.526254,0.565413,0.607398,0.651351,0.696064,0.733101,0.762926,0.786854,0.806082,0.821585,0.834168,0.844496,0.852955,0.859829,0.865479,0.870149,0.876763,0.881478,0.884969,0.887515,0.889274,0.89035,0.890815,0.890702,0.889984,0.888621,0.88661,0.884026,0.880543,0.875896,0.869849,0.862259,0.853764,0.843397,0.83038,0.814011,0.793351,0.766604,0.739654,0.704309,0.660635,0.611684,0.567947,0.528093,0.491605,0.45815,0.427456,0.399284,0.373423,0.349683,0.327895,0.307909,0.289591,0.272819,0.257487,0.243497,0.230762,0.219204,0.208754,0.19935,0.190934,0.18346,0.176882,0.171164,0.166272,0.162179,0.158861,0.156299,0.15448,0.153392,0.15303,0.153392
0.155071,0.154701,0.155071,0.156181,0.158037,0.160651,0.164038,0.168216,0.173209,0.179047,0.185762,0.193395,0.201989,0.211595,0.22227,0.234079,0.247093,0.261392,0.277066,0.294214,0.31295,0.333397,0.355698,0.380011,0.40652,0.435432,0.466987,0.50146,0.539148,0.580309,0.624814,0.670559,0.707227,0.744914,0.77431,0.797658,0.816365,0.831439,0.843652,0.853608,0.861747,0.868426,0.873995,0.878841,0.883639,0.88757,0.890617,0.892879,0.894451,0.895406,0.895793,0.895632,0.894911,0.893601,0.891667,0.889051,0.885562,0.880949,0.874844,0.866451,0.859461,0.849633,0.837022,0.821164,0.801407,0.777174,0.749127,0.713984,0.668815,0.621944,0.577918,0.537338,0.500078,0.465889,0.434517,0.405725,0.379296,0.35504,0.332784,0.312373,0.293669,0.27655,0.260904,0.246632,0.233643,0.221858,0.211206,0.201621,0.193047,0.185433,0.178734,0.172911,0.16793,0.163763,0.160386,0.157778,0.155927,0.15482,0.154452,0.15482
0.156551,0.156175,0.156551,0.157682,0.159573,0.162237,0.165688,0.169946,0.175036,0.180988,0.187837,0.195623,0.204393,0.214199,0.2251,0.237162,0.250462,0.265081,0.281112,0.29866,0.31784,0.338782,0.361635,0.386564,0.413762,0.443454,0.475909,0.511467,0.550593,0.594036,0.643333,0.685915,0.720026,0.755853,0.784067,0.806609,0.824736,0.83937,0.851228,0.860874,0.868751,0.875221,0.880605,0.885197,0.889243,0.892606,0.895263,0.89726,0.898651,0.899485,0.899794,0.899588,0.898857,0.897568,0.895672,0.893084,0.889661,0.885217,0.879541,0.87249,0.864632,0.85479,0.842409,0.826911,0.807634,0.784026,0.756746,0.722955,0.681205,0.631692,0.586612,0.545279,0.507356,0.47256,0.440629,0.411322,0.384421,0.35973,0.337075,0.316301,0.297266,0.279846,0.263927,0.249408,0.236197,0.224213,0.213383,0.203639,0.194925,0.187187,0.18038,0.174465,0.169405,0.165173,0.161743,0.159095,0.157215,0.156091,0.155717,0.156091
0.157865,0.157482,0.157865,0.159014,0.160937,0.163644,0.167152,0.171482,0.176658,0.182712,0.18968,0.197602,0.206528,0.216511,0.227612,0.2399,0.253451,0.268352,0.284697,0.302593,0.322159,0.343529,0.366852,0.392298,0.420064,0.450377,0.483514,0.519825,0.559788,0.604136,0.654262,0.697591,0.733808,0.765795,0.792316,0.813936,0.831477,0.845696,0.857235,0.866617,0.874268,0.880536,0.885713,0.890037,0.893674,0.896658,0.899019,0.900794,0.902027,0.90275,0.902986,0.902737,0.90199,0.900708,0.898837,0.896289,0.892946,0.888657,0.883263,0.876631,0.868684,0.858886,0.846684,0.831426,0.812204,0.787368,0.762313,0.72961,0.688969,0.639375,0.593758,0.551854,0.513409,0.478139,0.445771,0.416057,0.388776,0.363733,0.340751,0.319675,0.300364,0.28269,0.26654,0.251811,0.238411,0.226256,0.215273,0.205393,0.196557,0.188713,0.181813,0.175817,0.170689,0.1664,0.162924,0.160242,0.158336,0.157198,0.156819,0.157198
0.159004,0.158616,0.159004,0.160169,0.162119,0.164865,0.168423,0.172815,0.178066,0.184209,0.191279,0.19932,0.208381,0.218518,0.229792,0.242274,0.256043,0.271185,0.287799,0.305992,0.325885,0.347612,0.371322,0.397185,0.425393,0.456164,0.489758,0.526482,0.566696,0.610724,0.658235,0.70482,0.742096,0.773097,0.798702,0.819672,0.836756,0.850642,0.861921,0.871089,0.878552,0.884645,0.889639,0.893747,0.897123,0.899854,0.901997,0.9036,0.904702,0.905331,0.905501,0.905211,0.904444,0.903162,0.901306,0.898791,0.895506,0.891315,0.886065,0.87959,0.871689,0.86199,0.850005,0.835121,0.816633,0.793879,0.767245,0.734267,0.693688,0.64548,0.599419,0.55704,0.518213,0.482609,0.44993,0.419919,0.392353,0.367038,0.343801,0.322485,0.30295,0.285071,0.268732,0.253831,0.240274,0.227978,0.216867,0.206873,0.197936,0.190002,0.183024,0.176961,0.171776,0.167439,0.163925,0.161212,0.159286,0.158135,0.157752,0.158135
0.159962,0.15957,0.159962,0.161141,0.163114,0.165892,0.169493,0.173937,0.179251,0.185468,0.192625,0.200766,0.209941,0.220207,0.231626,0.244271,0.258221,0.273565,0.290402,0.308839,0.328999,0.351014,0.375033,0.401219,0.429754,0.460841,0.494708,0.531623,0.571916,0.61612,0.665603,0.710165,0.747352,0.778057,0.803285,0.823914,0.840721,0.854384,0.865479,0.874488,0.881809,0.887763,0.892613,0.896561,0.899761,0.902317,0.904304,0.905777,0.906776,0.907327,0.907441,0.907115,0.906327,0.905038,0.903187,0.900688,0.897432,0.89328,0.888073,0.881631,0.873746,0.864145,0.85238,0.837824,0.819793,0.797588,0.770487,0.73682,0.694281,0.65186,0.603646,0.560764,0.521736,0.485966,0.45311,0.42291,0.395151,0.369643,0.346218,0.324723,0.305019,0.286981,0.270495,0.255459,0.241779,0.22937,0.218157,0.208072,0.199054,0.191049,0.184008,0.17789,0.172659,0.168284,0.164738,0.162002,0.160059,0.158897,0.158511,0.158897
0.160735,0.160339,0.160735,0.161925,0.163916,0.16672,0.170354,0.174841,0.180206,0.186483,0.193711,0.201932,0.211199,0.221568,0.233104,0.24588,0.259975,0.275479,0.292492,0.311123,0.331492,0.35373,0.377983,0.404408,0.433175,0.464465,0.498469,0.535379,0.57537,0.618548,0.664714,0.711963,0.750051,0.781008,0.806257,0.826814,0.843517,0.857071,0.868062,0.876973,0.884197,0.890055,0.894801,0.898637,0.901717,0.904154,0.906031,0.907409,0.908329,0.908818,0.908886,0.908527,0.907718,0.906418,0.904564,0.902066,0.89881,0.894648,0.889402,0.882871,0.874879,0.865336,0.853823,0.83954,0.821756,0.799696,0.772425,0.738674,0.697359,0.650158,0.604804,0.562739,0.523956,0.488232,0.455334,0.425048,0.39718,0.371553,0.348005,0.326387,0.306565,0.288415,0.271824,0.256689,0.242918,0.230427,0.219139,0.208986,0.199907,0.191848,0.18476,0.178601,0.173335,0.16893,0.165361,0.162607,0.160651,0.159482,0.159093,0.159482
0.161316,0.160917,0.161316,0.162514,0.164519,0.167343,0.171003,0.175522,0.180926,0.187248,0.194528,0.202811,0.212147,0.222594,0.234217,0.247091,0.261295,0.276919,0.294063,0.312836,0.333358,0.355759,0.38018,0.406773,0.435697,0.467117,0.501193,0.538062,0.577794,0.620309,0.665234,0.712089,0.750979,0.782331,0.807862,0.828549,0.845291,0.858837,0.869796,0.878665,0.88584,0.891642,0.896325,0.900089,0.90309,0.905448,0.907249,0.90856,0.909423,0.909865,0.909895,0.909509,0.90868,0.907366,0.905502,0.902995,0.899722,0.895517,0.890164,0.883394,0.874977,0.865431,0.854384,0.840386,0.822722,0.800624,0.773072,0.738611,0.694754,0.649047,0.604941,0.563543,0.525084,0.489503,0.456652,0.426361,0.398458,0.372777,0.349166,0.327481,0.30759,0.289372,0.272716,0.257519,0.24369,0.231145,0.219808,0.20961,0.200491,0.192396,0.185276,0.17909,0.1738,0.169375,0.16579,0.163023,0.161059,0.159884,0.159494,0.159884
0.161703,0.161303,0.161703,0.162907,0.164922,0.167759,0.171436,0.175976,0.181406,0.187759,0.195074,0.203397,0.212779,0.223278,0.23496,0.247899,0.262174,0.277878,0.295108,0.313975,0.334597,0.357103,0.381632,0.408332,0.437358,0.468866,0.503005,0.539899,0.579603,0.621987,0.666319,0.709354,0.750587,0.782207,0.808334,0.829301,0.846179,0.859792,0.87078,0.879657,0.886828,0.892613,0.897268,0.900995,0.903952,0.906261,0.908014,0.909279,0.910102,0.910509,0.910511,0.910101,0.909253,0.907925,0.906049,0.90353,0.900238,0.895994,0.890534,0.883411,0.873626,0.863964,0.854276,0.840565,0.822899,0.800661,0.772891,0.738463,0.696604,0.648768,0.604639,0.563523,0.525302,0.48988,0.457125,0.426887,0.399007,0.373331,0.349711,0.32801,0.308097,0.289854,0.273171,0.257948,0.244093,0.231523,0.220162,0.209943,0.200804,0.19269,0.185554,0.179354,0.174052,0.169617,0.166024,0.16325,0.161281,0.160104,0.159712,0.160104
0.161894,0.161493,0.161894,0.163101,0.16512,0.167964,0.17165,0.1762,0.181643,0.188011,0.195345,0.203688,0.213093,0.223618,0.235329,0.248299,0.26261,0.278352,0.295625,0.314537,0.335206,0.357763,0.382344,0.409097,0.438177,0.469742,0.503949,0.540952,0.580905,0.62405,0.671201,0.711081,0.750932,0.780299,0.808015,0.829248,0.846296,0.860024,0.871084,0.880013,0.887222,0.893029,0.897689,0.901409,0.904348,0.906634,0.908361,0.909599,0.910396,0.910779,0.910759,0.910329,0.909464,0.90812,0.906232,0.903703,0.900407,0.896172,0.890775,0.883938,0.875428,0.865761,0.854566,0.840376,0.822434,0.799888,0.771621,0.736255,0.692823,0.647215,0.603591,0.562721,0.524691,0.489426,0.456796,0.426655,0.398849,0.373228,0.34965,0.327979,0.308089,0.289863,0.273191,0.257976,0.244127,0.23156,0.220201,0.209983,0.200844,0.19273,0.185594,0.179392,0.174089,0.169654,0.16606,0.163286,0.161316,0.160139,0.159747,0.160139
0.161888,0.161486,0.161888,0.163094,0.165113,0.167957,0.171643,0.176194,0.181637,0.188005,0.195338,0.203681,0.213086,0.22361,0.235321,0.24829,0.2626,0.278341,0.295611,0.31452,0.335187,0.35774,0.382318,0.409071,0.438156,0.469738,0.503988,0.541082,0.581196,0.624447,0.670458,0.715504,0.752903,0.782969,0.80821,0.828487,0.845702,0.859588,0.870742,0.879766,0.887057,0.892924,0.897623,0.901361,0.904306,0.906589,0.908307,0.909533,0.910316,0.910685,0.910649,0.910202,0.909319,0.90796,0.906057,0.90352,0.900223,0.896007,0.890676,0.884013,0.87583,0.866042,0.854238,0.839607,0.821333,0.798457,0.769639,0.73251,0.693815,0.646105,0.602055,0.561188,0.523284,0.488173,0.455693,0.425688,0.398001,0.372484,0.348994,0.327399,0.307574,0.289404,0.272781,0.257607,0.243794,0.231259,0.219927,0.209732,0.200613,0.192516,0.185395,0.179206,0.173913,0.169487,0.165899,0.163131,0.161165,0.159989,0.159598,0.159989
0.161683,0.161283,0.161683,0.162887,0.164902,0.167739,0.171417,0.175956,0.181386,0.187739,0.195055,0.203377,0.212759,0.223257,0.234937,0.247873,0.262145,0.277844,0.295068,0.313927,0.334538,0.357033,0.381552,0.408247,0.437281,0.468827,0.503073,0.540223,0.580528,0.624426,0.673195,0.716921,0.753447,0.783227,0.80741,0.825855,0.844374,0.858526,0.869737,0.878915,0.886349,0.892319,0.897083,0.900863,0.903833,0.906129,0.907854,0.909082,0.909862,0.910223,0.910176,0.909714,0.908812,0.907432,0.905511,0.902961,0.899658,0.895442,0.890123,0.883487,0.875301,0.865308,0.853107,0.838112,0.819539,0.796515,0.768056,0.733076,0.692074,0.643758,0.599593,0.558798,0.521047,0.486118,0.453826,0.423999,0.396476,0.371108,0.347753,0.326277,0.306559,0.288483,0.271944,0.256845,0.243098,0.230621,0.219341,0.209191,0.200112,0.19205,0.184959,0.178795,0.173525,0.169116,0.165543,0.162785,0.160827,0.159656,0.159267,0.159656
0.161283,0.160884,0.161283,0.162481,0.164486,0.16731,0.170971,0.175489,0.180893,0.187216,0.194496,0.202778,0.212113,0.222558,0.23418,0.247049,0.261247,0.276864,0.293998,0.312757,0.333262,0.355643,0.380042,0.406616,0.435533,0.466976,0.501142,0.538234,0.578446,0.621877,0.668181,0.714958,0.752005,0.781858,0.806347,0.826248,0.843285,0.856993,0.867921,0.877428,0.885103,0.891216,0.896069,0.899905,0.902914,0.905238,0.906983,0.908224,0.909013,0.909375,0.909322,0.908844,0.907918,0.906509,0.904561,0.901994,0.898675,0.894436,0.889076,0.882362,0.874016,0.863714,0.851083,0.835751,0.816808,0.793456,0.765003,0.729903,0.685806,0.639675,0.59601,0.555461,0.51794,0.48325,0.451195,0.421595,0.394285,0.369113,0.345936,0.324622,0.305051,0.287107,0.270687,0.255695,0.242043,0.229652,0.218447,0.208365,0.199345,0.191335,0.184288,0.178164,0.172926,0.168544,0.164993,0.162252,0.160305,0.159142,0.158754,0.159142
0.160687,0.160291,0.160687,0.161878,0.163869,0.166674,0.170308,0.174795,0.180161,0.186438,0.193665,0.201887,0.211152,0.22152,0.233053,0.245823,0.259911,0.275406,0.292405,0.311016,0.33136,0.353568,0.377784,0.404167,0.432893,0.464155,0.498164,0.535145,0.575314,0.618787,0.665201,0.712046,0.748954,0.778559,0.80382,0.824459,0.841341,0.854749,0.864589,0.875317,0.883352,0.889617,0.894559,0.898458,0.901516,0.903879,0.905656,0.906925,0.907733,0.908106,0.908051,0.907556,0.906597,0.90514,0.903149,0.900567,0.897233,0.892955,0.887519,0.880663,0.872059,0.861298,0.847973,0.832435,0.812964,0.788792,0.760451,0.725804,0.684146,0.635524,0.591547,0.551178,0.513946,0.479561,0.447802,0.418483,0.391435,0.366506,0.343552,0.322444,0.303059,0.285285,0.269018,0.254165,0.240637,0.228357,0.217252,0.207258,0.198316,0.190374,0.183387,0.177314,0.172119,0.167773,0.164251,0.161533,0.159602,0.158448,0.158064,0.158448
0.159901,0.159509,0.159901,0.161081,0.163054,0.165832,0.169433,0.173878,0.179193,0.18541,0.192568,0.200709,0.209883,0.220147,0.231563,0.244202,0.258145,0.273477,0.290296,0.30871,0.328838,0.350811,0.374775,0.400891,0.429341,0.460328,0.494082,0.530874,0.571035,0.615076,0.664284,0.708242,0.744246,0.772142,0.799734,0.821289,0.838588,0.852471,0.863611,0.873338,0.881216,0.887504,0.892503,0.896463,0.899575,0.901989,0.903813,0.905124,0.905966,0.906363,0.906315,0.905803,0.904795,0.903255,0.901174,0.898609,0.895281,0.890965,0.885437,0.87842,0.869533,0.858173,0.843131,0.828319,0.808101,0.781353,0.753829,0.718583,0.677209,0.629112,0.585696,0.545824,0.509032,0.475043,0.44365,0.414669,0.387936,0.363298,0.340613,0.319752,0.300593,0.283025,0.266946,0.252262,0.238887,0.226744,0.215761,0.205876,0.197031,0.189174,0.182261,0.176251,0.17111,0.166809,0.163323,0.160632,0.158721,0.157579,0.157198,0.157579
0.158929,0.158541,0.158929,0.160094,0.162045,0.164791,0.16835,0.172743,0.177995,0.184138,0.191209,0.199251,0.208312,0.218447,0.229718,0.242196,0.255956,0.271087,0.287682,0.305849,0.325705,0.34738,0.371019,0.396786,0.424863,0.455459,0.488817,0.525226,0.56502,0.608504,0.655373,0.701372,0.738451,0.768926,0.795298,0.817077,0.834832,0.849217,0.860892,0.870547,0.878406,0.884734,0.889796,0.893822,0.897,0.899478,0.901365,0.902737,0.903635,0.904075,0.904049,0.903527,0.902455,0.900761,0.898433,0.896029,0.892766,0.888418,0.882794,0.875643,0.866624,0.855299,0.84122,0.824669,0.803804,0.777622,0.746215,0.706994,0.664406,0.620376,0.578497,0.539439,0.503222,0.469713,0.438749,0.410163,0.383797,0.359498,0.337128,0.316557,0.297663,0.280338,0.26448,0.249996,0.236801,0.22482,0.213983,0.204227,0.195497,0.18774,0.180915,0.174981,0.169904,0.165656,0.162213,0.159555,0.157667,0.156538,0.156163,0.156538
0.157775,0.157392,0.157775,0.158924,0.160848,0.163556,0.167065,0.171396,0.176574,0.182629,0.189598,0.197522,0.206448,0.216431,0.22753,0.239814,0.253359,0.268248,0.284576,0.302446,0.321974,0.343287,0.366529,0.391859,0.419459,0.449536,0.482335,0.518162,0.557434,0.60083,0.649788,0.692056,0.729767,0.761864,0.788841,0.81138,0.829832,0.844791,0.856902,0.866746,0.87472,0.881145,0.886296,0.890405,0.893661,0.896217,0.898188,0.899649,0.900634,0.901148,0.901173,0.900668,0.899549,0.897629,0.894374,0.892796,0.889656,0.885247,0.879496,0.872189,0.863021,0.851604,0.837493,0.820207,0.798642,0.771608,0.737318,0.701422,0.655535,0.611818,0.570646,0.532237,0.496591,0.4636,0.433115,0.404977,0.379028,0.355119,0.33311,0.312871,0.294283,0.277236,0.261632,0.247378,0.234391,0.222597,0.211927,0.20232,0.193721,0.186081,0.179356,0.173509,0.168507,0.16432,0.160927,0.158307,0.156445,0.155333,0.154963,0.155333
0.156446,0.156069,0.156446,0.157577,0.159469,0.162134,0.165586,0.169846,0.174938,0.180892,0.187743,0.195531,0.204303,0.21411,0.225011,0.237073,0.250368,0.264979,0.280996,0.298521,0.317665,0.338554,0.361325,0.386133,0.413152,0.442578,0.474636,0.509596,0.547813,0.58985,0.636913,0.675459,0.716768,0.751617,0.779882,0.80397,0.82346,0.839107,0.851683,0.86182,0.869992,0.876564,0.881833,0.886041,0.889388,0.892039,0.894118,0.895708,0.896824,0.897454,0.897573,0.897144,0.89611,0.894398,0.891991,0.889448,0.885979,0.881359,0.875403,0.867876,0.858481,0.84684,0.832464,0.814673,0.792504,0.765038,0.732791,0.694477,0.646951,0.603011,0.562172,0.524268,0.489168,0.456719,0.426759,0.399121,0.373642,0.350173,0.328571,0.308708,0.290464,0.273733,0.258415,0.24442,0.231668,0.220084,0.209603,0.200164,0.191713,0.184204,0.177594,0.171845,0.166926,0.162808,0.159471,0.156893,0.155063,0.153968,0.153604,0.153968
0.154949,0.15458,0.154949,0.15606,0.157917,0.160533,0.163921,0.168101,0.173097,0.178937,0.185656,0.193292,0.201889,0.211498,0.222177,0.233987,0.247001,0.261297,0.276963,0.294096,0.312804,0.333208,0.355439,0.379646,0.405989,0.434648,0.465814,0.499685,0.536427,0.576055,0.617925,0.658631,0.69964,0.739129,0.767707,0.794984,0.815746,0.832098,0.845146,0.855615,0.86403,0.870788,0.876199,0.880518,0.883962,0.886716,0.888928,0.89071,0.892026,0.892829,0.893086,0.892768,0.89184,0.890265,0.888028,0.885179,0.881431,0.876552,0.870322,0.862493,0.852772,0.840807,0.826118,0.807884,0.784909,0.755105,0.724555,0.685028,0.637208,0.593363,0.552872,0.515463,0.480926,0.449064,0.419682,0.392601,0.367649,0.344672,0.323526,0.304083,0.286224,0.269843,0.254844,0.241137,0.228645,0.217295,0.207023,0.19777,0.189484,0.18212,0.175636,0.169996,0.165169,0.161128,0.157852,0.155323,0.153525,0.152451,0.152094,0.152451
0.153294,0.152932,0.153294,0.154381,0.156201,0.158762,0.162079,0.166171,0.171061,0.176776,0.183348,0.190816,0.199221,0.208612,0.219043,0.230576,0.243278,0.257225,0.272501,0.289199,0.307422,0.327285,0.348913,0.372445,0.398033,0.425841,0.456035,0.488776,0.524169,0.562178,0.60242,0.643969,0.686658,0.728095,0.759712,0.785885,0.806863,0.823643,0.837097,0.847906,0.856593,0.863566,0.869139,0.873573,0.877101,0.879952,0.882293,0.884395,0.886026,0.887075,0.887511,0.887323,0.886493,0.884987,0.882761,0.879745,0.87576,0.870597,0.864027,0.855789,0.845604,0.833188,0.818264,0.799862,0.777004,0.74875,0.715101,0.671677,0.625878,0.582587,0.542563,0.505718,0.471815,0.440611,0.41188,0.385423,0.361061,0.338632,0.317992,0.299014,0.28158,0.265585,0.250935,0.237546,0.225338,0.214244,0.2042,0.195151,0.187045,0.179839,0.173493,0.167972,0.163245,0.159289,0.15608,0.153602,0.151842,0.150789,0.150439,0.150789
0.151488,0.151134,0.151488,0.152551,0.154328,0.15683,0.160071,0.164067,0.168841,0.17442,0.180834,0.188118,0.196314,0.205468,0.215631,0.226862,0.239224,0.25279,0.26764,0.283862,0.301554,0.320824,0.341791,0.364586,0.389352,0.416244,0.445422,0.477047,0.511262,0.548176,0.587868,0.630584,0.677502,0.716867,0.748747,0.774892,0.796151,0.813337,0.827197,0.838367,0.847362,0.854585,0.860345,0.864884,0.868445,0.871369,0.873691,0.876448,0.878587,0.879968,0.880617,0.880566,0.879824,0.878357,0.876097,0.872942,0.868728,0.86325,0.856264,0.847484,0.8366,0.823384,0.808439,0.789914,0.766957,0.738819,0.704748,0.663222,0.614387,0.57073,0.531109,0.494927,0.461776,0.431336,0.40335,0.377598,0.353893,0.332072,0.311991,0.293522,0.276552,0.260978,0.246709,0.233662,0.221764,0.210946,0.20115,0.19232,0.184409,0.177373,0.171176,0.165783,0.161165,0.157299,0.154163,0.151741,0.15002,0.148991,0.148649,0.148991
0.149541,0.149197,0.149541,0.150578,0.15231,0.154749,0.157907,0.161801,0.166452,0.171884,0.178127,0.185216,0.193187,0.202086,0.211961,0.222866,0.234864,0.24802,0.262412,0.278121,0.29524,0.31387,0.334123,0.356123,0.380007,0.405922,0.434033,0.464517,0.497576,0.53345,0.572496,0.615361,0.663323,0.702543,0.734546,0.761139,0.782943,0.800656,0.814988,0.826571,0.835926,0.843456,0.849451,0.854083,0.857515,0.860627,0.862008,0.866614,0.869511,0.871268,0.872127,0.872205,0.871547,0.870111,0.867808,0.864514,0.860063,0.854239,0.846768,0.837311,0.825408,0.810116,0.796246,0.777511,0.754044,0.725349,0.690652,0.648775,0.600024,0.556978,0.518207,0.482963,0.450756,0.421227,0.394098,0.369142,0.346169,0.325018,0.305547,0.287633,0.271165,0.256045,0.242186,0.229508,0.21794,0.207419,0.197887,0.189292,0.181589,0.174736,0.168697,0.163441,0.158939,0.155169,0.152111,0.149748,0.148069,0.147066,0.146732,0.147066
0.147465,0.14713,0.147465,0.148473,0.150158,0.15253,0.155601,0.159386,0.163905,0.169182,0.175245,0.182125,0.189858,0.198486,0.208055,0.218616,0.230225,0.242947,0.256851,0.272014,0.288523,0.306471,0.325962,0.347114,0.370054,0.394928,0.421898,0.451157,0.48294,0.517555,0.555452,0.59735,0.644593,0.684126,0.716066,0.743833,0.766588,0.785016,0.799913,0.811974,0.821758,0.829689,0.836049,0.840846,0.843441,0.848312,0.850333,0.855485,0.85872,0.860698,0.861693,0.861862,0.861296,0.859906,0.857566,0.854136,0.849439,0.843244,0.835251,0.825098,0.812515,0.798463,0.782356,0.762325,0.737658,0.707727,0.671826,0.627174,0.582204,0.541039,0.503723,0.469774,0.438748,0.410297,0.38415,0.360086,0.337923,0.317503,0.298694,0.281377,0.265447,0.250813,0.23739,0.225104,0.213888,0.203681,0.194429,0.186083,0.178599,0.171939,0.166069,0.160957,0.156578,0.15291,0.149933,0.147634,0.146,0.145022,0.144697,0.145022
0.14527,0.144944,0.14527,0.146248,0.147884,0.150185,0.153164,0.156834,0.161216,0.16633,0.172203,0.178864,0.186347,0.194691,0.203939,0.214137,0.225339,0.237603,0.250994,0.265583,0.281448,0.298677,0.317365,0.337619,0.359558,0.383318,0.409057,0.436965,0.467282,0.50032,0.536492,0.576233,0.619332,0.66106,0.691134,0.722323,0.746495,0.765773,0.781293,0.793886,0.804169,0.812619,0.819662,0.825502,0.830255,0.834917,0.838716,0.842707,0.845784,0.847808,0.848835,0.849009,0.848599,0.847308,0.844953,0.84139,0.83644,0.82986,0.821305,0.810211,0.795349,0.782413,0.765122,0.743491,0.717006,0.68503,0.648888,0.608241,0.562765,0.523278,0.487762,0.455423,0.425809,0.398604,0.373561,0.350482,0.329199,0.309569,0.291469,0.274788,0.259431,0.24531,0.232348,0.220475,0.209629,0.199753,0.190795,0.18271,0.175457,0.168999,0.163305,0.158344,0.154094,0.150532,0.147642,0.145408,0.143821,0.142872,0.142556,0.142872
0.142968,0.142652,0.142968,0.143915,0.145499,0.147727,0.150609,0.154161,0.158399,0.163343,0.169019,0.175452,0.182676,0.190724,0.199637,0.209458,0.220236,0.232024,0.244881,0.258872,0.274067,0.290546,0.308393,0.327705,0.348589,0.371168,0.395582,0.422005,0.450655,0.481829,0.515976,0.55392,0.597764,0.636241,0.667681,0.697521,0.722211,0.742181,0.758278,0.771422,0.782251,0.79122,0.799098,0.806163,0.812317,0.817778,0.822493,0.82663,0.829844,0.83196,0.832928,0.832845,0.832869,0.831795,0.829449,0.825753,0.820542,0.813589,0.804601,0.793235,0.779239,0.763454,0.744086,0.720277,0.69127,0.654302,0.61643,0.578054,0.539446,0.503511,0.470454,0.440055,0.41206,0.386243,0.36241,0.340396,0.320057,0.301267,0.283917,0.267907,0.253151,0.239568,0.227088,0.215647,0.205187,0.195655,0.187004,0.179191,0.172178,0.16593,0.160419,0.155616,0.151499,0.148049,0.145248,0.143083,0.141544,0.140623,0.140317,0.140623
0.14057,0.140265,0.14057,0.141485,0.143016,0.145168,0.147952,0.15138,0.15547,0.160239,0.165711,0.17191,0.178864,0.186608,0.195176,0.204608,0.214949,0.226246,0.238553,0.251927,0.266432,0.282135,0.299113,0.317449,0.337235,0.358573,0.381583,0.406401,0.433195,0.462172,0.493596,0.527787,0.564948,0.603795,0.632754,0.666305,0.692336,0.713161,0.72973,0.743453,0.754921,0.764092,0.772926,0.78167,0.789322,0.795911,0.80161,0.806449,0.810139,0.812502,0.813365,0.811862,0.813525,0.812789,0.810411,0.806559,0.801051,0.793665,0.784133,0.772173,0.757493,0.739851,0.718288,0.691848,0.661615,0.626932,0.586788,0.550269,0.515477,0.482753,0.452252,0.423934,0.397678,0.373346,0.3508,0.329912,0.310566,0.292656,0.276089,0.260778,0.246646,0.233622,0.221642,0.210648,0.200587,0.191411,0.183076,0.175544,0.168779,0.162749,0.157426,0.152786,0.148807,0.145471,0.142762,0.140668,0.13918,0.138289,0.137993,0.138289
0.13809,0.137796,0.13809,0.138972,0.140447,0.142522,0.145204,0.148507,0.152445,0.157035,0.162298,0.168256,0.174936,0.182368,0.190583,0.199618,0.209513,0.220309,0.232054,0.244798,0.258597,0.273509,0.289599,0.306935,0.325593,0.345654,0.367206,0.390347,0.415178,0.441803,0.470302,0.500662,0.532568,0.564928,0.59561,0.629468,0.655842,0.677626,0.694095,0.708501,0.72123,0.729108,0.7391,0.750966,0.760475,0.768353,0.775295,0.781367,0.785901,0.788803,0.790469,0.79076,0.790888,0.789698,0.786998,0.78298,0.777116,0.769194,0.758914,0.746046,0.730182,0.710748,0.686857,0.655362,0.623029,0.589887,0.555721,0.522821,0.491375,0.461582,0.433564,0.407339,0.382865,0.360064,0.338847,0.319123,0.300803,0.283801,0.268041,0.253449,0.239959,0.227509,0.216041,0.205506,0.195854,0.187043,0.179033,0.171789,0.165278,0.159471,0.154342,0.149869,0.146031,0.142813,0.140198,0.138177,0.136739,0.135879,0.135593,0.135879
0.135539,0.135256,0.135539,0.136388,0.137807,0.139803,0.142382,0.145557,0.14934,0.153748,0.158798,0.164512,0.170914,0.178029,0.185886,0.194519,0.203961,0.21425,0.225426,0.237534,0.250619,0.264732,0.279924,0.296251,0.31377,0.33254,0.35262,0.374066,0.396924,0.421217,0.446912,0.473868,0.501732,0.529857,0.557525,0.585105,0.610266,0.634834,0.648789,0.66422,0.682028,0.694746,0.706172,0.713762,0.724883,0.733754,0.742226,0.750505,0.756205,0.759398,0.762091,0.762978,0.762735,0.76122,0.757869,0.754009,0.747707,0.739145,0.727827,0.713809,0.696532,0.675211,0.650925,0.622173,0.587589,0.556079,0.525471,0.49588,0.467462,0.440369,0.414707,0.390523,0.367814,0.346549,0.326674,0.308128,0.290848,0.27477,0.25983,0.24597,0.233132,0.221265,0.21032,0.200251,0.191016,0.182576,0.174897,0.167945,0.161693,0.156112,0.151181,0.146878,0.143184,0.140085,0.137567,0.13562,0.134235,0.133406,0.13313,0.133406
0.132931,0.132659,0.132931,0.133746,0.135109,0.137024,0.139499,0.142544,0.146171,0.150395,0.155231,0.160699,0.166819,0.173615,0.181113,0.18934,0.198328,0.208107,0.218713,0.230183,0.242555,0.255869,0.270166,0.285487,0.301874,0.319364,0.33799,0.357776,0.378725,0.400808,0.42394,0.447944,0.472518,0.49723,0.52162,0.545357,0.567572,0.58792,0.604439,0.620054,0.63557,0.649972,0.665955,0.675705,0.681362,0.689827,0.700049,0.713343,0.720423,0.722064,0.727224,0.728076,0.727594,0.726241,0.720743,0.718776,0.711537,0.702395,0.689414,0.674093,0.655313,0.629946,0.605538,0.579439,0.551279,0.523455,0.496174,0.469625,0.443978,0.419377,0.395928,0.373695,0.352701,0.332942,0.314395,0.297024,0.280784,0.26563,0.251515,0.23839,0.22621,0.214931,0.204512,0.194913,0.186098,0.178034,0.170689,0.164033,0.158042,0.152691,0.14796,0.143828,0.140281,0.137303,0.134882,0.13301,0.131678,0.130881,0.130615,0.130881
0.130278,0.130018,0.130278,0.131059,0.132365,0.134199,0.13657,0.139485,0.142955,0.146994,0.151615,0.156836,0.162674,0.169152,0.17629,0.184113,0.192647,0.201919,0.211958,0.222795,0.23446,0.246984,0.260397,0.27473,0.290007,0.30625,0.32347,0.341666,0.360813,0.380855,0.401685,0.42313,0.444939,0.466789,0.488324,0.509178,0.528874,0.547042,0.56326,0.578312,0.592612,0.606053,0.618812,0.629072,0.637591,0.646731,0.657424,0.671632,0.679678,0.68392,0.686606,0.684492,0.683283,0.685297,0.682789,0.678328,0.666417,0.658167,0.641368,0.625086,0.606983,0.586083,0.564115,0.540937,0.5167,0.492252,0.468007,0.444229,0.421112,0.398805,0.37742,0.357029,0.337675,0.319373,0.302121,0.285901,0.270688,0.256449,0.243152,0.230759,0.219235,0.208543,0.19865,0.189523,0.181129,0.173441,0.166431,0.160073,0.154344,0.149224,0.144693,0.140735,0.137334,0.134478,0.132156,0.130359,0.12908,0.128315,0.12806,0.128315
0.127593,0.127344,0.127593,0.12834,0.129589,0.131343,0.133609,0.136394,0.139708,0.143562,0.147969,0.152944,0.158502,0.164662,0.171443,0.178865,0.18695,0.195721,0.205202,0.215415,0.226385,0.238136,0.250687,0.264058,0.278263,0.293308,0.309189,0.325887,0.343362,0.361543,0.380321,0.39954,0.418989,0.438416,0.45754,0.476066,0.493689,0.510164,0.52536,0.539493,0.552735,0.565088,0.57649,0.58654,0.595589,0.604507,0.613752,0.623211,0.63027,0.63508,0.638674,0.642569,0.638311,0.636693,0.63448,0.632798,0.620135,0.608934,0.595212,0.580243,0.563728,0.545487,0.526016,0.505524,0.484271,0.462692,0.441129,0.419839,0.399015,0.378809,0.359332,0.340666,0.322863,0.305953,0.289948,0.274844,0.260631,0.24729,0.234797,0.223126,0.212249,0.20214,0.192768,0.184109,0.176135,0.168821,0.162145,0.156084,0.150617,0.145727,0.141397,0.137612,0.134358,0.131624,0.1294,0.127679,0.126454,0.12572,0.125476,0.12572
0.124888,0.12465,0.124888,0.125602,0.126794,0.128468,0.13063,0.133286,0.136445,0.140116,0.144311,0.149042,0.154324,0.160171,0.166599,0.173627,0.181271,0.18955,0.198482,0.208087,0.218381,0.22938,0.241099,0.253545,0.266723,0.28063,0.29525,0.310554,0.326492,0.342991,0.359946,0.377218,0.394634,0.411991,0.42907,0.445645,0.461504,0.47648,0.490493,0.503588,0.51582,0.527196,0.537681,0.54721,0.555951,0.564225,0.572166,0.579529,0.585474,0.58984,0.592834,0.594456,0.593094,0.591073,0.58802,0.583408,0.574717,0.564505,0.552535,0.539122,0.524314,0.508165,0.49091,0.472769,0.453985,0.434851,0.415634,0.396556,0.377798,0.359503,0.341782,0.324718,0.30837,0.292777,0.27796,0.263928,0.250681,0.23821,0.2265,0.215535,0.205294,0.195756,0.186899,0.178701,0.171141,0.164198,0.157852,0.152085,0.146879,0.142218,0.138087,0.134474,0.131366,0.128753,0.126628,0.124982,0.12381,0.123108,0.122875,0.123108
0.122177,0.12195,0.122177,0.122857,0.123993,0.125588,0.127647,0.130176,0.133181,0.136672,0.140658,0.14515,0.150159,0.155699,0.161782,0.168423,0.175636,0.183436,0.191836,0.20085,0.210491,0.220767,0.231687,0.243251,0.255457,0.268293,0.281736,0.295752,0.310287,0.32527,0.340603,0.356167,0.371817,0.387391,0.402713,0.417613,0.431932,0.445546,0.458385,0.470434,0.481698,0.492173,0.501847,0.51072,0.518865,0.526391,0.533306,0.539439,0.544454,0.548184,0.55059,0.551558,0.55076,0.548701,0.545323,0.540286,0.532975,0.523951,0.513372,0.501419,0.488209,0.473856,0.458533,0.442429,0.425751,0.408723,0.391557,0.374442,0.357536,0.340973,0.324857,0.309272,0.294279,0.279921,0.266229,0.253218,0.240896,0.229262,0.21831,0.208029,0.198405,0.189425,0.181071,0.173325,0.166172,0.159594,0.153574,0.148096,0.143147,0.138712,0.134779,0.131335,0.128372,0.12588,0.123851,0.122279,0.12116,0.12049,0.120267,0.12049
0.11947,0.119254,0.11947,0.120118,0.121199,0.122716,0.124674,0.127078,0.129933,0.133247,0.137028,0.141285,0.146029,0.151268,0.157015,0.16328,0.170075,0.17741,0.185296,0.193742,0.202755,0.212341,0.2225,0.233229,0.24452,0.256355,0.268707,0.28154,0.2948,0.308418,0.322309,0.336367,0.350473,0.364494,0.378291,0.391729,0.404685,0.41706,0.428787,0.43983,0.450171,0.459796,0.468696,0.476872,0.484347,0.491142,0.497228,0.502491,0.506761,0.509908,0.51185,0.512495,0.511751,0.509709,0.506331,0.501466,0.494946,0.486917,0.477509,0.466855,0.455076,0.442294,0.428656,0.414322,0.399466,0.384267,0.368899,0.353521,0.338273,0.323273,0.30862,0.294394,0.280655,0.267452,0.254816,0.24277,0.231327,0.220493,0.210267,0.200645,0.191619,0.183179,0.175313,0.168008,0.161252,0.15503,0.149328,0.144135,0.139438,0.135225,0.131486,0.12821,0.125389,0.123015,0.121082,0.119584,0.118517,0.117878,0.117665,0.117878
0.11678,0.116575,0.11678,0.117396,0.118423,0.119864,0.121724,0.124005,0.126713,0.129855,0.133436,0.137465,0.14195,0.146898,0.152319,0.15822,0.164611,0.171499,0.178892,0.186794,0.195209,0.204138,0.213578,0.223521,0.233956,0.244861,0.256208,0.267958,0.280061,0.292452,0.305056,0.317782,0.33053,0.343189,0.355648,0.367798,0.379539,0.390787,0.401482,0.411578,0.421048,0.42987,0.438029,0.445515,0.452325,0.458446,0.463838,0.468421,0.472091,0.474751,0.476325,0.476745,0.475959,0.473963,0.470725,0.466181,0.460283,0.453088,0.444683,0.435169,0.424653,0.413248,0.401082,0.388291,0.375022,0.361421,0.347635,0.333797,0.32003,0.306439,0.293115,0.280132,0.26755,0.255417,0.243768,0.232629,0.222017,0.211942,0.202409,0.193418,0.184965,0.177046,0.169652,0.162774,0.156402,0.150526,0.145135,0.14022,0.135768,0.131772,0.128222,0.12511,0.122429,0.120171,0.118332,0.116906,0.11589,0.115282,0.115079,0.115282
0.114119,0.113924,0.114119,0.114703,0.115677,0.117045,0.118808,0.12097,0.123536,0.12651,0.129898,0.133706,0.13794,0.142607,0.147713,0.153265,0.159269,0.165729,0.17265,0.180034,0.187881,0.19619,0.204954,0.214162,0.2238,0.233845,0.244267,0.255029,0.266083,0.277372,0.288826,0.300369,0.311915,0.323372,0.334649,0.345655,0.356308,0.366536,0.376281,0.385498,0.394154,0.402221,0.409678,0.416506,0.422689,0.428199,0.432997,0.437022,0.4402,0.442462,0.443742,0.443989,0.443162,0.441238,0.438192,0.433997,0.428645,0.422169,0.414633,0.406117,0.396711,0.386514,0.375637,0.364197,0.352315,0.340118,0.327726,0.315255,0.302812,0.290488,0.278368,0.26652,0.255,0.243857,0.233126,0.222834,0.213003,0.203645,0.194768,0.186378,0.178473,0.171053,0.164112,0.157644,0.151644,0.146103,0.141012,0.136365,0.132153,0.128368,0.125002,0.12205,0.119504,0.11736,0.115612,0.114257,0.113291,0.112713,0.11252,0.112713
0.111496,0.111311,0.111496,0.11205,0.112974,0.11427,0.11594,0.117987,0.120415,0.123227,0.126428,0.130023,0.134016,0.138413,0.143217,0.148434,0.154068,0.16012,0.166593,0.173486,0.180798,0.188524,0.196654,0.205178,0.214077,0.223329,0.232904,0.242766,0.252871,0.263166,0.273592,0.28408,0.294559,0.30495,0.315176,0.325163,0.334839,0.344142,0.353019,0.361426,0.369326,0.37669,0.383492,0.389706,0.39531,0.400272,0.404555,0.408109,0.410879,0.412812,0.413858,0.413973,0.413125,0.411291,0.408452,0.4046,0.399737,0.393894,0.387119,0.379478,0.371047,0.361911,0.352165,0.341909,0.331246,0.320284,0.309125,0.297869,0.286608,0.275425,0.264394,0.253578,0.243031,0.232799,0.222918,0.213416,0.204314,0.19563,0.187373,0.179551,0.172167,0.165221,0.158713,0.15264,0.146996,0.141776,0.136976,0.132588,0.128606,0.125025,0.121839,0.119041,0.116628,0.114593,0.112934,0.111648,0.11073,0.110181,0.109998,0.110181
0.108923,0.108748,0.108923,0.109447,0.110322,0.111549,0.113129,0.115066,0.117361,0.120017,0.123039,0.126429,0.130192,0.13433,0.138847,0.143745,0.149026,0.154692,0.160741,0.167172,0.173981,0.18116,0.188701,0.196588,0.204805,0.213328,0.222128,0.231172,0.240418,0.249819,0.259322,0.268869,0.278395,0.287837,0.297127,0.306202,0.315,0.323467,0.331553,0.339217,0.346422,0.353136,0.359331,0.36498,0.370056,0.374527,0.378358,0.38151,0.383938,0.3856,0.386456,0.386473,0.385624,0.38389,0.381259,0.377729,0.37331,0.368028,0.361925,0.355053,0.347479,0.339276,0.330524,0.321309,0.311721,0.301848,0.291782,0.281606,0.271402,0.261243,0.251195,0.241318,0.23166,0.222265,0.213168,0.204397,0.195975,0.187921,0.180246,0.172959,0.166067,0.159573,0.153476,0.147778,0.142474,0.137563,0.13304,0.128901,0.125142,0.121758,0.118744,0.116095,0.113809,0.111881,0.110308,0.109088,0.108217,0.107696,0.107522,0.107696
0.106409,0.106244,0.106409,0.106906,0.107733,0.108894,0.110388,0.112218,0.114386,0.116893,0.119744,0.122939,0.126481,0.130373,0.134616,0.139212,0.14416,0.14946,0.155111,0.161108,0.167446,0.174117,0.181109,0.188408,0.195996,0.20385,0.211943,0.220243,0.228712,0.237308,0.245983,0.254686,0.263362,0.271955,0.280409,0.288666,0.296675,0.304386,0.311754,0.31874,0.325308,0.331426,0.337066,0.342198,0.346794,0.350826,0.354261,0.357065,0.359203,0.36064,0.361344,0.36129,0.360455,0.358826,0.356395,0.353165,0.349147,0.344365,0.338855,0.332663,0.325845,0.318463,0.310587,0.302289,0.293648,0.28474,0.275641,0.266428,0.257169,0.24793,0.23877,0.229743,0.220895,0.212266,0.20389,0.195796,0.188005,0.180538,0.173406,0.166623,0.160194,0.154125,0.148418,0.143075,0.138095,0.133478,0.12922,0.125319,0.121773,0.118577,0.115728,0.113223,0.111059,0.109234,0.107744,0.106587,0.105762,0.105267,0.105103,0.105267
0.103964,0.103808,0.103964,0.104434,0.105217,0.106313,0.107725,0.109454,0.1115,0.113866,0.116553,0.119562,0.122896,0.126554,0.130539,0.134848,0.139483,0.14444,0.149717,0.155308,0.161208,0.167405,0.17389,0.180646,0.187657,0.194899,0.202347,0.209972,0.217738,0.225608,0.233539,0.241486,0.249401,0.257235,0.264939,0.272463,0.279762,0.28679,0.293508,0.299877,0.305865,0.311439,0.316572,0.321234,0.3254,0.329039,0.332125,0.334627,0.336517,0.337765,0.338347,0.338242,0.337433,0.33591,0.333669,0.330714,0.327058,0.322722,0.317739,0.312148,0.305996,0.299339,0.292235,0.284748,0.276944,0.268889,0.260651,0.252294,0.24388,0.235467,0.227108,0.218852,0.21074,0.202811,0.195097,0.187625,0.180418,0.173495,0.166871,0.160556,0.154562,0.148892,0.143553,0.138546,0.133873,0.129534,0.125528,0.121854,0.11851,0.115493,0.112803,0.110435,0.108389,0.106661,0.10525,0.104155,0.103373,0.102905,0.102748,0.102905
0.101597,0.101449,0.101597,0.102041,0.102781,0.103817,0.105151,0.106783,0.108714,0.110945,0.113477,0.116311,0.119447,0.122886,0.126626,0.130667,0.135007,0.139643,0.144571,0.149784,0.155276,0.161036,0.167052,0.173309,0.17979,0.186474,0.193336,0.200348,0.207478,0.214694,0.221956,0.229224,0.236457,0.243611,0.250643,0.257509,0.264169,0.270581,0.276711,0.282522,0.287983,0.293064,0.297736,0.301974,0.305751,0.309042,0.311819,0.314058,0.315734,0.316824,0.317308,0.317167,0.316391,0.314972,0.312908,0.310205,0.306875,0.302938,0.298423,0.293364,0.287802,0.281784,0.275363,0.268592,0.261529,0.254231,0.246757,0.239164,0.231506,0.223834,0.216196,0.208636,0.201193,0.193902,0.186793,0.179893,0.173224,0.166805,0.160651,0.154774,0.149184,0.143889,0.138894,0.134203,0.129819,0.125743,0.121975,0.118516,0.115364,0.112518,0.109978,0.107741,0.105806,0.104172,0.102837,0.101799,0.101059,0.100616,0.100468,0.100616
0.0993154,0.0991755,0.0993154,0.0997349,0.100434,0.101413,0.102673,0.104214,0.106036,0.10814,0.110526,0.113195,0.116145,0.119376,0.122888,0.126677,0.130742,0.135079,0.139682,0.144545,0.149659,0.155015,0.1606,0.1664,0.172397,0.178571,0.1849,0.191357,0.197914,0.204539,0.2112,0.217859,0.22448,0.231024,0.237453,0.243729,0.249814,0.255672,0.261271,0.266577,0.271562,0.276196,0.280453,0.284309,0.287738,0.290716,0.293221,0.295231,0.296723,0.297679,0.298082,0.297919,0.29718,0.29586,0.29396,0.291486,0.28845,0.284869,0.28077,0.276183,0.271143,0.265692,0.259873,0.253736,0.247329,0.240703,0.233909,0.226997,0.220014,0.213007,0.206018,0.199087,0.192249,0.185538,0.178982,0.172606,0.166431,0.160476,0.154756,0.149284,0.144071,0.139125,0.134452,0.130057,0.125944,0.122115,0.118572,0.115315,0.112344,0.10966,0.107262,0.105149,0.10332,0.101774,0.100511,0.0995292,0.0988285,0.0984083,0.0982683,0.0984083
0.0971272,0.0969949,0.0971272,0.0975237,0.0981847,0.0991101,0.1003,0.101755,0.103475,0.105459,0.107708,0.110221,0.112997,0.116035,0.119333,0.122888,0.126697,0.130756,0.135058,0.139596,0.144363,0.149347,0.154537,0.159918,0.165473,0.171184,0.177029,0.182984,0.189024,0.195118,0.201238,0.20735,0.213422,0.21942,0.225309,0.231054,0.236623,0.241983,0.247104,0.251955,0.25651,0.260742,0.264625,0.268137,0.271254,0.273956,0.27622,0.278028,0.279361,0.280204,0.280542,0.280364,0.279665,0.27844,0.276691,0.274424,0.271651,0.268389,0.26466,0.26049,0.255913,0.250962,0.245678,0.240102,0.234277,0.228247,0.222057,0.215751,0.209372,0.20296,0.196554,0.19019,0.183901,0.177716,0.171663,0.165764,0.160042,0.154513,0.149194,0.144097,0.139233,0.13461,0.130237,0.126118,0.122258,0.11866,0.115327,0.11226,0.10946,0.106928,0.104664,0.102668,0.100939,0.0994765,0.098281,0.0973518,0.0966883,0.0962903,0.0961577,0.0962903
0.0950394,0.0949142,0.0950394,0.0954144,0.0960394,0.0969143,0.0980391,0.0994134,0.101037,0.10291,0.105031,0.107399,0.110012,0.11287,0.115969,0.119307,0.122879,0.12668,0.130704,0.134944,0.139391,0.144035,0.148864,0.153862,0.159016,0.164307,0.169714,0.175216,0.180788,0.186405,0.192039,0.197661,0.203241,0.208749,0.214153,0.219423,0.22453,0.229443,0.234134,0.238577,0.242745,0.246614,0.250162,0.253366,0.256205,0.25866,0.260712,0.262344,0.263539,0.264285,0.26457,0.264385,0.263725,0.262588,0.260977,0.258897,0.256361,0.253383,0.249982,0.246184,0.242016,0.237509,0.232697,0.227618,0.222308,0.216807,0.211155,0.205389,0.199548,0.193669,0.187786,0.181933,0.176138,0.170429,0.164832,0.159369,0.15406,0.148922,0.14397,0.139217,0.134675,0.130352,0.126256,0.122393,0.118768,0.115386,0.112249,0.10936,0.10672,0.10433,0.102191,0.100304,0.0986689,0.0972855,0.0961539,0.095274,0.0946455,0.0942685,0.0941429,0.0942685
0.0930585,0.0929401,0.0930585,0.0934135,0.094005,0.0948327,0.0958965,0.0971958,0.0987301,0.100499,0.1025,0.104734,0.107197,0.109888,0.112803,0.115939,0.119292,0.122857,0.126626,0.130592,0.134747,0.139079,0.143578,0.14823,0.153019,0.157929,0.162941,0.168034,0.173187,0.178375,0.183573,0.188755,0.193895,0.198965,0.203936,0.208781,0.213473,0.217985,0.222292,0.226368,0.23019,0.233735,0.236982,0.239911,0.242503,0.244739,0.246603,0.24808,0.249156,0.249819,0.25006,0.249872,0.249251,0.248196,0.24671,0.2448,0.242475,0.239749,0.236641,0.233172,0.229366,0.225251,0.220858,0.216218,0.211365,0.206333,0.201157,0.195872,0.190512,0.185109,0.179695,0.174299,0.168949,0.16367,0.158486,0.153418,0.148485,0.143703,0.139087,0.13465,0.130403,0.126355,0.122515,0.118889,0.115482,0.1123,0.109345,0.106621,0.104129,0.101872,0.0998503,0.0980655,0.0965179,0.0952081,0.0941361,0.0933023,0.0927067,0.0923493,0.0922302,0.0923493
0.0911906,0.0910784,0.0911906,0.091527,0.0920873,0.0928712,0.0938784,0.0951082,0.0965597,0.0982318,0.100123,0.102232,0.104556,0.107093,0.109839,0.112791,0.115943,0.11929,0.122826,0.126542,0.13043,0.13448,0.13868,0.143017,0.147477,0.152043,0.156699,0.161425,0.1662,0.171004,0.175812,0.180602,0.185348,0.190026,0.19461,0.199076,0.203398,0.207552,0.211514,0.215263,0.218775,0.222031,0.22501,0.227694,0.230066,0.232108,0.233807,0.235148,0.23612,0.236713,0.236918,0.23673,0.236147,0.235167,0.233795,0.232035,0.229899,0.227398,0.224549,0.221371,0.217885,0.214117,0.210094,0.205842,0.201393,0.196777,0.192024,0.187166,0.182233,0.177255,0.172259,0.167273,0.162323,0.157431,0.15262,0.147908,0.143316,0.138857,0.134547,0.130398,0.126421,0.122626,0.11902,0.115612,0.112406,0.109407,0.106621,0.104049,0.101695,0.0995605,0.0976477,0.0959578,0.0944916,0.0932501,0.0922336,0.0914427,0.0908776,0.0905385,0.0904255,0.0905385
0.089441,0.0893345,0.089441,0.0897602,0.0902917,0.0910353,0.0919904,0.093156,0.0945312,0.0961147,0.0979048,0.0998994,0.102096,0.104492,0.107083,0.109865,0.112834,0.115983,0.119306,0.122796,0.126442,0.130235,0.134165,0.138218,0.142382,0.146639,0.150976,0.155372,0.159811,0.16427,0.168731,0.17317,0.177566,0.181895,0.186134,0.190262,0.194254,0.198089,0.201746,0.205203,0.208439,0.211437,0.214178,0.216645,0.218822,0.220693,0.222246,0.223469,0.224351,0.224883,0.225059,0.224873,0.224325,0.223414,0.222143,0.220519,0.218551,0.216249,0.213629,0.210708,0.207505,0.204043,0.200345,0.196437,0.192344,0.188095,0.183717,0.179237,0.174684,0.170083,0.16546,0.16084,0.156247,0.151702,0.147225,0.142836,0.13855,0.134384,0.130351,0.126463,0.122732,0.119167,0.115776,0.112566,0.109544,0.106714,0.104082,0.10165,0.0994226,0.0974015,0.0955889,0.0939864,0.0925955,0.091417,0.0904519,0.0897007,0.0891638,0.0888416,0.0887342,0.0888416
0.0878146,0.0877134,0.0878146,0.088118,0.0886233,0.0893299,0.0902372,0.0913441,0.0926496,0.094152,0.0958495,0.0977397,0.0998201,0.102087,0.104538,0.107166,0.109969,0.112939,0.116069,0.119353,0.122781,0.126344,0.130031,0.133829,0.137727,0.141708,0.145759,0.149862,0.154,0.158154,0.162305,0.166432,0.170516,0.174536,0.17847,0.182297,0.185998,0.18955,0.192935,0.196133,0.199125,0.201895,0.204425,0.206699,0.208704,0.210425,0.211851,0.21297,0.213773,0.214254,0.214405,0.214223,0.213708,0.212859,0.211679,0.210176,0.208355,0.20623,0.203812,0.201117,0.198164,0.194971,0.191559,0.187953,0.184175,0.180249,0.176201,0.172055,0.167837,0.16357,0.159279,0.154985,0.15071,0.146474,0.142297,0.138195,0.134185,0.130282,0.126499,0.122847,0.119338,0.115981,0.112784,0.109755,0.1069,0.104224,0.101733,0.0994291,0.0973172,0.0953996,0.0936787,0.0921565,0.0908344,0.0897139,0.0887958,0.0880811,0.0875701,0.0872634,0.0871611,0.0872634
0.0863159,0.0862194,0.0863159,0.086605,0.0870863,0.0877593,0.0886232,0.0896769,0.090919,0.0923478,0.0939614,0.0957571,0.0977322,0.0998832,0.102206,0.104696,0.107349,0.110157,0.113115,0.116215,0.119447,0.122804,0.126273,0.129844,0.133504,0.13724,0.141037,0.144879,0.148751,0.152634,0.156511,0.160363,0.164172,0.167918,0.171583,0.175145,0.178587,0.18189,0.185035,0.188004,0.190781,0.19335,0.195694,0.1978,0.199653,0.201243,0.202557,0.203586,0.204322,0.204758,0.204889,0.204712,0.204226,0.203433,0.202335,0.200937,0.199248,0.197277,0.195037,0.192541,0.189805,0.186848,0.183688,0.180346,0.176843,0.173201,0.169444,0.165592,0.161669,0.157697,0.153698,0.149692,0.145699,0.141738,0.137826,0.133981,0.130217,0.126549,0.122989,0.119549,0.11624,0.11307,0.110048,0.107182,0.104478,0.101941,0.0995771,0.0973898,0.0953827,0.0935591,0.0919216,0.0904722,0.0892129,0.0881451,0.0872699,0.0865883,0.086101,0.0858084,0.0857109,0.0858084
0.0849488,0.0848566,0.0849488,0.0852249,0.0856847,0.0863274,0.0871522,0.088158,0.0893431,0.0907059,0.092244,0.0939549,0.0958356,0.0978824,0.100091,0.102458,0.104976,0.10764,0.110444,0.11338,0.116438,0.119611,0.122888,0.126258,0.129708,0.133227,0.1368,0.140412,0.144049,0.147694,0.15133,0.154941,0.158508,0.162014,0.165441,0.168771,0.171987,0.175071,0.178005,0.180775,0.183363,0.185755,0.187937,0.189895,0.191617,0.193091,0.194308,0.19526,0.195937,0.196335,0.19645,0.196278,0.19582,0.195075,0.194048,0.192744,0.19117,0.189334,0.187249,0.184926,0.182381,0.179629,0.176688,0.173577,0.170314,0.16692,0.163416,0.159821,0.156157,0.152443,0.1487,0.144947,0.141202,0.137483,0.133807,0.130189,0.126643,0.123183,0.119822,0.11657,0.113438,0.110435,0.10757,0.10485,0.102281,0.0998686,0.0976189,0.0955357,0.0936229,0.0918839,0.0903214,0.0889377,0.0877349,0.0867146,0.0858781,0.0852264,0.0847604,0.0844806,0.0843873,0.0844806
0.0837167,0.0836283,0.0837167,0.0839813,0.0844219,0.0850377,0.0858277,0.0867907,0.0879252,0.0892292,0.0907003,0.0923359,0.0941327,0.0960872,0.0981951,0.100452,0.102852,0.105389,0.108056,0.110847,0.113753,0.116764,0.119872,0.123065,0.126332,0.12966,0.133037,0.136448,0.13988,0.143317,0.146743,0.150143,0.1535,0.156797,0.160018,0.163146,0.166165,0.169058,0.17181,0.174405,0.17683,0.179069,0.181109,0.182939,0.184547,0.185922,0.187056,0.18794,0.188568,0.188934,0.189035,0.188868,0.188434,0.187733,0.186768,0.185545,0.184071,0.182353,0.180401,0.178229,0.175848,0.173274,0.170523,0.167611,0.164556,0.161377,0.158092,0.15472,0.15128,0.147791,0.144271,0.140739,0.13721,0.133703,0.130232,0.126812,0.123457,0.120181,0.116994,0.113908,0.110933,0.108078,0.105351,0.102759,0.10031,0.0980087,0.0958604,0.0938699,0.092041,0.0903771,0.0888814,0.0875562,0.0864038,0.0854258,0.0846238,0.0839988,0.0835519,0.0832834,0.0831939,0.0832834
0.0826227,0.0825377,0.0826227,0.0828772,0.0833009,0.083893,0.0846525,0.0855781,0.0866681,0.0879205,0.0893328,0.0909024,0.0926259,0.0944995,0.0965191,0.0986797,0.100976,0.103402,0.105951,0.108616,0.111389,0.11426,0.117221,0.12026,0.123368,0.126532,0.129739,0.132977,0.136232,0.139489,0.142735,0.145953,0.149128,0.152245,0.155289,0.158243,0.161092,0.163822,0.166416,0.168862,0.171146,0.173253,0.175173,0.176893,0.178403,0.179693,0.180756,0.181582,0.182168,0.182507,0.182596,0.182435,0.182022,0.181358,0.180448,0.179295,0.177906,0.176289,0.174452,0.172408,0.170168,0.167747,0.165157,0.162416,0.15954,0.156544,0.153448,0.150267,0.14702,0.143724,0.140397,0.137054,0.133713,0.130388,0.127094,0.123847,0.120658,0.11754,0.114505,0.111563,0.108725,0.105998,0.103392,0.100913,0.0985682,0.0963636,0.0943042,0.0923948,0.0906394,0.0890416,0.0876045,0.0863307,0.0852225,0.0842818,0.0835102,0.0829087,0.0824785,0.0822201,0.0821339,0.0822201
0.0816694,0.0815874,0.0816694,0.0819153,0.0823244,0.082896,0.0836292,0.0845224,0.085574,0.086782,0.0881437,0.0896564,0.0913167,0.0931209,0.0950645,0.0971428,0.0993504,0.101681,0.104129,0.106686,0.109345,0.112096,0.114931,0.11784,0.120812,0.123835,0.126898,0.129988,0.133093,0.136198,0.139289,0.142353,0.145375,0.148339,0.151232,0.154039,0.156744,0.159335,0.161797,0.164116,0.16628,0.168277,0.170094,0.171721,0.173148,0.174367,0.175369,0.176148,0.176698,0.177015,0.177095,0.176938,0.176543,0.175912,0.175048,0.173954,0.172637,0.171105,0.169366,0.16743,0.16531,0.163016,0.160564,0.157967,0.155241,0.152401,0.149464,0.146445,0.143361,0.140229,0.137064,0.133883,0.1307,0.12753,0.124388,0.121287,0.118239,0.115257,0.112352,0.109534,0.106812,0.104196,0.101693,0.0993111,0.0970564,0.0949349,0.0929521,0.0911126,0.0894206,0.0878797,0.0864932,0.0852638,0.0841938,0.0832853,0.0825398,0.0819587,0.0815429,0.0812932,0.0812099,0.0812932
0.0808592,0.0807795,0.0808592,0.0810976,0.0814944,0.0820489,0.0827598,0.0836258,0.0846451,0.0858156,0.0871348,0.0885996,0.0902068,0.0919525,0.0938323,0.0958415,0.0979746,0.100226,0.102588,0.105055,0.107618,0.110269,0.113,0.115799,0.118657,0.121564,0.124507,0.127474,0.130453,0.133431,0.136395,0.139331,0.142224,0.145062,0.14783,0.150514,0.153101,0.155576,0.157928,0.160142,0.162207,0.164111,0.165843,0.167394,0.168753,0.169913,0.170865,0.171604,0.172125,0.172424,0.172497,0.172344,0.171964,0.17136,0.170533,0.169489,0.168233,0.166771,0.165112,0.163266,0.161244,0.159057,0.156718,0.15424,0.151639,0.148927,0.146122,0.143237,0.140289,0.137292,0.134263,0.131215,0.128165,0.125124,0.122108,0.119129,0.1162,0.113331,0.110534,0.107819,0.105195,0.102671,0.100256,0.0979547,0.0957756,0.0937241,0.0918057,0.090025,0.0883863,0.0868934,0.0855495,0.0843575,0.0833198,0.0824384,0.0817151,0.0811511,0.0807475,0.0805051,0.0804243,0.0805051
0.0801937,0.0801161,0.0801937,0.0804262,0.080813,0.0813533,0.0820462,0.08289,0.083883,0.085023,0.0863074,0.0877333,0.0892973,0.0909954,0.0928234,0.0947763,0.0968489,0.0990351,0.101328,0.103722,0.106208,0.108778,0.111423,0.114134,0.116901,0.119713,0.122559,0.125427,0.128305,0.131181,0.134041,0.136874,0.139664,0.1424,0.145067,0.147653,0.150143,0.152526,0.154789,0.156918,0.158904,0.160734,0.162398,0.163887,0.165191,0.166303,0.167216,0.167924,0.168421,0.168705,0.168773,0.168623,0.168256,0.167673,0.166877,0.165873,0.164665,0.163259,0.161666,0.159892,0.157948,0.155847,0.153599,0.151217,0.148715,0.146107,0.143408,0.140631,0.137791,0.134904,0.131984,0.129044,0.1261,0.123164,0.120249,0.117369,0.114535,0.111758,0.109049,0.106418,0.103873,0.101425,0.0990792,0.0968444,0.0947267,0.0927322,0.0908661,0.0891333,0.0875381,0.0860843,0.0847752,0.0836137,0.0826023,0.0817431,0.0810378,0.0804878,0.0800942,0.0798577,0.0797789,0.0798577
0.0796746,0.0795986,0.0796746,0.0799024,0.0802814,0.0808109,0.0814897,0.0823163,0.0832889,0.0844052,0.0856628,0.0870585,0.088589,0.0902503,0.0920381,0.0939476,0.0959733,0.0981094,0.100349,0.102686,0.105113,0.10762,0.1102,0.112843,0.115539,0.118278,0.121049,0.123841,0.126641,0.129438,0.13222,0.134972,0.137684,0.140341,0.142931,0.145441,0.147858,0.15017,0.152364,0.154429,0.156353,0.158126,0.159738,0.16118,0.162442,0.163518,0.1644,0.165083,0.165563,0.165836,0.165899,0.165752,0.165395,0.164829,0.164057,0.163083,0.161912,0.16055,0.159006,0.157287,0.155404,0.153368,0.151189,0.148881,0.146456,0.143927,0.141309,0.138615,0.135859,0.133056,0.130219,0.127362,0.1245,0.121644,0.118808,0.116004,0.113243,0.110537,0.107896,0.105329,0.102846,0.100455,0.0981642,0.0959805,0.0939104,0.0919599,0.0901344,0.0884387,0.0868773,0.0854538,0.0841716,0.0830338,0.0820428,0.0812007,0.0805094,0.0799703,0.0795845,0.0793526,0.0792753,0.0793526
0.079303,0.0792281,0.079303,0.0795275,0.079901,0.0804227,0.0810914,0.0819058,0.0828638,0.0839633,0.0852017,0.086576,0.0880826,0.0897177,0.0914769,0.0933555,0.0953479,0.0974484,0.0996505,0.101947,0.104331,0.106794,0.109327,0.111922,0.114568,0.117256,0.119974,0.122711,0.125456,0.128198,0.130923,0.13362,0.136275,0.138877,0.141412,0.143868,0.146233,0.148495,0.150641,0.15266,0.154541,0.156274,0.157849,0.159257,0.160489,0.16154,0.1624,0.163067,0.163534,0.163799,0.16386,0.163715,0.163364,0.16281,0.162055,0.161102,0.159957,0.158626,0.157117,0.155437,0.153597,0.151607,0.149478,0.147221,0.14485,0.142378,0.139817,0.137181,0.134484,0.13174,0.128962,0.126165,0.12336,0.120561,0.117781,0.11503,0.112322,0.109666,0.107073,0.104552,0.102112,0.0997628,0.0975107,0.0953632,0.093327,0.0914079,0.0896113,0.087942,0.0864046,0.0850027,0.0837397,0.0826188,0.0816423,0.0808125,0.0801312,0.0795999,0.0792195,0.078991,0.0789148,0.078991
0.0790797,0.0790054,0.0790797,0.0793022,0.0796724,0.0801894,0.0808522,0.0816592,0.0826085,0.0836979,0.0849248,0.0862862,0.0877786,0.089398,0.0911401,0.0930002,0.0949727,0.0970519,0.0992313,0.101504,0.103863,0.106299,0.108805,0.11137,0.113987,0.116643,0.119329,0.122035,0.124747,0.127455,0.130147,0.13281,0.135432,0.138001,0.140504,0.142928,0.145262,0.147493,0.14961,0.151602,0.153457,0.155166,0.156719,0.158107,0.159323,0.160357,0.161205,0.161862,0.162322,0.162582,0.162641,0.162497,0.162151,0.161604,0.160858,0.159918,0.158789,0.157476,0.155988,0.154332,0.152517,0.150554,0.148454,0.146229,0.14389,0.141451,0.138924,0.136323,0.133661,0.130953,0.12821,0.125447,0.122677,0.119912,0.117165,0.114447,0.11177,0.109144,0.106579,0.104086,0.101672,0.0993475,0.0971186,0.0949928,0.0929768,0.0910765,0.0892972,0.0876438,0.0861207,0.0847317,0.0834803,0.0823695,0.0814017,0.0805793,0.079904,0.0793772,0.0790002,0.0787737,0.0786981,0.0787737
0.0790052,0.0789312,0.0790052,0.0792271,0.0795961,0.0801116,0.0807724,0.0815769,0.0825233,0.0836094,0.0848325,0.0861896,0.0876772,0.0892914,0.0910279,0.0928817,0.0948476,0.0969197,0.0990916,0.101356,0.103706,0.106134,0.10863,0.111186,0.113793,0.116439,0.119115,0.121809,0.124511,0.127208,0.129889,0.132541,0.135152,0.137709,0.140201,0.142615,0.144938,0.14716,0.149267,0.15125,0.153097,0.154798,0.156344,0.157725,0.158934,0.159964,0.160808,0.161461,0.161918,0.162177,0.162235,0.162092,0.161747,0.161202,0.16046,0.159525,0.1584,0.157094,0.155612,0.153964,0.152158,0.150204,0.148114,0.145899,0.14357,0.141142,0.138627,0.136037,0.133387,0.13069,0.12796,0.125209,0.12245,0.119696,0.11696,0.114253,0.111586,0.10897,0.106415,0.10393,0.101526,0.099209,0.0969878,0.0948694,0.0928601,0.090966,0.0891925,0.0875444,0.086026,0.0846414,0.0833938,0.0822863,0.0813215,0.0805015,0.0798282,0.079303,0.0789271,0.0787012,0.0786259,0.0787012
0,0.0790054,0.0790797,0.0793022,0.0796724,0.0801894,0.0808522,0.0816592,0.0826085,0.0836979,0.0849248,0.0862862,0.0877786,0.089398,0.0911401,0.0930002,0.0949727,0.0970519,0.0992313,0.101504,0.103863,0.106299,0.108805,0.11137,0.113987,0.116643,0.119329,0.122035,0.124747,0.127455,0.130147,0.13281,0.135432,0.138001,0.140504,0.142928,0.145262,0.147493,0.14961,0.151602,0.153457,0.155166,0.156719,0.158107,0.159323,0.160357,0.161205,0.161862,0.162322,0.162582,0.162641,0.162497,0.162151,0.161604,0.160858,0.159918,0.158789,0.157476,0.155988,0.154332,0.152517,0.150554,0.148454,0.146229,0.14389,0.141451,0.138924,0.136323,0.133661,0.130953,0.12821,0.125447,0.122677,0.119912,0.117165,0.114447,0.11177,0.109144,0.106579,0.104086,0.101672,0.0993475,0.0971186,0.0949928,0.0929768,0.0910765,0.0892972,0.0876438,0.0861207,0.0847317,0.0834803,0.0823695,0.0814017,0.0805793,0.079904,0.0793772,0.0790002,0.0787737,0.0786981,0
