0,0.807279,0.807495,0.808138,0.809193,0.810664,0.812593,0.815045,0.818087,0.821777,0.826159,0.831273,0.837157,0.843838,0.851337,0.85968,0.868903,0.878959,0.889735,0.901343,0.911575,0.905938,0.903933,0.904513,0.908213,0.91712,0.914252,0.9184,0.909844,0.904072,0.899808,0.896767,0.894756,0.89351,0.892649,0.887937,0.884031,0.881253,0.876209,0.876859,0.858214,0.84604,0.837428,0.831564,0.828165,0.82698,0.826776,0.820131,0.814406,0.810737,0.809186,0.809586,0.811537,0.814074,0.8154,0.817419,0.820989,0.825243,0.822676,0.82036,0.818826,0.817488,0.816523,0.816087,0.816185,0.816787,0.817915,0.819553,0.82145,0.822744,0.82172,0.820068,0.818716,0.818016,0.818038,0.818747,0.820136,0.822266,0.825484,0.83109,0.843096,0.828975,0.821552,0.816851,0.812852,0.807282,0.801755,0.797113,0.79365,0.791463,0.790615,0.791202,0.793397,0.797513,0.804145,0.81466,0.833323,0.825715,0.826381,0
0.806958,0.806745,0.806958,0.807597,0.808656,0.810145,0.8121,0.814581,0.817648,0.821357,0.825754,0.830882,0.836774,0.843459,0.85096,0.859296,0.868467,0.87839,0.888814,0.89906,0.90642,0.905168,0.904068,0.904932,0.908326,0.913645,0.913726,0.914466,0.909052,0.903757,0.899522,0.8964,0.894222,0.892649,0.891024,0.887815,0.886023,0.889872,0.878208,0.872183,0.858435,0.846733,0.837996,0.831957,0.828255,0.826274,0.824421,0.81939,0.814403,0.810924,0.809327,0.809513,0.811056,0.813142,0.814873,0.817059,0.820039,0.822638,0.821553,0.819739,0.8182,0.81692,0.816013,0.815592,0.815684,0.816278,0.817358,0.818831,0.820366,0.821245,0.820637,0.819373,0.818224,0.817597,0.817632,0.818356,0.819801,0.822084,0.825514,0.830521,0.835916,0.828492,0.821624,0.816407,0.811797,0.806567,0.801384,0.796925,0.793547,0.791414,0.790629,0.791316,0.793679,0.798056,0.804978,0.815043,0.827369,0.829309,0.839962,0.829309
0.807495,0.807279,0.807495,0.808138,0.809193,0.810664,0.812593,0.815045,0.818087,0.821777,0.826159,0.831273,0.837157,0.843838,0.851337,0.85968,0.868903,0.878959,0.889735,0.901343,0.911575,0.905938,0.903933,0.904513,0.908213,0.91712,0.914252,0.9184,0.909844,0.904072,0.899808,0.896767,0.894756,0.89351,0.892649,0.887937,0.884031,0.881253,0.876209,0.876859,0.858214,0.84604,0.837428,0.831564,0.828165,0.82698,0.826776,0.820131,0.814406,0.810737,0.809186,0.809586,0.811537,0.814074,0.8154,0.817419,0.820989,0.825243,0.822676,0.82036,0.818826,0.817488,0.816523,0.816087,0.816185,0.816787,0.817915,0.819553,0.82145,0.822744,0.82172,0.820068,0.818716,0.818016,0.818038,0.818747,0.820136,0.822266,0.825484,0.83109,0.843096,0.828975,0.821552,0.816851,0.812852,0.807282,0.801755,0.797113,0.79365,0.791463,0.790615,0.791202,0.793397,0.797513,0.804145,0.81466,0.833323,0.825715,0.826381,0.825715
0.80911,0.808883,0.80911,0.809773,0.810824,0.812238,0.814078,0.81644,0.819407,0.823038,0.827373,0.832448,0.838307,0.844977,0.85246,0.860791,0.870132,0.880453,0.891489,0.90669,0.906671,0.904775,0.902903,0.902669,0.904596,0.908188,0.909474,0.911257,0.909558,0.904572,0.900557,0.897783,0.896202,0.895659,0.899798,0.888916,0.882567,0.876548,0.870156,0.86399,0.853126,0.843367,0.835678,0.830259,0.82741,0.828247,0.837118,0.821481,0.813872,0.809943,0.808601,0.809616,0.812944,0.817732,0.816753,0.817748,0.822784,0.836202,0.82508,0.821724,0.820776,0.8192,0.81802,0.817563,0.817696,0.818285,0.819478,0.821536,0.824658,0.828087,0.824955,0.821981,0.82007,0.819229,0.819271,0.819973,0.821247,0.822881,0.824594,0.826799,0.828934,0.824294,0.820277,0.818105,0.816979,0.809444,0.802722,0.797592,0.793939,0.791633,0.790625,0.790937,0.792658,0.795927,0.800913,0.807637,0.815006,0.815373,0.815663,0.815373
0.811797,0.811536,0.811797,0.812531,0.813602,0.814902,0.816561,0.818752,0.821592,0.825133,0.829391,0.834394,0.840212,0.846881,0.85433,0.8625,0.872009,0.882881,0.890746,0.899797,0.905343,0.905283,0.901927,0.900355,0.901006,0.903264,0.905903,0.909302,0.914261,0.905796,0.901754,0.899286,0.898287,0.894804,0.892341,0.887024,0.882425,0.873858,0.865506,0.857436,0.848527,0.840199,0.833221,0.827933,0.824515,0.823027,0.82263,0.816335,0.811174,0.808071,0.807168,0.808839,0.814407,0.82868,0.817652,0.815557,0.817727,0.822072,0.82125,0.822208,0.824878,0.822038,0.820314,0.819965,0.820268,0.820695,0.821696,0.823979,0.829086,0.841528,0.829559,0.824353,0.821873,0.821076,0.821359,0.822147,0.823518,0.82494,0.82474,0.824108,0.823081,0.820513,0.818676,0.819826,0.829025,0.812289,0.803581,0.798064,0.794346,0.791967,0.790772,0.790724,0.791832,0.794093,0.797421,0.80146,0.805196,0.806617,0.807033,0.806617
0.815526,0.815175,0.815526,0.816469,0.817668,0.818726,0.820036,0.821944,0.824609,0.82805,0.832214,0.837082,0.842836,0.84959,0.857075,0.864484,0.874155,0.889968,0.890484,0.898093,0.911315,0.910781,0.900857,0.897504,0.897496,0.899652,0.903268,0.907492,0.907309,0.904292,0.903066,0.901005,0.904539,0.894605,0.88941,0.886076,0.887902,0.872589,0.862191,0.853326,0.844934,0.837252,0.830632,0.825282,0.82123,0.818252,0.815575,0.811576,0.807933,0.805503,0.804665,0.80567,0.808682,0.812934,0.811142,0.810618,0.812016,0.814639,0.817166,0.822508,0.836024,0.825288,0.822754,0.823236,0.824239,0.824052,0.824156,0.825126,0.827719,0.831421,0.828938,0.825524,0.823516,0.823363,0.824464,0.825259,0.827263,0.830147,0.826844,0.823338,0.820291,0.817519,0.815602,0.815015,0.815114,0.808605,0.80273,0.798212,0.79488,0.792576,0.791229,0.790815,0.791313,0.792658,0.794691,0.797068,0.799188,0.800356,0.800724,0.800356
0.820182,0.81963,0.820182,0.821674,0.823401,0.823826,0.824442,0.825914,0.828388,0.83179,0.835887,0.84045,0.846036,0.853155,0.861499,0.865821,0.871793,0.879635,0.884794,0.89246,0.905035,0.899495,0.894901,0.892991,0.893502,0.896265,0.901719,0.911788,0.904891,0.902689,0.906907,0.898815,0.896122,0.891343,0.886282,0.881626,0.877152,0.868036,0.858957,0.850337,0.842213,0.834805,0.828326,0.822874,0.818404,0.814702,0.811366,0.807973,0.804985,0.802845,0.801818,0.801996,0.803222,0.804747,0.804871,0.805265,0.806588,0.808816,0.811786,0.816164,0.821734,0.821869,0.823704,0.827515,0.83093,0.828648,0.82728,0.826178,0.826777,0.82904,0.830785,0.826819,0.82483,0.825919,0.829403,0.828689,0.831661,0.843081,0.83068,0.823633,0.818742,0.815183,0.812704,0.811026,0.809315,0.80578,0.802005,0.798646,0.795853,0.79369,0.792212,0.791453,0.791405,0.791998,0.793083,0.794402,0.795607,0.796372,0.796628,0.796372
0.825428,0.824506,0.825428,0.828178,0.831974,0.830271,0.829533,0.830422,0.832787,0.836389,0.840654,0.844364,0.849283,0.857089,0.871557,0.867129,0.869194,0.873629,0.878255,0.883587,0.88889,0.888945,0.887937,0.887729,0.888929,0.891865,0.897243,0.907192,0.899473,0.896358,0.895665,0.892909,0.891471,0.89003,0.884408,0.878646,0.872684,0.86507,0.856872,0.848442,0.840349,0.832989,0.826541,0.821023,0.816336,0.812305,0.808727,0.805472,0.802688,0.800572,0.799257,0.798766,0.798957,0.799458,0.799826,0.800482,0.801755,0.803753,0.806506,0.810144,0.814406,0.818277,0.824207,0.833726,0.844863,0.833866,0.83167,0.827064,0.825702,0.828714,0.839881,0.82767,0.824595,0.82761,0.840075,0.829969,0.82915,0.832364,0.830701,0.823296,0.817376,0.813272,0.810507,0.808567,0.806837,0.804684,0.802344,0.799988,0.797666,0.795583,0.793938,0.792841,0.792315,0.792308,0.792703,0.793317,0.793935,0.794365,0.794516,0.794365
0.830389,0.829071,0.830389,0.835179,0.847601,0.837301,0.834545,0.835005,0.837505,0.841886,0.847548,0.848646,0.851232,0.855962,0.862002,0.863566,0.865849,0.869066,0.872653,0.876398,0.879655,0.881125,0.881833,0.882723,0.884283,0.886693,0.889876,0.892963,0.891136,0.889282,0.888165,0.887356,0.888493,0.894565,0.884331,0.877511,0.871502,0.864306,0.856623,0.847795,0.839325,0.831818,0.825369,0.819872,0.815137,0.810973,0.807272,0.804002,0.801218,0.798988,0.797361,0.796343,0.795867,0.795788,0.795982,0.796567,0.797688,0.799428,0.801841,0.805002,0.808982,0.814146,0.822652,0.839867,0.834022,0.83183,0.840015,0.826238,0.821784,0.82177,0.823877,0.820917,0.819795,0.821385,0.824899,0.823499,0.824143,0.828063,0.838002,0.822998,0.815702,0.811527,0.808984,0.80739,0.806272,0.805259,0.804181,0.802772,0.80071,0.798507,0.79658,0.795121,0.794167,0.793679,0.793564,0.793693,0.793916,0.794103,0.794173,0.794103
0.833427,0.832543,0.833427,0.836108,0.839907,0.838351,0.837898,0.839106,0.841907,0.847675,0.860591,0.853027,0.852627,0.855126,0.858536,0.8609,0.86319,0.865758,0.868528,0.871336,0.873854,0.875715,0.877199,0.878701,0.880444,0.882407,0.884272,0.88532,0.884495,0.883134,0.882021,0.881518,0.882244,0.884132,0.882496,0.877206,0.87314,0.865645,0.859121,0.848374,0.838907,0.831141,0.824788,0.819491,0.814887,0.81069,0.806891,0.803546,0.800685,0.798291,0.796341,0.794859,0.793861,0.793325,0.793226,0.793596,0.794482,0.795914,0.797915,0.800535,0.803874,0.808182,0.813917,0.820587,0.821074,0.820961,0.821887,0.817621,0.814947,0.814228,0.814465,0.813845,0.813799,0.814757,0.816165,0.816508,0.817384,0.819275,0.821177,0.816514,0.812416,0.809648,0.808007,0.807229,0.807091,0.807387,0.807835,0.80769,0.805375,0.802627,0.800226,0.798361,0.797019,0.796141,0.795647,0.795438,0.795398,0.795421,0.795436,0.795421
0.836223,0.835799,0.836223,0.83748,0.839136,0.839864,0.841154,0.843183,0.844912,0.847902,0.852156,0.851837,0.852716,0.854978,0.857723,0.859916,0.861868,0.863866,0.86599,0.868194,0.870345,0.872321,0.87419,0.876081,0.878033,0.879872,0.88114,0.881207,0.880045,0.878394,0.876917,0.876102,0.876486,0.878877,0.885968,0.877318,0.87984,0.867635,0.867449,0.849261,0.838356,0.830605,0.824691,0.819947,0.815751,0.811523,0.807559,0.804104,0.801178,0.798637,0.796334,0.794368,0.792869,0.791901,0.791475,0.791583,0.792206,0.793307,0.794852,0.796832,0.799291,0.802288,0.805757,0.809013,0.810247,0.810574,0.810472,0.808927,0.807663,0.807235,0.807415,0.807706,0.808304,0.809186,0.810003,0.810494,0.811123,0.81199,0.812434,0.810974,0.8093,0.808137,0.807658,0.807919,0.808967,0.810855,0.813574,0.81627,0.811962,0.807883,0.804811,0.802553,0.80088,0.799686,0.798914,0.798483,0.798286,0.798215,0.798198,0.798215
0.839747,0.839762,0.839747,0.840017,0.840859,0.842382,0.845241,0.849135,0.848237,0.848448,0.849885,0.851043,0.853015,0.855944,0.859065,0.860781,0.862113,0.863465,0.864991,0.866729,0.86864,0.870667,0.872796,0.875042,0.877378,0.879557,0.880859,0.879975,0.877733,0.875123,0.872795,0.871127,0.870361,0.870569,0.871204,0.8679,0.865366,0.859228,0.853979,0.844454,0.836216,0.829784,0.824966,0.821384,0.818171,0.813606,0.809225,0.805632,0.802777,0.800232,0.797473,0.794889,0.792821,0.791407,0.790659,0.790526,0.790922,0.79173,0.792827,0.794129,0.795651,0.797411,0.799303,0.800957,0.80183,0.802116,0.802,0.801446,0.801038,0.801128,0.801746,0.802751,0.804019,0.805176,0.805666,0.805837,0.806123,0.806629,0.807096,0.807145,0.807169,0.807436,0.808062,0.809316,0.811496,0.81499,0.820842,0.833364,0.819821,0.813623,0.810072,0.80764,0.805739,0.804288,0.803313,0.802768,0.802522,0.802427,0.802401,0.802427
0.844554,0.845318,0.844554,0.843551,0.843472,0.845138,0.849873,0.861464,0.852036,0.849354,0.849482,0.851026,0.853952,0.858318,0.86342,0.863638,0.863951,0.864506,0.8654,0.866712,0.868446,0.87054,0.872918,0.875549,0.878524,0.881766,0.884413,0.881748,0.877432,0.87321,0.869645,0.866881,0.864891,0.863464,0.862011,0.859338,0.856113,0.851539,0.846381,0.83994,0.833834,0.828898,0.825547,0.823984,0.823472,0.817023,0.811611,0.807922,0.805563,0.80353,0.799921,0.796373,0.793593,0.791719,0.790697,0.790408,0.790692,0.791335,0.792066,0.792678,0.793246,0.793879,0.794569,0.795165,0.795483,0.795546,0.795447,0.795302,0.795395,0.795973,0.797172,0.799015,0.801331,0.803321,0.803133,0.802555,0.80239,0.802798,0.803664,0.804833,0.806285,0.807866,0.80933,0.81128,0.814212,0.818275,0.822959,0.825993,0.821851,0.81822,0.815709,0.81369,0.811635,0.8099,0.808766,0.808236,0.808091,0.80805,0.808036,0.80805
0.851176,0.853977,0.851176,0.847737,0.845915,0.846403,0.849238,0.853129,0.850681,0.849038,0.849248,0.851218,0.855044,0.861561,0.874274,0.868016,0.867162,0.866826,0.867008,0.867896,0.869515,0.871758,0.874422,0.877352,0.881049,0.88622,0.894935,0.886822,0.878681,0.872273,0.867324,0.863484,0.860477,0.858003,0.855649,0.852936,0.849811,0.846027,0.841649,0.83666,0.83184,0.827977,0.825883,0.827071,0.836246,0.820926,0.813788,0.81039,0.809525,0.809902,0.803797,0.798572,0.794932,0.79265,0.79147,0.791183,0.791573,0.792318,0.792894,0.79274,0.792247,0.791761,0.791398,0.791123,0.790862,0.790607,0.790412,0.79039,0.790735,0.791668,0.793427,0.796281,0.800448,0.805128,0.802474,0.800342,0.799566,0.799989,0.801415,0.803723,0.806762,0.809904,0.811608,0.813762,0.817302,0.822453,0.828248,0.827327,0.824891,0.823208,0.822363,0.82128,0.818713,0.816408,0.815109,0.814813,0.815048,0.815141,0.815136,0.815141
0.860027,0.869831,0.860027,0.851888,0.847628,0.846901,0.849134,0.852727,0.850111,0.848454,0.848842,0.851146,0.855042,0.860219,0.866446,0.868615,0.871475,0.870251,0.869533,0.869974,0.871588,0.874186,0.877298,0.880031,0.883748,0.88879,0.891127,0.893587,0.879841,0.871511,0.865516,0.860871,0.857141,0.854027,0.851247,0.848541,0.845759,0.842692,0.839103,0.834775,0.830443,0.826832,0.824481,0.823715,0.823905,0.818181,0.813742,0.811835,0.813753,0.824264,0.808288,0.800672,0.796392,0.793954,0.792819,0.792749,0.79357,0.794938,0.795923,0.794609,0.79271,0.790984,0.789602,0.788531,0.787698,0.787068,0.786664,0.786572,0.786945,0.787999,0.790051,0.793706,0.80053,0.815756,0.802776,0.798248,0.797019,0.797654,0.799762,0.803365,0.808626,0.814878,0.814934,0.816364,0.820291,0.82751,0.841788,0.831705,0.828705,0.828883,0.830777,0.831874,0.827042,0.823421,0.821956,0.822366,0.823654,0.823837,0.823734,0.823837
0.868817,0.866238,0.868817,0.853753,0.84739,0.846022,0.849255,0.860125,0.850171,0.84741,0.848107,0.851072,0.855359,0.859435,0.864296,0.870146,0.881505,0.874797,0.872524,0.872507,0.87431,0.877737,0.882194,0.883375,0.886776,0.895729,0.888866,0.884977,0.877234,0.870046,0.863979,0.858954,0.854793,0.851316,0.848364,0.845811,0.843572,0.841456,0.838865,0.834454,0.829876,0.825974,0.823032,0.820943,0.819014,0.815677,0.812681,0.810967,0.810906,0.811732,0.805923,0.800926,0.79749,0.795431,0.794575,0.794897,0.796492,0.799418,0.802727,0.798535,0.79447,0.791327,0.788957,0.787159,0.785786,0.784756,0.784056,0.78374,0.783928,0.784785,0.786528,0.789425,0.793689,0.798525,0.796107,0.794327,0.794079,0.795318,0.79809,0.802831,0.810994,0.827554,0.818392,0.817978,0.821506,0.827039,0.831808,0.830541,0.830876,0.834374,0.841529,0.849937,0.835692,0.829803,0.828449,0.830564,0.834891,0.834344,0.83365,0.834344
0.855882,0.8591,0.855882,0.848512,0.843738,0.842123,0.843326,0.846245,0.844626,0.844492,0.846687,0.851265,0.857487,0.859473,0.862773,0.867796,0.874223,0.876544,0.874894,0.874851,0.877043,0.8819,0.89202,0.886153,0.885911,0.887579,0.885295,0.881878,0.875715,0.869086,0.863019,0.85778,0.853359,0.849675,0.846668,0.84435,0.84284,0.842269,0.842014,0.835861,0.830182,0.825701,0.822265,0.819544,0.817061,0.814352,0.811855,0.809958,0.808683,0.807349,0.804245,0.80111,0.798696,0.797181,0.796629,0.79725,0.799562,0.804997,0.81852,0.803817,0.796778,0.792362,0.789199,0.786816,0.784983,0.783565,0.78251,0.781852,0.781687,0.782134,0.783303,0.785234,0.78774,0.790022,0.790267,0.790338,0.791115,0.792915,0.795921,0.800359,0.806463,0.813595,0.814615,0.817163,0.822235,0.828864,0.829402,0.829312,0.831423,0.837754,0.852588,0.845337,0.837535,0.833184,0.833008,0.838087,0.852551,0.846545,0.843723,0.846545
0.848696,0.859999,0.848696,0.842258,0.838501,0.836979,0.837255,0.838483,0.839172,0.840823,0.844467,0.851406,0.865452,0.859804,0.86114,0.865666,0.872681,0.883901,0.877295,0.876599,0.878753,0.88245,0.885759,0.884964,0.884796,0.885043,0.884515,0.883176,0.876301,0.869193,0.862846,0.857394,0.852785,0.848948,0.845866,0.843662,0.842746,0.844342,0.852635,0.838358,0.830842,0.825925,0.82232,0.819436,0.81686,0.814335,0.811943,0.809838,0.808024,0.806238,0.804096,0.802065,0.800486,0.79945,0.798991,0.799391,0.800995,0.803983,0.807349,0.802923,0.797938,0.793612,0.790121,0.787379,0.785215,0.783459,0.782011,0.780913,0.780274,0.780203,0.78076,0.781913,0.78347,0.78501,0.786058,0.787101,0.788587,0.79077,0.793786,0.797698,0.802394,0.807251,0.810816,0.815332,0.82293,0.838316,0.829159,0.827417,0.829287,0.834186,0.841247,0.842855,0.837476,0.833935,0.833854,0.837779,0.846185,0.857132,0.849716,0.857132
0.838231,0.841355,0.838231,0.834895,0.832596,0.8316,0.831794,0.832825,0.834324,0.836731,0.840531,0.846029,0.852686,0.854759,0.857926,0.862666,0.868567,0.874458,0.875428,0.877136,0.880565,0.885041,0.885259,0.884806,0.884923,0.88494,0.886203,0.891663,0.87876,0.870167,0.863394,0.85777,0.853037,0.849054,0.845769,0.843262,0.841718,0.841299,0.841368,0.835661,0.830456,0.826378,0.82319,0.820552,0.818132,0.815703,0.813259,0.810937,0.808844,0.806983,0.805335,0.804059,0.803222,0.802629,0.801979,0.801811,0.802532,0.804081,0.80547,0.804078,0.799916,0.795496,0.791756,0.788817,0.786491,0.78449,0.782606,0.780955,0.779733,0.779083,0.779061,0.77963,0.780659,0.781938,0.783302,0.784871,0.786816,0.789249,0.79222,0.795724,0.799645,0.80369,0.807563,0.811927,0.817359,0.823338,0.823035,0.823442,0.825658,0.830001,0.836919,0.848921,0.837132,0.832769,0.83224,0.834541,0.83885,0.843027,0.842453,0.843027
0.829541,0.830527,0.829541,0.828053,0.826942,0.826583,0.827048,0.828254,0.830125,0.832809,0.836468,0.841073,0.846095,0.850219,0.854742,0.860118,0.86609,0.871571,0.87446,0.877594,0.88298,0.893547,0.887086,0.885735,0.886807,0.885247,0.885353,0.886328,0.878554,0.87095,0.86441,0.858859,0.854134,0.850051,0.846476,0.843478,0.841137,0.839339,0.837453,0.834022,0.830496,0.827485,0.825048,0.82298,0.82094,0.818606,0.815971,0.813319,0.810938,0.809018,0.807699,0.807112,0.807208,0.807356,0.805977,0.804833,0.80473,0.805834,0.807864,0.809495,0.803635,0.798171,0.794056,0.791102,0.788894,0.786854,0.784412,0.782008,0.780058,0.778771,0.778205,0.778324,0.779037,0.780221,0.781783,0.783711,0.786008,0.788645,0.791581,0.794801,0.798248,0.801785,0.805309,0.808956,0.812753,0.816164,0.817724,0.81918,0.821431,0.824777,0.829059,0.833141,0.830911,0.829312,0.829337,0.830841,0.8332,0.835235,0.835604,0.835235
0.822903,0.823215,0.822903,0.822377,0.82208,0.822285,0.823105,0.824562,0.826663,0.829466,0.83302,0.83727,0.841985,0.84687,0.852303,0.858582,0.865723,0.872908,0.874883,0.877444,0.881864,0.88749,0.885464,0.8859,0.892983,0.885547,0.885291,0.891402,0.879823,0.872298,0.866057,0.860729,0.856188,0.852132,0.84819,0.844616,0.841588,0.839038,0.836649,0.834037,0.831573,0.829564,0.828078,0.826917,0.825573,0.82334,0.820221,0.816947,0.814082,0.811961,0.810836,0.810986,0.812643,0.815112,0.811238,0.808309,0.807217,0.808155,0.812158,0.823905,0.808448,0.800975,0.796663,0.794104,0.792588,0.791073,0.787627,0.78405,0.781159,0.779174,0.778096,0.77786,0.778379,0.779564,0.781339,0.783626,0.786308,0.789196,0.792116,0.795118,0.798232,0.801373,0.804419,0.807328,0.810034,0.812348,0.814029,0.815637,0.817628,0.820142,0.822933,0.825216,0.825598,0.825767,0.826488,0.827826,0.829417,0.830657,0.83104,0.830657
0.818012,0.818059,0.818012,0.818007,0.81825,0.818904,0.820062,0.821766,0.824042,0.826922,0.830432,0.834567,0.839279,0.844556,0.850609,0.857791,0.866932,0.881088,0.876356,0.877078,0.881195,0.890744,0.883039,0.881075,0.881909,0.880324,0.88052,0.881897,0.878687,0.873997,0.868411,0.863425,0.859357,0.855695,0.851121,0.846789,0.843135,0.840143,0.837633,0.835463,0.833749,0.832672,0.83233,0.832581,0.832638,0.830495,0.826155,0.821691,0.817999,0.815419,0.814207,0.814863,0.818778,0.830728,0.817061,0.811452,0.809172,0.808912,0.810217,0.81202,0.806776,0.802103,0.79899,0.797534,0.797745,0.798687,0.792429,0.786851,0.782796,0.780107,0.778581,0.778073,0.778487,0.779756,0.78182,0.78459,0.787851,0.791171,0.79403,0.796791,0.799663,0.802536,0.805151,0.807396,0.809205,0.810668,0.811911,0.81322,0.814816,0.816746,0.818838,0.820719,0.822026,0.823198,0.824554,0.826089,0.827523,0.828472,0.828783,0.828472
0.814605,0.814518,0.814605,0.814915,0.815536,0.816548,0.818002,0.819932,0.822356,0.825292,0.828771,0.832844,0.837575,0.843046,0.849376,0.856646,0.864747,0.872644,0.874014,0.874957,0.876744,0.878776,0.876528,0.8751,0.874906,0.874969,0.876218,0.87863,0.880677,0.878226,0.871792,0.866818,0.86373,0.861771,0.855404,0.849868,0.845596,0.842338,0.839845,0.837994,0.836847,0.836599,0.837546,0.839995,0.843458,0.841398,0.833755,0.827195,0.822329,0.819029,0.817228,0.816997,0.818403,0.820612,0.816346,0.812774,0.810611,0.809606,0.809284,0.808687,0.806029,0.803158,0.801139,0.800775,0.803645,0.814979,0.798014,0.789583,0.784511,0.781316,0.779481,0.778798,0.779176,0.780588,0.783038,0.786509,0.790789,0.795066,0.797507,0.799822,0.80257,0.80544,0.807738,0.809391,0.810216,0.810705,0.811229,0.812017,0.813176,0.814698,0.816469,0.818313,0.820111,0.821969,0.823965,0.825983,0.827644,0.828461,0.828682,0.828461
0.812493,0.812318,0.812493,0.813031,0.813953,0.815271,0.816994,0.819134,0.821691,0.824659,0.828063,0.83202,0.836695,0.842251,0.848793,0.85627,0.864385,0.872361,0.873735,0.873631,0.873689,0.872734,0.870836,0.869531,0.869284,0.870065,0.872394,0.877374,0.888812,0.888084,0.875345,0.869949,0.868591,0.87387,0.860455,0.853274,0.848626,0.845345,0.842984,0.84139,0.840611,0.840893,0.842825,0.847964,0.861375,0.859458,0.841826,0.832548,0.826629,0.822664,0.820203,0.819016,0.818749,0.818499,0.816455,0.814198,0.812397,0.811122,0.810126,0.808917,0.806988,0.804852,0.803116,0.802263,0.802572,0.803262,0.796542,0.790411,0.785799,0.782604,0.780668,0.779898,0.780267,0.781819,0.78468,0.78907,0.795189,0.802267,0.80258,0.803899,0.806836,0.810405,0.812465,0.813708,0.813063,0.812203,0.811783,0.811945,0.812677,0.813907,0.815536,0.817467,0.819654,0.822123,0.824881,0.827763,0.830144,0.830579,0.830558,0.830579
0.811532,0.81128,0.811532,0.812281,0.813492,0.81511,0.817094,0.819447,0.82215,0.82513,0.828349,0.832032,0.836497,0.842044,0.848861,0.856856,0.865779,0.880313,0.876567,0.873776,0.873282,0.869269,0.86618,0.864533,0.864259,0.865242,0.867553,0.871302,0.876033,0.876641,0.873193,0.870669,0.868441,0.866882,0.860881,0.855744,0.851875,0.849014,0.846932,0.845543,0.844885,0.845111,0.846473,0.849245,0.852913,0.850917,0.843118,0.836094,0.830515,0.82633,0.823433,0.821642,0.8206,0.819704,0.818297,0.816679,0.815168,0.813866,0.812685,0.811369,0.809651,0.807636,0.805699,0.804075,0.802602,0.800443,0.795952,0.791182,0.787119,0.784076,0.78213,0.781297,0.781614,0.783182,0.786241,0.791358,0.800099,0.817713,0.808129,0.807843,0.811963,0.818376,0.819511,0.821418,0.817626,0.814765,0.813255,0.812806,0.813182,0.814222,0.81581,0.81788,0.820429,0.823511,0.827201,0.831576,0.836129,0.834691,0.83393,0.834691
0.811587,0.811246,0.811587,0.812583,0.81414,0.816104,0.818348,0.820938,0.823868,0.826901,0.829717,0.832815,0.83678,0.842141,0.849338,0.858116,0.863182,0.870791,0.880085,0.87326,0.878029,0.866507,0.861703,0.859779,0.859595,0.860711,0.862899,0.865879,0.869015,0.870898,0.871752,0.872725,0.869249,0.865959,0.862057,0.858547,0.855712,0.85349,0.851774,0.850545,0.849856,0.849772,0.850294,0.851217,0.851709,0.849768,0.845209,0.839756,0.834556,0.830248,0.827091,0.82505,0.823835,0.822945,0.821872,0.820574,0.819247,0.818,0.816891,0.815728,0.814114,0.811841,0.809461,0.807226,0.804804,0.801436,0.797111,0.79271,0.788871,0.7859,0.783921,0.782987,0.78315,0.7845,0.787194,0.791482,0.797613,0.80491,0.805875,0.808874,0.816298,0.833139,0.827304,0.836346,0.822773,0.817482,0.815171,0.814345,0.814526,0.815494,0.817112,0.819325,0.822192,0.825815,0.830368,0.836754,0.849655,0.839674,0.837327,0.839674
0.8125,0.812039,0.8125,0.813841,0.8159,0.818341,0.820783,0.823622,0.827021,0.830432,0.832353,0.834287,0.837231,0.841976,0.849824,0.864691,0.859658,0.861213,0.863896,0.862783,0.862596,0.858649,0.855956,0.854897,0.855239,0.856721,0.859067,0.861922,0.864879,0.867813,0.871825,0.880862,0.871499,0.867269,0.864453,0.862281,0.860538,0.859057,0.857722,0.856598,0.855812,0.855415,0.855304,0.855212,0.854529,0.852825,0.849771,0.844733,0.839263,0.834565,0.831175,0.829168,0.828281,0.827903,0.827201,0.826024,0.824768,0.823519,0.822667,0.822053,0.820748,0.81766,0.814579,0.812061,0.809441,0.804872,0.799821,0.795141,0.791212,0.788185,0.786114,0.785025,0.784946,0.785921,0.788006,0.791226,0.795433,0.799926,0.803076,0.806976,0.812727,0.819979,0.821752,0.824301,0.821159,0.818732,0.817109,0.816384,0.81659,0.817627,0.819332,0.821634,0.824722,0.828719,0.833243,0.836968,0.840658,0.838579,0.837585,0.838579
0.814047,0.813421,0.814047,0.815898,0.818801,0.822104,0.824351,0.827283,0.831707,0.837003,0.836533,0.836305,0.837447,0.84028,0.844878,0.850502,0.851151,0.85212,0.853118,0.852993,0.852538,0.851142,0.850179,0.850212,0.851343,0.85347,0.856333,0.859476,0.862384,0.865274,0.868505,0.871819,0.870247,0.868788,0.867822,0.867201,0.866713,0.866087,0.865063,0.863914,0.862981,0.862372,0.861895,0.861395,0.859968,0.858825,0.857905,0.851719,0.844764,0.839132,0.835425,0.833713,0.833762,0.834727,0.834546,0.83309,0.831819,0.83017,0.829737,0.830597,0.83069,0.824989,0.820647,0.818504,0.817528,0.810281,0.803639,0.798292,0.794114,0.790968,0.788776,0.787502,0.787137,0.787684,0.789137,0.791445,0.794439,0.797761,0.801013,0.804718,0.809159,0.813817,0.816944,0.819473,0.820349,0.820695,0.819661,0.819002,0.819335,0.820604,0.822472,0.824678,0.827872,0.832633,0.838461,0.838771,0.838988,0.837955,0.837408,0.837955
0.815885,0.815066,0.815885,0.818427,0.822828,0.828457,0.828773,0.830997,0.837073,0.850906,0.84203,0.838517,0.837538,0.838387,0.840486,0.842877,0.843916,0.844591,0.845057,0.84513,0.845016,0.844793,0.844997,0.84602,0.848044,0.851082,0.854921,0.858875,0.861523,0.864013,0.866729,0.869296,0.87051,0.871441,0.872473,0.873612,0.874648,0.875134,0.87415,0.872631,0.871441,0.870811,0.870119,0.870118,0.866729,0.866209,0.872909,0.861064,0.850521,0.843337,0.839241,0.838051,0.839881,0.844256,0.844719,0.841525,0.840797,0.837151,0.837058,0.841452,0.847972,0.832491,0.826039,0.825299,0.833405,0.816585,0.807651,0.801751,0.797453,0.79426,0.791978,0.790525,0.78987,0.789994,0.79087,0.792439,0.794585,0.79714,0.799979,0.803212,0.806869,0.810694,0.814246,0.817816,0.821589,0.825556,0.823357,0.822146,0.822662,0.824503,0.826799,0.828261,0.830991,0.837024,0.850754,0.842224,0.840124,0.8384,0.83769,0.8384
0.817523,0.816587,0.817523,0.820624,0.827161,0.84167,0.832834,0.832411,0.836246,0.842514,0.843739,0.839761,0.837365,0.836813,0.837372,0.838181,0.838622,0.838849,0.838971,0.839035,0.839184,0.839597,0.840578,0.842411,0.84532,0.849485,0.854994,0.861189,0.862432,0.864143,0.866727,0.869752,0.872688,0.875625,0.878649,0.881761,0.884771,0.887291,0.885406,0.882653,0.880972,0.880942,0.879279,0.883858,0.87224,0.867994,0.868372,0.870718,0.854506,0.84603,0.841716,0.840931,0.845022,0.85927,0.860124,0.849062,0.85426,0.842139,0.841451,0.85175,0.841326,0.832512,0.827253,0.824782,0.823694,0.816519,0.810124,0.805091,0.801163,0.798112,0.795813,0.794212,0.793285,0.793013,0.793372,0.79432,0.79579,0.797708,0.800029,0.802768,0.805905,0.809342,0.81304,0.81747,0.824157,0.838114,0.82759,0.825085,0.82619,0.829473,0.833495,0.832111,0.832348,0.835271,0.840247,0.840811,0.842443,0.839386,0.838106,0.839386
0.818522,0.817753,0.818522,0.820915,0.825067,0.830323,0.830037,0.831122,0.834547,0.840738,0.852229,0.840992,0.836911,0.835691,0.835574,0.835419,0.83511,0.834779,0.834514,0.834422,0.834658,0.835405,0.836878,0.839301,0.84292,0.848134,0.855982,0.870067,0.864488,0.865019,0.867905,0.871925,0.876499,0.881361,0.886382,0.891662,0.89704,0.905513,0.899191,0.893254,0.890501,0.894353,0.883843,0.879155,0.872011,0.866778,0.86349,0.860158,0.852349,0.846142,0.842232,0.840507,0.841582,0.845307,0.84534,0.841924,0.84109,0.837262,0.836423,0.838029,0.834636,0.830527,0.827216,0.824414,0.821599,0.817189,0.812738,0.808819,0.80548,0.802687,0.800424,0.798696,0.79751,0.796867,0.796754,0.797147,0.798019,0.79935,0.801143,0.803411,0.806133,0.809227,0.812606,0.816382,0.820983,0.826122,0.825339,0.825944,0.829072,0.835244,0.847143,0.835883,0.832563,0.833014,0.835714,0.839891,0.851016,0.840155,0.837516,0.840155
0.819424,0.818902,0.819424,0.820977,0.82341,0.826067,0.827417,0.829046,0.831639,0.835232,0.838861,0.836638,0.835161,0.835027,0.835376,0.834371,0.833183,0.832203,0.831443,0.83104,0.831183,0.832048,0.833794,0.836566,0.840502,0.845737,0.852334,0.859635,0.862054,0.865157,0.869575,0.875176,0.881665,0.888587,0.895518,0.903137,0.907895,0.910699,0.914273,0.902343,0.895093,0.890786,0.884239,0.878553,0.871502,0.865237,0.860266,0.855681,0.850184,0.845537,0.842134,0.838852,0.837062,0.836612,0.835582,0.833771,0.832484,0.830957,0.830508,0.830867,0.830216,0.829288,0.828207,0.825593,0.822626,0.819415,0.816329,0.813465,0.810744,0.80822,0.805982,0.804114,0.80267,0.801667,0.801103,0.800969,0.801264,0.80201,0.803263,0.805086,0.807484,0.810324,0.813282,0.815982,0.818792,0.821582,0.823232,0.825811,0.830448,0.836839,0.837756,0.833268,0.830552,0.830055,0.831253,0.833585,0.836599,0.834261,0.833203,0.834261
0.820823,0.820531,0.820823,0.821692,0.823064,0.824661,0.826064,0.827553,0.829286,0.831248,0.832912,0.833101,0.833628,0.835439,0.838093,0.835068,0.832603,0.830963,0.82957,0.828667,0.828541,0.829366,0.831243,0.834233,0.838359,0.843559,0.849578,0.855696,0.860548,0.865602,0.871691,0.87918,0.888046,0.897472,0.905641,0.919165,0.922404,0.916822,0.919781,0.908443,0.89842,0.891124,0.885428,0.880962,0.871836,0.864018,0.858266,0.853716,0.848757,0.845268,0.843488,0.83727,0.832765,0.830058,0.828162,0.82665,0.825668,0.825122,0.825332,0.826262,0.827617,0.829747,0.832273,0.828657,0.825425,0.823038,0.821212,0.819477,0.817317,0.814964,0.812664,0.810599,0.808873,0.807514,0.806504,0.805846,0.805544,0.805647,0.8063,0.807678,0.809888,0.812805,0.815723,0.816986,0.818139,0.819704,0.821724,0.825151,0.831614,0.84546,0.835331,0.830428,0.827863,0.826943,0.827201,0.828143,0.829086,0.828638,0.828319,0.828638
0.823178,0.823103,0.823178,0.823436,0.824028,0.824987,0.826166,0.827361,0.82825,0.829116,0.829992,0.830784,0.832369,0.836569,0.848056,0.836764,0.832755,0.83103,0.828759,0.827067,0.826497,0.827183,0.829134,0.832326,0.836708,0.842143,0.848313,0.854622,0.860454,0.866631,0.874039,0.883453,0.895533,0.909293,0.912106,0.921939,0.923215,0.916123,0.91624,0.91493,0.9007,0.891531,0.887046,0.889677,0.872494,0.862351,0.856667,0.853754,0.847447,0.84487,0.850854,0.83554,0.828222,0.824241,0.821903,0.82054,0.819953,0.820069,0.820974,0.822772,0.825782,0.831354,0.844029,0.832881,0.828913,0.827632,0.827529,0.827435,0.825601,0.823166,0.820619,0.818248,0.816211,0.814506,0.81305,0.811858,0.810912,0.810228,0.810106,0.810936,0.813085,0.816793,0.821333,0.819614,0.818592,0.818893,0.820334,0.822986,0.82694,0.831337,0.82923,0.82679,0.825066,0.824186,0.824003,0.824236,0.824505,0.824422,0.824334,0.824422
0.826885,0.827056,0.826885,0.826381,0.826163,0.826635,0.827792,0.82902,0.828784,0.828523,0.828707,0.829224,0.83005,0.831976,0.834901,0.832741,0.832181,0.833197,0.828915,0.825893,0.824742,0.825282,0.827333,0.830788,0.83557,0.841568,0.848495,0.855628,0.861624,0.868052,0.876018,0.886714,0.903018,0.905418,0.913261,0.910603,0.910127,0.909931,0.915842,0.909465,0.899606,0.888924,0.883209,0.885395,0.867744,0.857838,0.8539,0.858781,0.84399,0.837489,0.834499,0.827373,0.821889,0.818317,0.816203,0.815183,0.815064,0.815756,0.817253,0.8196,0.822925,0.827407,0.832441,0.831475,0.831255,0.832586,0.835376,0.838673,0.836018,0.833012,0.82992,0.827084,0.824731,0.822762,0.820841,0.819131,0.81752,0.815748,0.814464,0.814378,0.816231,0.821466,0.834725,0.823066,0.819241,0.818461,0.819255,0.821046,0.823358,0.825262,0.825003,0.823971,0.822957,0.822261,0.821918,0.821822,0.821807,0.821743,0.821703,0.821743
0.832469,0.83289,0.832469,0.830584,0.82915,0.82914,0.830892,0.833692,0.830891,0.829033,0.828636,0.828903,0.828181,0.827938,0.828393,0.828673,0.831585,0.842221,0.829363,0.82439,0.822838,0.823413,0.825676,0.829475,0.834781,0.841638,0.85006,0.859371,0.863978,0.869559,0.87691,0.886027,0.89579,0.897798,0.899522,0.898791,0.898462,0.899338,0.903149,0.909187,0.901018,0.883013,0.873126,0.866792,0.856872,0.848959,0.843912,0.840957,0.833818,0.828164,0.823836,0.819109,0.815179,0.812462,0.81093,0.810445,0.810884,0.812157,0.814203,0.816979,0.820442,0.824449,0.828401,0.830873,0.833593,0.83763,0.844272,0.857424,0.848341,0.844492,0.840508,0.836973,0.8344,0.832497,0.829945,0.827825,0.825809,0.822292,0.819138,0.817391,0.81751,0.819641,0.822937,0.820213,0.818366,0.817974,0.818699,0.820111,0.821712,0.822883,0.823079,0.822664,0.822058,0.82151,0.821111,0.820853,0.820683,0.820564,0.820519,0.820564
0.841068,0.841119,0.841068,0.835887,0.832261,0.831429,0.834497,0.845522,0.833605,0.829629,0.829448,0.83112,0.827381,0.824749,0.823606,0.823523,0.82482,0.827008,0.823476,0.821006,0.820347,0.821396,0.824028,0.828206,0.834004,0.841717,0.852329,0.869426,0.866974,0.870926,0.877677,0.886355,0.897996,0.892143,0.889923,0.88826,0.887277,0.887493,0.889921,0.89644,0.883023,0.870636,0.861124,0.853398,0.845594,0.838803,0.83341,0.828887,0.82372,0.819059,0.815111,0.811578,0.808776,0.806938,0.806122,0.806293,0.807381,0.809299,0.811942,0.815193,0.818943,0.823084,0.827384,0.831571,0.836164,0.841631,0.848233,0.855452,0.85701,0.857679,0.852211,0.847456,0.84495,0.844431,0.840158,0.837956,0.837132,0.830001,0.823925,0.820057,0.818295,0.818173,0.818697,0.818008,0.817555,0.817888,0.818976,0.82051,0.82202,0.82301,0.823294,0.823078,0.822629,0.822135,0.82169,0.821321,0.821032,0.820837,0.820767,0.820837
0.856368,0.851016,0.856368,0.841194,0.834132,0.831372,0.831701,0.833599,0.829936,0.827978,0.829957,0.840299,0.827019,0.821611,0.819298,0.81853,0.818706,0.819061,0.818065,0.817347,0.817683,0.81933,0.822376,0.826868,0.832871,0.840474,0.849708,0.859856,0.865188,0.871126,0.878161,0.885379,0.887503,0.884526,0.881434,0.878714,0.876555,0.875098,0.874269,0.872946,0.865651,0.857013,0.848948,0.84168,0.834885,0.828817,0.823597,0.819009,0.814655,0.810772,0.807493,0.804829,0.802919,0.801896,0.80183,0.802729,0.804555,0.807224,0.810584,0.814429,0.818581,0.823091,0.828022,0.833414,0.839422,0.846064,0.853156,0.860736,0.868167,0.878602,0.864787,0.857269,0.855086,0.86169,0.849863,0.848268,0.85632,0.838199,0.828034,0.82214,0.818961,0.81758,0.817192,0.817085,0.817478,0.818569,0.820327,0.822459,0.824378,0.82537,0.825541,0.825252,0.824774,0.824238,0.823718,0.823236,0.822812,0.82251,0.822399,0.82251
0.84891,0.851794,0.84891,0.839961,0.833256,0.82978,0.828887,0.828795,0.826111,0.823936,0.823654,0.824766,0.820329,0.816913,0.814976,0.814123,0.813941,0.813995,0.813906,0.814164,0.815234,0.8174,0.820814,0.825566,0.831696,0.839173,0.847763,0.856711,0.864416,0.871861,0.880105,0.891157,0.883774,0.87868,0.874223,0.870252,0.866774,0.863712,0.860749,0.857059,0.851242,0.84442,0.837563,0.831063,0.82501,0.819532,0.814692,0.810428,0.80664,0.803393,0.800769,0.79883,0.797673,0.797395,0.798069,0.799734,0.802388,0.805961,0.810255,0.814876,0.819387,0.824213,0.829744,0.836193,0.84361,0.851625,0.859183,0.867776,0.87794,0.887476,0.87268,0.863345,0.858031,0.855763,0.85092,0.850511,0.858378,0.840002,0.829412,0.823035,0.819351,0.817514,0.816925,0.817179,0.818221,0.820104,0.822828,0.82615,0.829195,0.830086,0.829781,0.829151,0.828509,0.82786,0.827238,0.826625,0.826001,0.82552,0.825339,0.82552
0.849103,0.859926,0.849103,0.838052,0.830706,0.827154,0.826818,0.82813,0.823319,0.819539,0.817493,0.816322,0.814148,0.812262,0.811094,0.810565,0.810462,0.810595,0.810919,0.811689,0.813216,0.815748,0.819451,0.824429,0.830731,0.838328,0.847046,0.856413,0.865524,0.87343,0.880891,0.883025,0.879411,0.873843,0.868163,0.862927,0.858201,0.853845,0.849565,0.844905,0.83943,0.833444,0.827387,0.821555,0.816102,0.811142,0.806733,0.802885,0.799592,0.796894,0.794854,0.793541,0.793036,0.79343,0.794806,0.797242,0.800799,0.805482,0.811108,0.816954,0.821405,0.826168,0.832095,0.839565,0.848773,0.859231,0.86578,0.874863,0.889979,0.887178,0.87674,0.86701,0.859527,0.854008,0.849127,0.846064,0.844022,0.835583,0.828118,0.82277,0.819417,0.817719,0.817334,0.818006,0.819645,0.822321,0.826263,0.831656,0.837708,0.837543,0.835892,0.834604,0.833792,0.832996,0.832286,0.831563,0.830583,0.829765,0.829454,0.829765
0.851109,0.847536,0.851109,0.834002,0.825911,0.822855,0.824646,0.835134,0.821034,0.814936,0.811984,0.810406,0.8092,0.808411,0.808085,0.808095,0.80826,0.80852,0.809002,0.809973,0.811713,0.81445,0.818346,0.823512,0.830024,0.837933,0.847266,0.857976,0.869456,0.87708,0.888654,0.882295,0.878651,0.870754,0.863284,0.85671,0.850864,0.845501,0.840353,0.835148,0.829701,0.824097,0.818536,0.813203,0.80823,0.803715,0.799722,0.796288,0.793441,0.791225,0.789697,0.788923,0.788982,0.789963,0.791967,0.795117,0.799577,0.805563,0.813256,0.82195,0.824644,0.8285,0.834457,0.842765,0.854273,0.872349,0.87146,0.877553,0.887219,0.896172,0.881729,0.870047,0.86066,0.853208,0.847098,0.842173,0.837635,0.831745,0.826249,0.822041,0.819354,0.818131,0.818205,0.819389,0.821558,0.824804,0.829785,0.838052,0.854,0.848045,0.843196,0.841136,0.84061,0.839597,0.838899,0.838306,0.836548,0.835048,0.83449,0.835048
0.828858,0.829575,0.828858,0.822493,0.817621,0.815246,0.815316,0.816763,0.81228,0.808709,0.806618,0.80563,0.805345,0.805607,0.806251,0.806979,0.807473,0.807732,0.808109,0.809003,0.810732,0.813516,0.8175,0.822789,0.829474,0.837681,0.847694,0.860375,0.878873,0.878423,0.88122,0.880502,0.88379,0.86887,0.859126,0.851369,0.844637,0.838523,0.832772,0.827194,0.821681,0.816249,0.810989,0.806011,0.801411,0.79727,0.793648,0.790591,0.788142,0.786347,0.785261,0.784947,0.78548,0.786948,0.78946,0.793167,0.79832,0.805439,0.815923,0.83448,0.828261,0.830279,0.836024,0.844338,0.854799,0.866174,0.871785,0.878308,0.88683,0.897793,0.885602,0.872411,0.861466,0.852658,0.845462,0.839465,0.834162,0.829063,0.824631,0.821319,0.819352,0.81877,0.81949,0.821311,0.823922,0.827087,0.831566,0.838328,0.848163,0.859024,0.84928,0.847701,0.849481,0.847446,0.846969,0.847775,0.843814,0.840944,0.839964,0.840944
0.813801,0.814593,0.813801,0.811024,0.808358,0.806712,0.80613,0.805848,0.804127,0.802512,0.801652,0.801653,0.802447,0.803927,0.805836,0.807606,0.808429,0.808337,0.808208,0.80871,0.810212,0.812902,0.816879,0.822209,0.828953,0.837192,0.847042,0.858568,0.871032,0.878166,0.87895,0.876352,0.872476,0.863437,0.85459,0.846597,0.839374,0.832753,0.826578,0.820724,0.815119,0.809757,0.804678,0.799947,0.795633,0.791796,0.788491,0.785765,0.783662,0.78223,0.781519,0.781589,0.782509,0.784358,0.787232,0.791253,0.796588,0.803456,0.812039,0.82162,0.825188,0.82988,0.836584,0.845343,0.856007,0.867381,0.872829,0.878706,0.885657,0.892307,0.892131,0.874157,0.861742,0.852086,0.844204,0.837628,0.832039,0.827257,0.82343,0.820784,0.81949,0.819634,0.821198,0.823974,0.827267,0.829598,0.832614,0.837096,0.84288,0.848155,0.848784,0.852489,0.863753,0.855317,0.855335,0.863593,0.851562,0.846517,0.845043,0.846517
0.802247,0.802707,0.802247,0.800957,0.799583,0.79862,0.798148,0.797873,0.79737,0.797058,0.797322,0.79838,0.80036,0.803317,0.807067,0.810689,0.81181,0.810489,0.809186,0.808929,0.81002,0.812521,0.816433,0.821753,0.828488,0.83666,0.8463,0.85743,0.870153,0.885902,0.88171,0.875122,0.867958,0.85943,0.850802,0.84264,0.835081,0.828097,0.821609,0.815541,0.809841,0.804496,0.799524,0.794965,0.790864,0.787271,0.78423,0.781785,0.779977,0.778852,0.778456,0.778842,0.780071,0.782207,0.785326,0.789503,0.794809,0.80126,0.808672,0.816309,0.822531,0.829019,0.836653,0.84602,0.858107,0.876136,0.875074,0.879672,0.88644,0.895314,0.884419,0.871975,0.860868,0.851329,0.843215,0.836368,0.830659,0.826039,0.822581,0.820425,0.819718,0.820603,0.823225,0.827656,0.833115,0.832968,0.833749,0.836122,0.839677,0.843515,0.846796,0.851308,0.856758,0.856332,0.857055,0.858687,0.853912,0.850099,0.84875,0.850099
0.793019,0.793233,0.793019,0.792468,0.791886,0.791524,0.791459,0.791614,0.791908,0.792514,0.793683,0.795676,0.798792,0.803413,0.809932,0.817789,0.819151,0.814136,0.81063,0.809313,0.809932,0.812247,0.816107,0.82142,0.828137,0.836226,0.845651,0.856304,0.867879,0.879582,0.888519,0.876108,0.86643,0.857131,0.848141,0.839659,0.831778,0.824494,0.817759,0.811516,0.805723,0.800367,0.795454,0.79101,0.787068,0.783665,0.780839,0.778628,0.777068,0.776199,0.776064,0.776709,0.778182,0.780537,0.783827,0.788099,0.793372,0.799598,0.80659,0.813938,0.821147,0.82856,0.836551,0.84556,0.855868,0.866913,0.873297,0.880112,0.886774,0.887052,0.879909,0.870085,0.860034,0.850735,0.842533,0.835528,0.829741,0.825197,0.821964,0.820148,0.819884,0.821364,0.824977,0.831853,0.846124,0.836965,0.834848,0.835524,0.837757,0.841006,0.845156,0.850778,0.85724,0.857797,0.859466,0.86179,0.856895,0.852804,0.851341,0.852804
0.785604,0.785661,0.785604,0.785487,0.785447,0.785607,0.786024,0.786691,0.787611,0.788886,0.790702,0.793335,0.797208,0.803112,0.812973,0.83291,0.834402,0.817797,0.811399,0.809273,0.809664,0.811949,0.815852,0.821221,0.827962,0.83602,0.845357,0.85586,0.867101,0.877677,0.883503,0.876002,0.866145,0.85613,0.846562,0.837648,0.829434,0.821888,0.814949,0.808559,0.802678,0.797292,0.792404,0.788033,0.784205,0.780949,0.778295,0.776275,0.77492,0.774265,0.774344,0.775197,0.776865,0.779389,0.782812,0.787166,0.792462,0.798666,0.80566,0.813227,0.821092,0.829073,0.836996,0.845381,0.854492,0.863972,0.872723,0.882351,0.895153,0.887868,0.879726,0.870047,0.860056,0.850634,0.842227,0.835029,0.829129,0.824585,0.821463,0.819847,0.819833,0.821524,0.825006,0.830208,0.836058,0.83548,0.834713,0.834929,0.836385,0.839167,0.843621,0.850998,0.865226,0.859752,0.862826,0.873721,0.860674,0.854473,0.852594,0.854473
0.779712,0.779661,0.779712,0.779894,0.780269,0.780897,0.781803,0.782982,0.784429,0.786187,0.788379,0.791233,0.795082,0.800353,0.807457,0.815817,0.81756,0.812778,0.809415,0.808228,0.809016,0.811551,0.815657,0.821187,0.828021,0.8361,0.84548,0.856282,0.868614,0.882165,0.893468,0.879893,0.86764,0.856285,0.845913,0.836506,0.827975,0.820213,0.813115,0.806605,0.800641,0.79521,0.790319,0.785988,0.782237,0.77909,0.776572,0.774707,0.773522,0.773042,0.773298,0.774321,0.776143,0.7788,0.782328,0.786761,0.792127,0.798434,0.805663,0.813739,0.822454,0.831194,0.838545,0.846056,0.854344,0.863378,0.872903,0.883066,0.892529,0.891202,0.882723,0.871948,0.861114,0.851108,0.842283,0.834791,0.828708,0.824089,0.820989,0.819474,0.819608,0.821427,0.824854,0.829465,0.83398,0.835745,0.835151,0.834653,0.835247,0.837224,0.840737,0.845957,0.852413,0.854766,0.859979,0.871764,0.859216,0.853415,0.851683,0.853415
0.775141,0.775007,0.775141,0.775561,0.776294,0.777364,0.778767,0.780465,0.782399,0.78452,0.786864,0.789613,0.793017,0.797254,0.802194,0.806868,0.80877,0.80786,0.806767,0.806718,0.808133,0.8111,0.815564,0.821387,0.828384,0.836444,0.845763,0.856777,0.870533,0.890555,0.896694,0.88411,0.869862,0.857063,0.845884,0.836053,0.827299,0.819408,0.812216,0.805617,0.79957,0.794076,0.789156,0.784832,0.781128,0.778061,0.775649,0.77391,0.772863,0.77253,0.772931,0.774092,0.776036,0.778795,0.782401,0.786896,0.792331,0.798774,0.806324,0.815132,0.82533,0.83626,0.8415,0.847535,0.855049,0.863907,0.874078,0.886135,0.902365,0.903355,0.889669,0.875538,0.862955,0.851991,0.84258,0.834703,0.828371,0.823611,0.820463,0.81898,0.819226,0.821256,0.825057,0.830367,0.836208,0.83993,0.837053,0.834844,0.834285,0.835306,0.837719,0.84126,0.845298,0.848515,0.852166,0.855697,0.852616,0.849883,0.848898,0.849883
0.771728,0.771523,0.771728,0.772358,0.773428,0.774945,0.776886,0.779168,0.78164,0.784094,0.786412,0.788813,0.7916,0.794943,0.798695,0.802196,0.804303,0.804634,0.804583,0.805253,0.80721,0.810668,0.815637,0.821948,0.829235,0.837094,0.845935,0.856133,0.867818,0.880297,0.888038,0.891648,0.872266,0.857825,0.846092,0.836089,0.827311,0.81944,0.812245,0.805586,0.799442,0.793855,0.788871,0.784527,0.780843,0.777832,0.775503,0.773868,0.772938,0.772727,0.773251,0.774525,0.776567,0.779398,0.783048,0.787561,0.793007,0.799499,0.807235,0.816661,0.829018,0.848578,0.845236,0.849122,0.85601,0.864739,0.875002,0.886691,0.898618,0.901674,0.898723,0.879217,0.864791,0.852912,0.842917,0.834629,0.82801,0.82306,0.819804,0.818288,0.818591,0.820848,0.825291,0.83229,0.842117,0.852282,0.839852,0.834944,0.833302,0.833558,0.835137,0.837637,0.840582,0.843418,0.846065,0.847842,0.847261,0.846192,0.845729,0.846192
0.769328,0.769058,0.769328,0.770154,0.771556,0.773548,0.77611,0.779136,0.782354,0.785267,0.787343,0.789098,0.791104,0.793706,0.796938,0.800419,0.803114,0.803295,0.803183,0.804008,0.806293,0.810243,0.815895,0.82307,0.831067,0.83833,0.846333,0.855606,0.865936,0.876424,0.885177,0.88999,0.871362,0.857487,0.846155,0.836465,0.827964,0.820329,0.81326,0.806547,0.800254,0.794515,0.789425,0.78503,0.781346,0.778375,0.776115,0.774568,0.773739,0.773635,0.774266,0.77564,0.777762,0.780641,0.784295,0.788765,0.794122,0.800475,0.807968,0.816784,0.827054,0.838066,0.843327,0.849294,0.856732,0.865655,0.876139,0.888669,0.905425,0.907689,0.894367,0.87946,0.865696,0.853547,0.843121,0.834447,0.827526,0.822354,0.818937,0.817304,0.81753,0.819788,0.824511,0.832939,0.849263,0.842662,0.836697,0.83334,0.831976,0.832045,0.833194,0.835134,0.837548,0.840086,0.842415,0.84393,0.843977,0.843475,0.843217,0.843475
0.767806,0.767479,0.767806,0.768809,0.77053,0.773022,0.776318,0.780362,0.784834,0.788742,0.790064,0.790604,0.791491,0.793319,0.796421,0.800923,0.80594,0.803751,0.802346,0.802806,0.80522,0.80963,0.816156,0.824911,0.835188,0.840397,0.847045,0.855623,0.865518,0.875927,0.887916,0.879064,0.867336,0.856211,0.846162,0.83722,0.829304,0.822187,0.815444,0.808597,0.802011,0.796015,0.790761,0.786292,0.782599,0.779664,0.777467,0.776,0.775262,0.775256,0.775987,0.777456,0.779654,0.782569,0.786194,0.790556,0.795728,0.801808,0.808888,0.816983,0.825896,0.834873,0.842291,0.849583,0.857573,0.86663,0.876869,0.888084,0.898864,0.902143,0.89327,0.880206,0.866605,0.854054,0.84315,0.834071,0.826839,0.821429,0.817815,0.815988,0.815964,0.817797,0.821566,0.82725,0.833816,0.833981,0.832498,0.831301,0.830772,0.831008,0.832018,0.833717,0.835955,0.838534,0.841153,0.843064,0.842821,0.84209,0.841764,0.84209
0.767039,0.766671,0.767039,0.768177,0.770168,0.773132,0.777225,0.782617,0.78934,0.796276,0.79504,0.793239,0.792415,0.793141,0.795992,0.802408,0.817478,0.804924,0.801143,0.801152,0.803658,0.808414,0.815715,0.826776,0.845938,0.842599,0.847414,0.855927,0.866207,0.875493,0.878131,0.87266,0.864333,0.855463,0.846648,0.838517,0.831396,0.825213,0.819258,0.811901,0.80468,0.798262,0.792794,0.788248,0.78456,0.781672,0.779544,0.778156,0.777503,0.77759,0.778423,0.779998,0.782289,0.78525,0.788828,0.793017,0.797912,0.803643,0.810305,0.817893,0.826218,0.834801,0.842959,0.850763,0.858953,0.868047,0.878265,0.889596,0.901489,0.910439,0.898036,0.883135,0.868085,0.854511,0.84293,0.833408,0.825876,0.820244,0.816436,0.814394,0.814068,0.815397,0.818242,0.822225,0.826331,0.828506,0.829568,0.83015,0.830354,0.830753,0.831706,0.833321,0.835583,0.838511,0.842173,0.845929,0.84373,0.841876,0.841233,0.841876
0.766929,0.766548,0.766929,0.768125,0.770267,0.773555,0.778283,0.784999,0.795107,0.813469,0.802065,0.796376,0.793268,0.792319,0.793484,0.796738,0.80113,0.798829,0.797648,0.798499,0.801348,0.806166,0.813042,0.822085,0.83263,0.838223,0.845673,0.856065,0.869511,0.883348,0.878101,0.870748,0.863493,0.85626,0.848038,0.840375,0.834107,0.829557,0.826008,0.81659,0.808054,0.801055,0.795389,0.790823,0.78719,0.784384,0.782341,0.781033,0.780459,0.780634,0.781575,0.783282,0.785717,0.788782,0.792327,0.796256,0.800754,0.806051,0.812312,0.819596,0.82783,0.836718,0.845559,0.853148,0.861039,0.869966,0.880191,0.892215,0.908743,0.913806,0.906982,0.887868,0.869716,0.854573,0.842229,0.832315,0.824557,0.818768,0.814818,0.812605,0.812039,0.813004,0.815311,0.818615,0.822321,0.825694,0.828669,0.830929,0.831295,0.831495,0.83229,0.833835,0.83611,0.83932,0.844673,0.856333,0.845871,0.842025,0.840989,0.842025
0.767432,0.767088,0.767432,0.768557,0.770657,0.773978,0.778805,0.785453,0.794102,0.803658,0.804872,0.798421,0.793444,0.790862,0.79037,0.791419,0.792973,0.793108,0.793613,0.79534,0.798567,0.803369,0.809723,0.81743,0.825834,0.833558,0.842573,0.854755,0.874055,0.875485,0.881824,0.870368,0.86425,0.859652,0.850455,0.842413,0.836661,0.834455,0.840173,0.821927,0.811403,0.804015,0.798374,0.793944,0.790468,0.787801,0.785867,0.784638,0.784127,0.784373,0.785422,0.787303,0.789987,0.793312,0.796923,0.800418,0.804294,0.809005,0.814816,0.821885,0.830336,0.840247,0.850995,0.85683,0.8637,0.872216,0.881966,0.892,0.900649,0.903834,0.90085,0.8933,0.869965,0.853434,0.840674,0.830623,0.822812,0.816986,0.812985,0.810691,0.809998,0.810789,0.812908,0.816133,0.820183,0.824825,0.830035,0.835157,0.833956,0.833199,0.833679,0.835179,0.837266,0.839558,0.842446,0.845566,0.842977,0.840941,0.840248,0.840941
0.768584,0.768362,0.768584,0.769447,0.771262,0.774338,0.778958,0.785371,0.793674,0.803689,0.816848,0.800481,0.792705,0.788794,0.787191,0.787073,0.787716,0.788498,0.789841,0.792167,0.795704,0.800524,0.806565,0.813609,0.821262,0.829163,0.837885,0.847926,0.858747,0.864355,0.868065,0.866282,0.865104,0.869255,0.853312,0.843738,0.837239,0.832991,0.829933,0.82108,0.813137,0.806734,0.801641,0.7976,0.794417,0.79196,0.790158,0.788994,0.788507,0.788778,0.789908,0.791997,0.795092,0.799042,0.803126,0.805698,0.808505,0.812372,0.81759,0.824329,0.832939,0.844511,0.862939,0.861081,0.866332,0.874865,0.885111,0.894841,0.899706,0.901724,0.900971,0.882849,0.865037,0.850123,0.837984,0.828245,0.820619,0.814907,0.810968,0.808691,0.807987,0.808762,0.81092,0.814353,0.818988,0.824932,0.833042,0.847269,0.837733,0.835226,0.835609,0.837499,0.839783,0.840771,0.841562,0.842092,0.841107,0.840086,0.839693,0.840086
0.770528,0.770619,0.770528,0.770818,0.772045,0.774595,0.778773,0.784864,0.793014,0.802077,0.802639,0.795446,0.789583,0.78589,0.783997,0.783437,0.783793,0.784802,0.786562,0.789263,0.793047,0.797956,0.803913,0.810701,0.817981,0.825499,0.833448,0.841905,0.85026,0.856744,0.861424,0.863213,0.862251,0.859723,0.851398,0.843571,0.837133,0.831899,0.827041,0.820861,0.814855,0.809653,0.805359,0.801892,0.799126,0.796949,0.795291,0.79415,0.793606,0.7938,0.794913,0.797167,0.800834,0.806131,0.812347,0.812252,0.813169,0.815909,0.820372,0.826447,0.834138,0.8435,0.853955,0.859835,0.867307,0.877438,0.89043,0.904224,0.903295,0.904075,0.889204,0.873739,0.85883,0.84563,0.834462,0.825305,0.818049,0.812581,0.808803,0.806634,0.806007,0.806867,0.809173,0.812897,0.818015,0.824415,0.831491,0.837003,0.836051,0.835923,0.837597,0.840993,0.845166,0.843756,0.842514,0.841709,0.840849,0.840175,0.839923,0.840175
0.773529,0.774488,0.773529,0.772688,0.772943,0.774671,0.778125,0.783763,0.792922,0.810464,0.797685,0.790567,0.785764,0.782655,0.780935,0.780347,0.78068,0.781823,0.783812,0.786753,0.790747,0.795831,0.801936,0.808817,0.815995,0.822948,0.830062,0.837564,0.845238,0.852541,0.859286,0.864515,0.862578,0.857599,0.85058,0.843595,0.837391,0.83199,0.82702,0.822007,0.817296,0.813182,0.809758,0.806983,0.804744,0.802911,0.801395,0.800196,0.799454,0.79939,0.800265,0.802418,0.806443,0.813813,0.829397,0.819317,0.817531,0.819251,0.823079,0.828498,0.835229,0.842976,0.851144,0.858609,0.867247,0.878795,0.896617,0.900095,0.906868,0.893794,0.879697,0.865712,0.852521,0.840689,0.830492,0.822008,0.815222,0.810086,0.806544,0.804544,0.804048,0.805037,0.807522,0.811566,0.817293,0.824767,0.833058,0.834769,0.835108,0.836385,0.839432,0.845284,0.857715,0.848151,0.844607,0.842954,0.841981,0.841413,0.841223,0.841413
0.777854,0.781714,0.777854,0.774902,0.773809,0.774466,0.776744,0.780605,0.785928,0.791456,0.788559,0.784847,0.78172,0.779492,0.778201,0.777794,0.778218,0.779459,0.781574,0.784663,0.788835,0.794174,0.800685,0.808148,0.81576,0.821779,0.827842,0.834618,0.84217,0.850494,0.860275,0.874602,0.867562,0.859122,0.851324,0.844418,0.838417,0.833208,0.828591,0.824389,0.820672,0.817542,0.815026,0.813051,0.811462,0.810062,0.808683,0.807284,0.806123,0.805538,0.805837,0.807301,0.810217,0.814806,0.820353,0.819623,0.819919,0.822019,0.825736,0.830789,0.836869,0.84361,0.850632,0.857819,0.8659,0.875524,0.886519,0.894357,0.902884,0.886212,0.871724,0.858511,0.846451,0.835688,0.826362,0.818551,0.812272,0.807515,0.804252,0.802456,0.80211,0.803217,0.805824,0.810073,0.816353,0.825845,0.842767,0.83547,0.834789,0.836642,0.840032,0.844579,0.849401,0.848114,0.846391,0.845099,0.844282,0.843851,0.843716,0.843851
0.782721,0.798113,0.782721,0.7767,0.774371,0.774083,0.775229,0.77744,0.780197,0.782351,0.781719,0.78001,0.778235,0.776848,0.776034,0.775866,0.776391,0.777677,0.779823,0.782957,0.787231,0.792831,0.79998,0.808843,0.818647,0.822102,0.826461,0.832461,0.839906,0.848585,0.85833,0.868506,0.875574,0.861614,0.852769,0.845917,0.84022,0.835398,0.831298,0.827832,0.824999,0.822822,0.821278,0.820256,0.819514,0.818707,0.817508,0.815646,0.813724,0.81231,0.811755,0.812243,0.813835,0.816369,0.819122,0.820436,0.822041,0.82471,0.828605,0.833609,0.839414,0.845546,0.851547,0.857742,0.864634,0.872524,0.881241,0.889607,0.895443,0.878105,0.864111,0.851766,0.84067,0.830813,0.822267,0.815093,0.809323,0.80496,0.801998,0.80042,0.80022,0.8014,0.803992,0.808065,0.813731,0.821039,0.829137,0.83112,0.833501,0.83693,0.841048,0.84518,0.848785,0.850104,0.849328,0.848351,0.84778,0.847572,0.847521,0.847572
0.779678,0.783691,0.779678,0.776256,0.774334,0.773711,0.774097,0.775178,0.776524,0.777492,0.777415,0.776696,0.775814,0.775083,0.774673,0.774693,0.775255,0.77649,0.778543,0.781574,0.785774,0.791421,0.799057,0.810112,0.829415,0.82306,0.824988,0.830416,0.837982,0.847198,0.857563,0.867145,0.867372,0.860605,0.853821,0.847847,0.842724,0.838429,0.83493,0.832194,0.830217,0.829008,0.828549,0.828717,0.829165,0.829277,0.828526,0.825598,0.822342,0.819745,0.818149,0.817605,0.818034,0.819243,0.820863,0.822497,0.824639,0.827718,0.831919,0.83719,0.843205,0.849195,0.853866,0.858577,0.863989,0.870332,0.877964,0.889053,0.88018,0.8683,0.856467,0.845367,0.835226,0.826184,0.81834,0.81176,0.80648,0.802514,0.79986,0.798507,0.798447,0.799673,0.802185,0.805976,0.81099,0.816981,0.823174,0.827929,0.832724,0.838098,0.843625,0.847892,0.852045,0.855779,0.854059,0.852787,0.852501,0.852723,0.85281,0.852723
0.777499,0.77875,0.777499,0.775761,0.774442,0.773772,0.773712,0.7741,0.774679,0.77513,0.775204,0.774995,0.774693,0.774444,0.774329,0.774425,0.774894,0.775936,0.77774,0.780484,0.78434,0.789503,0.796211,0.804651,0.814085,0.817278,0.821558,0.827788,0.835978,0.846249,0.859185,0.876765,0.867787,0.861227,0.855661,0.850515,0.845977,0.842237,0.839362,0.837355,0.836221,0.835998,0.836746,0.838449,0.840707,0.842264,0.843275,0.837423,0.831841,0.827716,0.825023,0.823525,0.822988,0.823239,0.824128,0.82559,0.827844,0.831156,0.83572,0.841595,0.848599,0.855757,0.857743,0.860318,0.864032,0.868482,0.872876,0.875459,0.869572,0.860076,0.849696,0.839591,0.830249,0.821905,0.81468,0.808646,0.803835,0.80026,0.797918,0.796797,0.796883,0.798158,0.800601,0.804175,0.808791,0.81425,0.820192,0.826248,0.832928,0.840681,0.849043,0.852307,0.857319,0.868511,0.85994,0.857833,0.858312,0.859605,0.859872,0.859605
0.777258,0.77776,0.777258,0.776292,0.775347,0.774668,0.774324,0.774274,0.774409,0.774591,0.774726,0.774833,0.774965,0.775119,0.77522,0.775231,0.77541,0.776068,0.777453,0.779742,0.783067,0.787518,0.793121,0.799701,0.806522,0.811937,0.817716,0.824752,0.833458,0.84422,0.857772,0.876077,0.86741,0.86247,0.858683,0.854169,0.850018,0.846757,0.8445,0.843214,0.842882,0.843583,0.845556,0.849199,0.854524,0.857375,0.866468,0.850547,0.841443,0.835806,0.832249,0.830026,0.828696,0.828141,0.828365,0.82944,0.831541,0.834902,0.839776,0.846449,0.855431,0.869094,0.862639,0.862534,0.864959,0.868317,0.871235,0.871973,0.864204,0.854347,0.844244,0.834624,0.825832,0.818045,0.811358,0.805823,0.801459,0.798272,0.796249,0.795373,0.795621,0.796969,0.799387,0.802839,0.807263,0.812563,0.818631,0.82549,0.83362,0.84423,0.861151,0.856571,0.858019,0.861545,0.86097,0.861901,0.864916,0.869125,0.869079,0.869125
0.778933,0.779219,0.778933,0.778251,0.777432,0.776673,0.776086,0.77571,0.775537,0.775544,0.775722,0.776095,0.776661,0.777295,0.777649,0.777318,0.776897,0.776925,0.777714,0.779424,0.78213,0.785854,0.79054,0.796005,0.801876,0.807751,0.81415,0.821589,0.830442,0.840985,0.853211,0.865277,0.864931,0.864175,0.864041,0.859062,0.854762,0.851862,0.850248,0.849698,0.850087,0.851479,0.85428,0.859857,0.872418,0.867852,0.874571,0.858449,0.849152,0.843384,0.839701,0.837191,0.835182,0.833815,0.833303,0.833816,0.835537,0.838698,0.843607,0.85058,0.859186,0.86327,0.862803,0.863836,0.866575,0.870219,0.873405,0.878631,0.862544,0.850467,0.83989,0.830393,0.821956,0.814617,0.808406,0.803337,0.79941,0.796614,0.794925,0.794315,0.794752,0.796201,0.798637,0.802034,0.806371,0.811629,0.817814,0.825007,0.833395,0.843049,0.852983,0.85641,0.85825,0.860293,0.862106,0.8655,0.871948,0.884526,0.879825,0.884526
0.782455,0.782702,0.782455,0.7818,0.780909,0.779957,0.779086,0.77839,0.777935,0.777774,0.777972,0.778612,0.779742,0.781204,0.782216,0.780948,0.779388,0.778474,0.77851,0.779566,0.781641,0.784697,0.788659,0.793394,0.798727,0.804554,0.811068,0.818552,0.82729,0.837643,0.85041,0.868509,0.864484,0.866879,0.875862,0.864886,0.859707,0.857276,0.856525,0.856835,0.857885,0.859561,0.86183,0.865143,0.869203,0.868669,0.867959,0.861133,0.854926,0.850456,0.847552,0.845423,0.842591,0.840196,0.838778,0.838549,0.839658,0.842318,0.846956,0.854674,0.869073,0.863614,0.863083,0.865051,0.868911,0.874209,0.875174,0.870319,0.858492,0.846678,0.836031,0.826659,0.818523,0.811588,0.805826,0.801214,0.797729,0.79534,0.794012,0.7937,0.794357,0.79594,0.798421,0.801792,0.80607,0.81129,0.817521,0.824876,0.833466,0.843167,0.852921,0.859443,0.859885,0.860884,0.863275,0.867668,0.874483,0.882781,0.882815,0.882781
0.787846,0.788135,0.787846,0.787045,0.785903,0.784617,0.783364,0.782284,0.781491,0.781096,0.781233,0.782094,0.783947,0.787024,0.790526,0.786329,0.782688,0.780531,0.77974,0.780147,0.781631,0.784104,0.787481,0.791669,0.796578,0.802175,0.808537,0.815793,0.824072,0.833457,0.843871,0.854401,0.859236,0.864618,0.870492,0.866534,0.863516,0.862617,0.863345,0.864839,0.866662,0.868662,0.86995,0.871303,0.872212,0.871291,0.869089,0.864811,0.860565,0.857556,0.856219,0.855941,0.851144,0.847175,0.844636,0.843515,0.843803,0.845539,0.848811,0.853687,0.859534,0.86065,0.862481,0.865997,0.87144,0.884169,0.884405,0.87061,0.856038,0.84331,0.832465,0.823237,0.815425,0.808907,0.803606,0.799467,0.796446,0.794497,0.793569,0.793602,0.794526,0.796274,0.79881,0.802147,0.806336,0.811459,0.817637,0.825053,0.833988,0.844811,0.85769,0.870166,0.862575,0.861696,0.864061,0.86904,0.877174,0.890952,0.88753,0.890952
0.795221,0.795612,0.795221,0.794101,0.792508,0.790711,0.788932,0.78735,0.786109,0.785346,0.785231,0.786045,0.788391,0.793892,0.808012,0.792626,0.785968,0.782679,0.781233,0.78111,0.782095,0.784073,0.786965,0.790703,0.795234,0.800534,0.806624,0.813539,0.821291,0.829801,0.838796,0.84759,0.855049,0.863487,0.876585,0.868864,0.866824,0.867946,0.871017,0.874134,0.876889,0.8801,0.879638,0.87954,0.878685,0.876827,0.873924,0.870079,0.866581,0.864592,0.86543,0.872582,0.860465,0.854312,0.850659,0.848654,0.848081,0.84881,0.850653,0.85333,0.856338,0.858583,0.861813,0.866637,0.868316,0.872081,0.873203,0.873309,0.853342,0.839641,0.828844,0.819941,0.812561,0.806525,0.801729,0.798101,0.795583,0.794121,0.793654,0.794101,0.795358,0.797311,0.799895,0.803151,0.807178,0.812095,0.818047,0.825259,0.834183,0.845984,0.864469,0.862013,0.860171,0.860877,0.863853,0.868887,0.875863,0.883918,0.887062,0.883918
0.804808,0.805357,0.804808,0.803114,0.800798,0.798262,0.795778,0.793547,0.791718,0.790416,0.789766,0.789934,0.791154,0.793627,0.796517,0.791679,0.787348,0.784449,0.782863,0.782427,0.783028,0.784596,0.787077,0.790426,0.794608,0.799601,0.805395,0.811973,0.819289,0.827216,0.835494,0.843703,0.851487,0.859312,0.866571,0.867143,0.868593,0.872954,0.880276,0.885431,0.888301,0.896863,0.89061,0.890182,0.887807,0.885052,0.881338,0.876633,0.87271,0.870421,0.869951,0.87031,0.865433,0.860551,0.856629,0.853953,0.852645,0.852559,0.853255,0.854243,0.85551,0.857142,0.861167,0.872048,0.864736,0.864271,0.864655,0.858127,0.845982,0.834643,0.82488,0.816662,0.809875,0.804414,0.800187,0.797121,0.795155,0.794239,0.794312,0.79528,0.796984,0.799212,0.801808,0.804891,0.808644,0.813218,0.818731,0.825301,0.833062,0.84206,0.851457,0.854861,0.856831,0.859402,0.863205,0.86842,0.875117,0.883452,0.894545,0.883452
0.817045,0.817699,0.817045,0.814251,0.810802,0.807251,0.80386,0.800822,0.798279,0.796312,0.794961,0.794246,0.794144,0.794427,0.794241,0.791703,0.78877,0.786371,0.78481,0.784169,0.78446,0.785673,0.787792,0.790795,0.79466,0.799365,0.804888,0.811191,0.81821,0.825829,0.833824,0.84182,0.849477,0.857314,0.864869,0.866167,0.869078,0.876638,0.893351,0.900671,0.895687,0.897893,0.897424,0.904441,0.898972,0.895897,0.891394,0.884047,0.878843,0.876061,0.875275,0.874905,0.872029,0.867441,0.862961,0.859483,0.857587,0.857125,0.857163,0.85648,0.85592,0.854915,0.855279,0.8573,0.85593,0.857233,0.864639,0.850171,0.839402,0.829633,0.820919,0.813482,0.807382,0.802577,0.798986,0.796534,0.795167,0.794855,0.795566,0.797212,0.799579,0.802244,0.804737,0.807468,0.810804,0.814926,0.819892,0.825698,0.832266,0.839316,0.846033,0.850746,0.854494,0.858308,0.862763,0.868099,0.874372,0.881883,0.892937,0.881883
0.832948,0.832875,0.832948,0.827566,0.822425,0.81759,0.813089,0.809101,0.805757,0.80308,0.801005,0.79943,0.798235,0.797181,0.795803,0.793604,0.791133,0.788925,0.787305,0.786447,0.786437,0.787316,0.789097,0.791781,0.795357,0.799809,0.805107,0.811211,0.818065,0.825611,0.833717,0.841854,0.848878,0.857205,0.871044,0.865202,0.866544,0.872811,0.884164,0.898864,0.89756,0.903279,0.898437,0.903017,0.90943,0.909848,0.905966,0.890975,0.884199,0.88135,0.881821,0.883648,0.881971,0.875849,0.869909,0.865041,0.862704,0.862798,0.863398,0.860199,0.85838,0.852922,0.849337,0.847553,0.846056,0.845699,0.845818,0.840111,0.833395,0.825123,0.81722,0.81049,0.805109,0.801029,0.798144,0.796356,0.795616,0.79594,0.797374,0.799919,0.803373,0.806953,0.808936,0.810952,0.8137,0.817317,0.821749,0.826881,0.83255,0.838477,0.8442,0.849191,0.853695,0.858181,0.863056,0.868469,0.874027,0.878426,0.881652,0.878426
0.855865,0.84946,0.855865,0.842186,0.835278,0.829124,0.823326,0.818249,0.814074,0.810746,0.808048,0.805727,0.803679,0.801748,0.799674,0.797261,0.794713,0.792367,0.790511,0.789347,0.788997,0.789529,0.790978,0.793357,0.796669,0.800903,0.806029,0.811998,0.818761,0.826379,0.83514,0.844577,0.848568,0.853189,0.858234,0.858675,0.860707,0.865534,0.873288,0.88314,0.894092,0.890696,0.89171,0.901454,0.899283,0.901631,0.903958,0.89136,0.887286,0.88497,0.888665,0.897551,0.898012,0.885718,0.877415,0.86969,0.867008,0.869582,0.875053,0.864151,0.866088,0.850655,0.843188,0.839106,0.836628,0.835276,0.834408,0.832637,0.830505,0.821793,0.813881,0.807668,0.803044,0.799789,0.797701,0.796623,0.796493,0.797407,0.799564,0.803218,0.808547,0.814773,0.814618,0.815225,0.817251,0.820425,0.824445,0.829079,0.834135,0.839414,0.844681,0.849713,0.854514,0.859275,0.864428,0.870321,0.876481,0.877789,0.87847,0.877789
0.855423,0.854824,0.855423,0.851613,0.848939,0.841853,0.83438,0.828025,0.823067,0.819298,0.816225,0.81326,0.810509,0.807959,0.80538,0.802543,0.799579,0.7968,0.794504,0.79291,0.792151,0.792303,0.793407,0.795485,0.79855,0.802602,0.807618,0.813512,0.820134,0.827552,0.83745,0.854328,0.849217,0.850346,0.851634,0.852167,0.853686,0.85695,0.86195,0.867973,0.873552,0.875371,0.877927,0.882697,0.886305,0.895125,0.888557,0.884891,0.890278,0.884238,0.891982,0.889547,0.896621,0.893257,0.885989,0.870926,0.867682,0.875101,0.865675,0.856885,0.850943,0.842016,0.835234,0.830632,0.827641,0.825937,0.825464,0.827086,0.835754,0.819203,0.810368,0.804772,0.801115,0.798881,0.797743,0.797435,0.797819,0.799126,0.801758,0.806346,0.814339,0.830502,0.821064,0.819607,0.821186,0.824226,0.828072,0.832409,0.83706,0.841937,0.846979,0.852061,0.856974,0.861586,0.866682,0.87354,0.885428,0.879424,0.878299,0.879424
0.860991,0.860586,0.860991,0.861497,0.868601,0.856544,0.845877,0.837954,0.832409,0.828687,0.82582,0.822099,0.818652,0.815712,0.81285,0.809454,0.805758,0.80224,0.799283,0.797121,0.795876,0.795608,0.796347,0.798116,0.800938,0.804842,0.809839,0.815821,0.822246,0.827794,0.83435,0.842145,0.845217,0.848939,0.847382,0.846271,0.846519,0.848237,0.851205,0.854874,0.858407,0.860949,0.863573,0.866757,0.869776,0.872912,0.871918,0.871029,0.872078,0.87138,0.873396,0.873702,0.875041,0.873017,0.868391,0.861976,0.859319,0.860074,0.857283,0.848377,0.84038,0.832812,0.826668,0.822102,0.818919,0.816917,0.815974,0.81604,0.816462,0.810432,0.805137,0.801446,0.799267,0.798374,0.798453,0.799049,0.79972,0.801016,0.8035,0.807582,0.813486,0.820423,0.821069,0.822488,0.825201,0.828767,0.83276,0.836984,0.841328,0.845873,0.850826,0.856175,0.861342,0.865029,0.868797,0.873365,0.878125,0.877829,0.877524,0.877829
0.86807,0.867147,0.86807,0.866394,0.867987,0.871448,0.856214,0.847071,0.841487,0.838771,0.837816,0.832201,0.827822,0.824912,0.822374,0.818179,0.813265,0.808619,0.804764,0.801907,0.800113,0.799393,0.799748,0.801186,0.803743,0.807494,0.812591,0.819213,0.826777,0.828578,0.831573,0.836262,0.842151,0.854398,0.844273,0.840601,0.839466,0.839862,0.841353,0.843513,0.845863,0.848058,0.850279,0.852604,0.854758,0.856466,0.85681,0.856859,0.857261,0.857439,0.858158,0.858463,0.858466,0.857017,0.854208,0.850885,0.849157,0.850205,0.856614,0.840552,0.830963,0.823746,0.818075,0.813732,0.810552,0.80837,0.807005,0.806168,0.805154,0.802446,0.799811,0.798112,0.797633,0.798391,0.800144,0.802086,0.802495,0.803222,0.805149,0.808511,0.813126,0.818171,0.821841,0.825616,0.82991,0.834435,0.838779,0.843009,0.846974,0.850986,0.855871,0.862077,0.868803,0.870012,0.871743,0.874634,0.877524,0.87789,0.877782,0.87789
0.879371,0.873485,0.879371,0.869645,0.867129,0.866506,0.862064,0.854214,0.849271,0.848663,0.856039,0.842626,0.837072,0.835284,0.835095,0.829155,0.822025,0.815722,0.810752,0.80713,0.804773,0.803601,0.803562,0.804639,0.806857,0.810312,0.815341,0.823197,0.838618,0.829719,0.82866,0.830744,0.834302,0.838331,0.836291,0.833968,0.832454,0.831964,0.832408,0.83354,0.835059,0.836729,0.838475,0.84022,0.841789,0.842988,0.843603,0.843942,0.844273,0.844565,0.844943,0.845133,0.844953,0.843982,0.842144,0.839793,0.83781,0.836571,0.835216,0.827829,0.820735,0.814677,0.809689,0.805725,0.802706,0.800522,0.799023,0.797983,0.797052,0.795891,0.79505,0.795055,0.796257,0.79891,0.803147,0.808159,0.806458,0.805734,0.806872,0.809702,0.813862,0.818829,0.824049,0.829772,0.835945,0.841847,0.846484,0.850879,0.854158,0.856824,0.861198,0.869077,0.883411,0.876105,0.875164,0.877545,0.881092,0.880069,0.879472,0.880069
0.870236,0.869684,0.870236,0.867314,0.866002,0.867005,0.872934,0.860051,0.854308,0.852162,0.851665,0.846767,0.844125,0.845619,0.85513,0.842872,0.831496,0.823021,0.816907,0.812599,0.809755,0.808179,0.807763,0.808457,0.810244,0.813074,0.816789,0.821157,0.825916,0.824574,0.824157,0.825305,0.827546,0.829904,0.830157,0.828089,0.825977,0.82469,0.824335,0.824742,0.825668,0.826889,0.828243,0.829585,0.830768,0.831674,0.83225,0.832615,0.832908,0.833188,0.8335,0.833757,0.833815,0.833396,0.832171,0.829908,0.827289,0.824622,0.821415,0.816366,0.811009,0.806065,0.801797,0.798286,0.795531,0.79349,0.792081,0.791186,0.790676,0.790508,0.790935,0.792292,0.794925,0.799342,0.806882,0.82246,0.810956,0.807896,0.808415,0.811083,0.815315,0.820771,0.827298,0.835034,0.843817,0.852103,0.856019,0.861461,0.863559,0.862558,0.864634,0.87125,0.88488,0.877474,0.876903,0.880933,0.890882,0.883472,0.881617,0.883472
0.866202,0.866408,0.866202,0.864997,0.86418,0.864201,0.864542,0.860356,0.857347,0.855607,0.853285,0.850239,0.848621,0.84952,0.853263,0.857286,0.839624,0.829497,0.822786,0.818126,0.814983,0.813109,0.812366,0.812695,0.814104,0.816472,0.819112,0.820264,0.82086,0.820048,0.819631,0.820319,0.822222,0.825133,0.8279,0.823802,0.820223,0.818028,0.817043,0.816969,0.817527,0.818467,0.819575,0.820662,0.82158,0.822249,0.822669,0.822921,0.823115,0.823342,0.823675,0.824143,0.824716,0.825178,0.824796,0.821935,0.818368,0.81476,0.810996,0.806743,0.80239,0.798291,0.794654,0.791586,0.789136,0.787315,0.786109,0.785489,0.78544,0.786012,0.787372,0.789738,0.793301,0.79815,0.804092,0.809903,0.808529,0.807995,0.809324,0.81242,0.817075,0.823179,0.83089,0.840815,0.853767,0.868329,0.865631,0.877003,0.877676,0.866833,0.865152,0.868044,0.873069,0.873654,0.875684,0.880055,0.885604,0.882975,0.881704,0.882975
0.86479,0.865163,0.86479,0.86391,0.863137,0.862697,0.862294,0.861097,0.860722,0.861237,0.857225,0.853876,0.852187,0.852167,0.852714,0.850391,0.841788,0.834108,0.828154,0.823666,0.820468,0.818431,0.817417,0.817372,0.818529,0.821128,0.824455,0.821463,0.818748,0.816664,0.815532,0.815653,0.81743,0.822051,0.834057,0.820538,0.81462,0.811689,0.810367,0.810095,0.810533,0.811409,0.812463,0.813447,0.814179,0.814613,0.814795,0.814828,0.814832,0.814931,0.815257,0.815969,0.817276,0.819352,0.821446,0.81621,0.811022,0.806582,0.802587,0.798734,0.795022,0.791552,0.788431,0.785753,0.783592,0.782003,0.781026,0.780695,0.781057,0.782203,0.784282,0.787468,0.79188,0.797362,0.802941,0.806051,0.806781,0.807746,0.809984,0.813721,0.818916,0.825526,0.833824,0.845147,0.863707,0.862295,0.862797,0.866451,0.866729,0.863571,0.862719,0.86433,0.867334,0.870029,0.873766,0.87965,0.890163,0.882775,0.880904,0.882775
0.865502,0.866284,0.865502,0.864334,0.863378,0.862769,0.862456,0.862626,0.864817,0.873007,0.862108,0.857451,0.85568,0.855843,0.85663,0.851369,0.844606,0.838557,0.833604,0.829458,0.826327,0.824261,0.82303,0.822378,0.823045,0.826592,0.83766,0.823921,0.817539,0.813855,0.811707,0.810857,0.811322,0.813125,0.815442,0.811211,0.807555,0.805258,0.804161,0.804026,0.80462,0.805693,0.80694,0.808007,0.808603,0.808754,0.808597,0.80829,0.807982,0.807821,0.807982,0.808728,0.810599,0.815044,0.826965,0.811968,0.804448,0.799472,0.795539,0.792083,0.788902,0.785948,0.783246,0.780877,0.778944,0.777545,0.776763,0.776672,0.777356,0.778929,0.781555,0.78545,0.790873,0.797972,0.805763,0.806091,0.806309,0.807739,0.810663,0.815089,0.820879,0.827733,0.835297,0.843827,0.852646,0.855964,0.858428,0.8609,0.860843,0.859623,0.85944,0.860845,0.863534,0.866991,0.871339,0.876265,0.87997,0.878711,0.878014,0.878711
0.868222,0.870589,0.868222,0.866163,0.864887,0.864161,0.86375,0.863748,0.864534,0.865816,0.862364,0.859744,0.85884,0.860498,0.868199,0.855443,0.84829,0.843478,0.83981,0.835786,0.832668,0.830798,0.829606,0.827603,0.826222,0.826081,0.826507,0.820566,0.815161,0.811032,0.808103,0.806264,0.805394,0.805206,0.804902,0.802824,0.800645,0.799132,0.798497,0.798733,0.799735,0.801311,0.80311,0.80455,0.804985,0.804718,0.804065,0.803266,0.802497,0.801904,0.801637,0.801879,0.802868,0.804787,0.806879,0.801773,0.796838,0.79282,0.789508,0.786643,0.784036,0.781565,0.779196,0.77703,0.775225,0.77393,0.773265,0.77333,0.774223,0.776065,0.779024,0.783376,0.789674,0.799388,0.817561,0.807753,0.806137,0.807753,0.81136,0.816622,0.823317,0.830784,0.837368,0.8438,0.848685,0.852092,0.855659,0.859494,0.857734,0.856247,0.856186,0.85769,0.860586,0.864686,0.86997,0.875741,0.876391,0.875732,0.875378,0.875732
0.872258,0.881257,0.872258,0.868831,0.867466,0.866856,0.866253,0.8657,0.865373,0.864979,0.863402,0.86193,0.861046,0.860722,0.860662,0.855516,0.851221,0.848833,0.847942,0.842775,0.839317,0.838215,0.838543,0.833755,0.829705,0.826549,0.82327,0.818208,0.813034,0.808528,0.804919,0.802211,0.800291,0.798909,0.797641,0.796043,0.794564,0.793625,0.793458,0.794167,0.795774,0.798206,0.80114,0.803607,0.803577,0.802573,0.801187,0.799718,0.798341,0.797163,0.796283,0.795788,0.795709,0.795868,0.795505,0.79291,0.789805,0.786949,0.784509,0.782419,0.780506,0.778547,0.776405,0.77428,0.772451,0.771137,0.770487,0.77061,0.771595,0.773539,0.776562,0.780826,0.78654,0.793844,0.80186,0.80274,0.804243,0.807293,0.811925,0.818252,0.826526,0.836275,0.841163,0.846902,0.847792,0.849658,0.854226,0.865293,0.85596,0.853052,0.852971,0.854751,0.858048,0.86282,0.869742,0.881982,0.875763,0.874091,0.873674,0.874091
0.872357,0.874464,0.872357,0.871063,0.870914,0.871168,0.870327,0.869047,0.867899,0.866944,0.865951,0.865143,0.864303,0.862294,0.859821,0.85634,0.85384,0.854279,0.86194,0.849631,0.845183,0.845768,0.854168,0.840727,0.833848,0.828688,0.823355,0.817493,0.811758,0.80664,0.802339,0.798871,0.796146,0.793993,0.792201,0.79063,0.789431,0.788831,0.789028,0.790187,0.792478,0.796093,0.801139,0.806663,0.80465,0.802313,0.79989,0.797577,0.795481,0.793619,0.792035,0.790773,0.789806,0.788961,0.787853,0.786045,0.784003,0.782136,0.780633,0.779486,0.778485,0.777174,0.775052,0.772688,0.770611,0.769124,0.768384,0.768475,0.769457,0.771385,0.774315,0.77829,0.783291,0.789078,0.794799,0.798609,0.802311,0.806763,0.812317,0.819471,0.829809,0.848195,0.845682,0.856443,0.847513,0.846115,0.847897,0.851018,0.849365,0.84863,0.849494,0.851897,0.855643,0.860419,0.865829,0.871455,0.872231,0.872832,0.872773,0.872832
0.873278,0.873519,0.873278,0.873779,0.875592,0.878204,0.876471,0.873889,0.871856,0.870572,0.869937,0.870007,0.870349,0.865944,0.861599,0.857787,0.855117,0.854102,0.854377,0.850216,0.847597,0.84709,0.847662,0.842711,0.83783,0.832553,0.825508,0.818179,0.811385,0.805445,0.800426,0.796283,0.792916,0.790202,0.788023,0.786324,0.785176,0.784717,0.785111,0.786556,0.78934,0.794038,0.80216,0.818768,0.807552,0.803643,0.799983,0.796713,0.793876,0.791283,0.788951,0.786945,0.78526,0.783796,0.782379,0.780889,0.779494,0.778427,0.777866,0.77787,0.778234,0.778071,0.775394,0.772257,0.769626,0.76781,0.76689,0.766889,0.767815,0.769677,0.772476,0.776188,0.780725,0.785857,0.79114,0.796083,0.801135,0.806643,0.812634,0.819042,0.826601,0.835165,0.838514,0.842418,0.841292,0.840977,0.84182,0.843111,0.843446,0.8442,0.84607,0.849298,0.853812,0.858998,0.863322,0.867412,0.870508,0.873871,0.873391,0.873871
0.87509,0.874693,0.87509,0.876822,0.88111,0.891231,0.885104,0.879819,0.876697,0.87518,0.874849,0.876226,0.882772,0.871153,0.864458,0.859698,0.85634,0.854235,0.85285,0.850849,0.849487,0.848919,0.848264,0.846203,0.843778,0.839742,0.829492,0.81986,0.811677,0.804834,0.799133,0.794407,0.790518,0.787354,0.784836,0.782938,0.7817,0.781216,0.781613,0.783056,0.785766,0.790044,0.796196,0.803597,0.804659,0.806227,0.801186,0.796906,0.793516,0.790169,0.78702,0.784269,0.781966,0.780054,0.778445,0.777103,0.77612,0.775673,0.775991,0.777353,0.779969,0.78294,0.777651,0.772771,0.76927,0.767038,0.765918,0.765815,0.766679,0.768475,0.771171,0.774719,0.77903,0.783957,0.789306,0.794942,0.801007,0.807551,0.814059,0.818997,0.823937,0.828916,0.832363,0.835002,0.835839,0.836256,0.836874,0.837739,0.838691,0.840235,0.842873,0.847007,0.852909,0.860049,0.862668,0.86599,0.870148,0.880392,0.874687,0.880392
0.877208,0.876707,0.877208,0.878948,0.882446,0.888183,0.894555,0.885232,0.881575,0.880241,0.87969,0.87892,0.878378,0.873071,0.867,0.861815,0.857914,0.855246,0.853534,0.852436,0.852173,0.852424,0.85186,0.851641,0.852915,0.854716,0.834409,0.821625,0.812147,0.804586,0.798361,0.79318,0.788873,0.785332,0.782499,0.780356,0.778932,0.778294,0.778531,0.779756,0.782092,0.785656,0.790472,0.796269,0.802766,0.816931,0.803128,0.797701,0.7946,0.790339,0.786165,0.782615,0.779746,0.777471,0.775703,0.774415,0.773665,0.773607,0.774529,0.777041,0.782811,0.797539,0.780959,0.773355,0.769089,0.766593,0.765364,0.765212,0.766049,0.767815,0.770463,0.773939,0.778179,0.783108,0.788663,0.794864,0.801901,0.810011,0.81858,0.820486,0.822778,0.825755,0.828582,0.830952,0.832373,0.832903,0.833251,0.833851,0.834914,0.836752,0.839762,0.844535,0.852367,0.867234,0.862927,0.865356,0.865334,0.867132,0.866215,0.867132
0.87973,0.879359,0.87973,0.880964,0.883194,0.886164,0.888426,0.886636,0.885781,0.886168,0.886397,0.88303,0.880394,0.877386,0.870281,0.86426,0.859861,0.856903,0.855202,0.854783,0.855941,0.858339,0.856704,0.857182,0.863121,0.847997,0.833362,0.821622,0.81222,0.804505,0.798037,0.792562,0.787935,0.784072,0.780933,0.778512,0.776836,0.775951,0.775919,0.776802,0.778653,0.781488,0.785245,0.789734,0.794706,0.799927,0.798196,0.797666,0.798333,0.791902,0.786158,0.781749,0.778393,0.775837,0.773937,0.77264,0.771969,0.772013,0.772928,0.774928,0.778165,0.781671,0.776756,0.77205,0.768581,0.76632,0.765169,0.765057,0.765925,0.767715,0.770372,0.773847,0.778099,0.783101,0.788854,0.795441,0.803225,0.813531,0.831301,0.823126,0.822478,0.824292,0.826811,0.82941,0.831357,0.831294,0.830937,0.831065,0.831928,0.833666,0.836461,0.840586,0.84639,0.853728,0.85807,0.868794,0.860322,0.858214,0.857532,0.858214
0.883036,0.882915,0.883036,0.883634,0.884855,0.886515,0.88801,0.888767,0.890405,0.893913,0.898361,0.888063,0.88443,0.887442,0.874107,0.866703,0.861977,0.858908,0.857187,0.857155,0.86007,0.869894,0.86104,0.858867,0.853229,0.842376,0.83098,0.820818,0.812126,0.80468,0.798214,0.792579,0.787705,0.783554,0.780109,0.777381,0.7754,0.774207,0.773842,0.774334,0.775685,0.77786,0.780757,0.784192,0.787885,0.791371,0.793557,0.797928,0.81066,0.794261,0.78629,0.781293,0.7777,0.775003,0.773019,0.771687,0.771004,0.770998,0.771691,0.773033,0.774709,0.775691,0.7738,0.770959,0.768308,0.766374,0.765371,0.765358,0.766316,0.768187,0.770908,0.774429,0.77873,0.783814,0.789689,0.796313,0.803533,0.811115,0.818805,0.819783,0.821257,0.823672,0.826509,0.830076,0.83391,0.831539,0.829694,0.829103,0.829624,0.831087,0.833398,0.836533,0.840465,0.844818,0.848439,0.852053,0.850561,0.849478,0.849093,0.849478
0.887519,0.88788,0.887519,0.887336,0.887734,0.888691,0.889997,0.891681,0.894824,0.902394,0.894993,0.888093,0.883477,0.880332,0.873639,0.868088,0.864049,0.861171,0.859089,0.858183,0.858899,0.861098,0.860306,0.865623,0.85015,0.838874,0.828918,0.820078,0.812305,0.805379,0.799051,0.793317,0.788225,0.783793,0.780027,0.776955,0.774625,0.773082,0.772357,0.772454,0.773346,0.774964,0.777192,0.77986,0.782748,0.785597,0.788221,0.791324,0.794467,0.789681,0.784921,0.780896,0.777569,0.774908,0.772899,0.771532,0.770809,0.770728,0.771253,0.772253,0.773401,0.774038,0.773246,0.771123,0.768758,0.766935,0.76602,0.766125,0.76723,0.769251,0.772091,0.775685,0.780037,0.785206,0.791255,0.798083,0.804986,0.81011,0.814557,0.817482,0.820634,0.824173,0.827028,0.83203,0.844231,0.832816,0.828752,0.827583,0.827934,0.829219,0.831074,0.833251,0.835696,0.838222,0.840408,0.842016,0.841983,0.841636,0.841477,0.841636
0.893487,0.89523,0.893487,0.892119,0.891715,0.892184,0.893271,0.894806,0.896494,0.897032,0.892801,0.887502,0.882708,0.87842,0.873663,0.869587,0.866578,0.864251,0.861423,0.859195,0.857853,0.856903,0.855075,0.852796,0.844464,0.835621,0.82729,0.819805,0.813156,0.806984,0.800788,0.794896,0.789558,0.784832,0.780709,0.777241,0.77451,0.772584,0.771492,0.771224,0.771726,0.772908,0.774641,0.776766,0.779113,0.78152,0.78388,0.78616,0.787692,0.786555,0.784286,0.781267,0.778229,0.775614,0.773584,0.772179,0.771417,0.771299,0.771787,0.772772,0.774057,0.775266,0.775475,0.772974,0.77011,0.768025,0.767085,0.76733,0.768668,0.770938,0.773967,0.777638,0.78199,0.787191,0.793527,0.801276,0.809727,0.811303,0.813359,0.816488,0.821161,0.826905,0.82695,0.828345,0.831072,0.828305,0.82647,0.826095,0.826862,0.828336,0.829984,0.831265,0.832411,0.833539,0.834528,0.835198,0.835299,0.835185,0.835119,0.835185
0.900753,0.907743,0.900753,0.897609,0.896494,0.896731,0.897772,0.899452,0.900994,0.89812,0.893347,0.888068,0.883085,0.878621,0.874643,0.871648,0.870046,0.869451,0.864768,0.860929,0.858021,0.855191,0.851895,0.847616,0.840871,0.833417,0.826363,0.82023,0.81505,0.810123,0.803718,0.797405,0.791755,0.786736,0.782196,0.778242,0.775039,0.772696,0.771247,0.770664,0.770871,0.771747,0.773146,0.774905,0.776875,0.778954,0.781088,0.783218,0.78506,0.786036,0.785869,0.78312,0.779926,0.777189,0.775095,0.773633,0.772826,0.772711,0.773271,0.77444,0.776239,0.778949,0.781868,0.77664,0.772127,0.769413,0.768404,0.768883,0.770614,0.773314,0.776653,0.780371,0.78456,0.789517,0.795875,0.805269,0.822861,0.813535,0.812615,0.815481,0.822157,0.836886,0.827073,0.824882,0.824967,0.824413,0.824276,0.825015,0.826632,0.828831,0.830816,0.830972,0.830707,0.830555,0.830533,0.830515,0.830394,0.830253,0.830192,0.830253
0.905859,0.907105,0.905859,0.902752,0.9016,0.902153,0.903315,0.905922,0.911596,0.902789,0.896074,0.89,0.884597,0.87998,0.876277,0.873946,0.874137,0.880365,0.868889,0.863344,0.859715,0.855545,0.851291,0.846487,0.83956,0.832372,0.82606,0.821237,0.818214,0.816254,0.80806,0.800742,0.794801,0.78963,0.784557,0.779946,0.776157,0.773359,0.771578,0.770757,0.770786,0.771508,0.772738,0.774281,0.775984,0.777792,0.779762,0.782029,0.784765,0.788133,0.791507,0.786885,0.782628,0.779577,0.777429,0.77588,0.774993,0.774898,0.775598,0.776929,0.778967,0.783885,0.797873,0.781048,0.773796,0.770537,0.769677,0.770627,0.773037,0.776502,0.780415,0.784097,0.787834,0.791922,0.79668,0.802575,0.809102,0.808888,0.809606,0.812195,0.816641,0.822005,0.821124,0.820689,0.821046,0.821651,0.82275,0.824605,0.82737,0.831092,0.835035,0.83266,0.830444,0.828999,0.828092,0.827491,0.827065,0.826796,0.826702,0.826796
0.914521,0.910659,0.914521,0.907633,0.906691,0.908654,0.909106,0.911023,0.910762,0.907058,0.899838,0.892928,0.886978,0.882074,0.87818,0.875357,0.873829,0.873246,0.868704,0.86546,0.86356,0.857582,0.85283,0.849065,0.84008,0.832008,0.825811,0.82198,0.821846,0.830143,0.813037,0.804199,0.798563,0.793902,0.787924,0.782285,0.777736,0.77445,0.77239,0.771442,0.771448,0.772205,0.773463,0.774946,0.776439,0.777923,0.779598,0.781836,0.785306,0.791701,0.806625,0.791759,0.785589,0.782525,0.780619,0.778921,0.77782,0.777742,0.778748,0.780171,0.780274,0.781222,0.783022,0.777349,0.772921,0.770709,0.770583,0.772359,0.775854,0.780699,0.785873,0.789238,0.792234,0.795145,0.79784,0.800756,0.803598,0.804826,0.806245,0.808573,0.81174,0.814908,0.816269,0.817242,0.818416,0.819938,0.822009,0.82483,0.828701,0.834692,0.847138,0.835748,0.830968,0.828457,0.826898,0.825842,0.82513,0.824712,0.824574,0.824712
0.908934,0.908196,0.908934,0.908268,0.910574,0.918369,0.915136,0.920007,0.915076,0.916543,0.904977,0.896567,0.889976,0.884809,0.880658,0.87711,0.874213,0.87172,0.868846,0.86785,0.8731,0.859997,0.854979,0.858452,0.841259,0.831325,0.824739,0.820563,0.818584,0.817909,0.811264,0.805958,0.802841,0.800974,0.792426,0.784997,0.779504,0.775764,0.773535,0.772615,0.772801,0.773846,0.775409,0.77705,0.778357,0.779318,0.780332,0.781874,0.784394,0.788222,0.792613,0.789422,0.786917,0.785782,0.785066,0.782824,0.781083,0.780963,0.782941,0.786195,0.782199,0.779174,0.777113,0.773862,0.771283,0.77024,0.771032,0.773819,0.778778,0.78603,0.794616,0.796227,0.798205,0.800076,0.800273,0.800514,0.801216,0.802083,0.803487,0.80563,0.808357,0.811148,0.813334,0.815127,0.816972,0.819211,0.82206,0.825552,0.829466,0.833402,0.836895,0.833792,0.830783,0.828516,0.826751,0.825397,0.824449,0.823895,0.823715,0.823895
0.906454,0.905956,0.906454,0.907634,0.910674,0.915323,0.914777,0.915519,0.914705,0.914697,0.908655,0.900067,0.893217,0.888183,0.884182,0.879854,0.875827,0.872209,0.868735,0.865619,0.86297,0.855936,0.850236,0.845875,0.836754,0.828848,0.8228,0.818481,0.815551,0.813172,0.809671,0.807032,0.807372,0.816226,0.797288,0.78724,0.780976,0.777015,0.774819,0.774126,0.774739,0.776415,0.77873,0.78094,0.782077,0.782121,0.781997,0.782399,0.783644,0.785656,0.78767,0.787876,0.788351,0.790091,0.79251,0.787696,0.784188,0.783549,0.787326,0.800945,0.78462,0.777625,0.773851,0.771157,0.769554,0.76938,0.770935,0.774558,0.780871,0.791502,0.811824,0.804345,0.805779,0.80818,0.804165,0.801312,0.800172,0.800306,0.801498,0.803614,0.806426,0.809514,0.812315,0.814489,0.816666,0.819409,0.823011,0.827397,0.831766,0.834116,0.834818,0.833305,0.831411,0.829626,0.827742,0.826095,0.824917,0.824249,0.82404,0.824249
0.904989,0.904417,0.904989,0.906842,0.91087,0.919188,0.914841,0.914304,0.915243,0.920598,0.916581,0.903514,0.896314,0.892187,0.889688,0.883946,0.878672,0.874185,0.869894,0.86454,0.85884,0.852142,0.845746,0.839641,0.832598,0.826062,0.820671,0.816539,0.81349,0.811078,0.808728,0.806637,0.804898,0.803368,0.794749,0.787172,0.781605,0.777953,0.776048,0.775777,0.777065,0.779796,0.783612,0.787366,0.788355,0.786554,0.784601,0.783547,0.783594,0.784561,0.786012,0.787536,0.789998,0.795203,0.808673,0.792738,0.785894,0.783189,0.783346,0.784938,0.779182,0.774311,0.770962,0.768807,0.767839,0.768235,0.770218,0.774058,0.780112,0.788766,0.79955,0.805058,0.813898,0.824217,0.808402,0.801901,0.799354,0.798972,0.800086,0.80241,0.805729,0.809687,0.813444,0.815376,0.817326,0.820284,0.82472,0.83081,0.837644,0.838043,0.83652,0.83476,0.833489,0.832392,0.830045,0.827873,0.82642,0.825689,0.825493,0.825689
0.903938,0.903427,0.903938,0.905573,0.908482,0.912185,0.912811,0.913327,0.913078,0.912782,0.909206,0.902787,0.898018,0.896234,0.900103,0.889223,0.882375,0.877602,0.873743,0.865424,0.857315,0.849641,0.842545,0.835916,0.82949,0.823677,0.818816,0.815041,0.812314,0.810436,0.809038,0.807397,0.803719,0.799099,0.792655,0.786564,0.781781,0.778598,0.777093,0.777321,0.7794,0.783552,0.79002,0.798032,0.798896,0.792613,0.787774,0.78506,0.784092,0.784449,0.785754,0.787733,0.790384,0.793539,0.795968,0.790175,0.784937,0.781435,0.779399,0.77775,0.774322,0.770928,0.768327,0.766712,0.766203,0.766942,0.769088,0.772798,0.778214,0.785381,0.794052,0.80395,0.822062,0.813003,0.804841,0.800039,0.797871,0.797639,0.798966,0.801715,0.805905,0.811578,0.817925,0.817771,0.818511,0.821217,0.826323,0.835038,0.851526,0.845462,0.840026,0.837291,0.836957,0.837968,0.83373,0.830484,0.82875,0.828143,0.828099,0.828143
0.903457,0.903106,0.903457,0.904725,0.907005,0.909966,0.912601,0.914824,0.912673,0.909956,0.906376,0.902101,0.898418,0.896304,0.895737,0.892133,0.885655,0.881749,0.883686,0.86772,0.856957,0.848153,0.840452,0.83355,0.827319,0.821881,0.817406,0.81402,0.811805,0.810831,0.811104,0.811703,0.804986,0.798147,0.791689,0.786116,0.781819,0.77902,0.777856,0.778469,0.781121,0.786456,0.796363,0.817339,0.818081,0.79871,0.790298,0.786296,0.784733,0.784861,0.786293,0.788735,0.791746,0.794089,0.792979,0.788537,0.783715,0.77968,0.776528,0.773799,0.770882,0.768198,0.766146,0.764949,0.764754,0.765683,0.767836,0.771282,0.776027,0.781966,0.788814,0.796138,0.803334,0.802415,0.799431,0.797042,0.795949,0.796243,0.797922,0.801081,0.806109,0.814316,0.830441,0.820806,0.819266,0.82129,0.825865,0.833057,0.843158,0.853838,0.842407,0.838991,0.840647,0.850363,0.837986,0.833139,0.831506,0.831586,0.83217,0.831586
0.903754,0.903772,0.903754,0.904559,0.906544,0.90978,0.914512,0.922411,0.914541,0.909697,0.905939,0.902511,0.898934,0.896506,0.896084,0.899589,0.88802,0.881703,0.876837,0.866435,0.856244,0.847147,0.839131,0.832073,0.825903,0.820658,0.816434,0.813348,0.811572,0.811495,0.814358,0.824842,0.807879,0.798306,0.791318,0.785863,0.781819,0.779263,0.778296,0.779033,0.781619,0.78626,0.793127,0.801328,0.802063,0.795342,0.789893,0.786564,0.785153,0.785439,0.787295,0.790648,0.795258,0.799583,0.794807,0.788757,0.783177,0.778502,0.774692,0.771488,0.768653,0.766278,0.764547,0.763618,0.763617,0.764637,0.766733,0.769912,0.774101,0.779109,0.784581,0.789945,0.794229,0.795397,0.794927,0.794244,0.794131,0.794954,0.796895,0.800081,0.804647,0.810663,0.817288,0.817283,0.817992,0.82035,0.824339,0.829731,0.835791,0.84025,0.838352,0.837191,0.837853,0.839684,0.836283,0.834143,0.834108,0.836083,0.838968,0.836083
0.90492,0.906166,0.90492,0.904907,0.906532,0.909801,0.914969,0.92325,0.915097,0.910057,0.906869,0.904759,0.899984,0.896382,0.894181,0.892425,0.886795,0.881857,0.877167,0.866559,0.85604,0.846645,0.83842,0.831263,0.825105,0.819949,0.815849,0.812888,0.811158,0.810736,0.811515,0.812233,0.804893,0.797372,0.790893,0.785667,0.781794,0.779372,0.778489,0.779204,0.781523,0.785308,0.790043,0.794282,0.795001,0.792192,0.788846,0.786389,0.785345,0.785917,0.788274,0.792784,0.800545,0.815676,0.799398,0.789988,0.783201,0.777922,0.773701,0.770254,0.767406,0.765153,0.763579,0.762793,0.762893,0.763947,0.765986,0.768978,0.772808,0.777249,0.781928,0.786315,0.789729,0.791508,0.792125,0.792366,0.792867,0.79404,0.796118,0.7992,0.803242,0.80792,0.812298,0.814578,0.816603,0.819317,0.822957,0.827289,0.831594,0.834595,0.83513,0.835137,0.835463,0.83581,0.834887,0.834603,0.836265,0.841236,0.853109,0.841236
0.90655,0.912747,0.90655,0.905311,0.906576,0.909626,0.914029,0.918266,0.914254,0.910271,0.908419,0.911368,0.901545,0.896534,0.893508,0.890807,0.886538,0.883414,0.885057,0.868216,0.856313,0.846557,0.838209,0.831007,0.824848,0.819716,0.815651,0.812715,0.810951,0.81029,0.810251,0.809199,0.803592,0.796885,0.790695,0.785584,0.781778,0.779401,0.778538,0.779227,0.781422,0.784875,0.788932,0.792242,0.792955,0.791061,0.788387,0.786272,0.785394,0.786083,0.788578,0.793156,0.799963,0.807105,0.79862,0.790075,0.783187,0.77774,0.773389,0.769865,0.767005,0.764783,0.763256,0.762514,0.762644,0.763707,0.765723,0.768648,0.772356,0.776607,0.781033,0.785134,0.788345,0.790266,0.791186,0.791712,0.792417,0.793709,0.795828,0.798859,0.802707,0.806991,0.81093,0.813654,0.816056,0.818895,0.822423,0.826428,0.830258,0.832972,0.834,0.834332,0.834616,0.834772,0.834416,0.834684,0.836678,0.841066,0.846691,0.841066
0,0.906166,0.90492,0.904907,0.906532,0.909801,0.914969,0.92325,0.915097,0.910057,0.906869,0.904759,0.899984,0.896382,0.894181,0.892425,0.886795,0.881857,0.877167,0.866559,0.85604,0.846645,0.83842,0.831263,0.825105,0.819949,0.815849,0.812888,0.811158,0.810736,0.811515,0.812233,0.804893,0.797372,0.790893,0.785667,0.781794,0.779372,0.778489,0.779204,0.781523,0.785308,0.790043,0.794282,0.795001,0.792192,0.788846,0.786389,0.785345,0.785917,0.788274,0.792784,0.800545,0.815676,0.799398,0.789988,0.783201,0.777922,0.773701,0.770254,0.767406,0.765153,0.763579,0.762793,0.762893,0.763947,0.765986,0.768978,0.772808,0.777249,0.781928,0.786315,0.789729,0.791508,0.792125,0.792366,0.792867,0.79404,0.796118,0.7992,0.803242,0.80792,0.812298,0.814578,0.816603,0.819317,0.822957,0.827289,0.831594,0.834595,0.83513,0.835137,0.835463,0.83581,0.834887,0.834603,0.836265,0.841236,0.853109,0
